customer_id,age,gender,city,plan_type,join_date,churned,last_month_usage_gb,complaints_count,loyalty_score
C00001,19,F,Muharraq,Prepaid,2023-12-06,0,6.98,0,0.68
C00002,55,F,Manama,Prepaid,2020-11-08,0,4.68,1,0.51
C00003,53,M,Isa Town,Prepaid,2022-02-08,0,22.46,2,0.81
C00004,28,F,Riffa,Postpaid,2021-11-05,0,7.77,2,0.1
C00005,24,F,Riffa,Postpaid,2024-05-31,1,40.36,5,0.46
C00006,42,M,Riffa,Postpaid,2024-02-12,0,28.87,5,0.07
C00007,36,M,Muharraq,Prepaid,2025-03-12,0,19.01,3,0.64
C00008,28,F,Riffa,Prepaid,2021-03-01,1,33.51,5,0.94
C00009,56,M,Muharraq,Prepaid,2022-11-03,0,23.11,2,0.99
C00010,61,F,Manama,Prepaid,2020-11-17,0,41.09,2,0.4
C00011,31,F,Muharraq,Postpaid,2021-10-28,0,19.78,5,0.46
C00012,26,M,Riffa,Postpaid,2023-04-05,1,44.89,3,0.36
C00013,50,F,Manama,Prepaid,2020-11-11,0,43.06,1,0.63
C00014,56,M,Isa Town,Postpaid,2021-09-22,1,29.79,3,0.53
C00015,61,M,Riffa,Postpaid,2023-12-25,0,5.58,3,0.16
C00016,64,F,Muharraq,Prepaid,2023-06-16,0,43.53,2,0.84
C00017,27,F,Muharraq,Prepaid,2021-10-31,0,29.95,3,0.02
C00018,37,M,Manama,Prepaid,2023-09-05,1,43.9,0,0.09
C00019,22,M,Muharraq,Postpaid,2024-10-11,1,47.34,1,0.27
C00020,31,M,Riffa,Postpaid,2020-10-05,1,49.76,5,0.37
C00021,25,M,Muharraq,Prepaid,2024-10-05,1,16.9,4,0.55
C00022,18,M,Manama,Prepaid,2024-03-22,0,3.37,0,0.86
C00023,50,M,Riffa,Postpaid,2022-06-07,0,10.71,1,0.72
C00024,33,F,Isa Town,Prepaid,2021-07-05,1,4.72,5,0.43
C00025,44,F,Manama,Prepaid,2025-07-08,1,3.03,5,0.34
C00026,33,M,Muharraq,Postpaid,2022-05-31,0,7.01,1,0.28
C00027,22,F,Manama,Prepaid,2021-03-12,0,32.61,4,0.84
C00028,33,M,Isa Town,Postpaid,2021-03-19,0,24.07,3,0.9
C00029,42,M,Isa Town,Postpaid,2024-12-20,0,46.33,3,0.29
C00030,27,M,Riffa,Prepaid,2023-10-02,1,48.44,4,0.74
C00031,65,F,Manama,Prepaid,2024-10-07,0,29.21,4,0.92
C00032,21,M,Muharraq,Prepaid,2024-05-19,0,29.75,5,0.86
C00033,25,M,Manama,Prepaid,2023-05-31,1,20.96,4,0.57
C00034,34,M,Riffa,Prepaid,2025-08-06,1,13.28,1,0.67
C00035,47,F,Manama,Prepaid,2022-08-16,1,22.91,4,1.0
C00036,52,M,Riffa,Prepaid,2023-06-29,0,46.66,0,0.88
C00037,36,M,Isa Town,Postpaid,2024-11-17,1,30.58,5,0.53
C00038,60,M,Muharraq,Postpaid,2023-10-29,1,5.77,0,0.74
C00039,35,F,Muharraq,Postpaid,2025-01-15,0,10.18,5,0.85
C00040,34,M,Manama,Postpaid,2023-08-14,1,41.47,0,0.0
C00041,58,F,Muharraq,Postpaid,2024-04-03,0,27.58,3,0.56
C00042,22,M,Manama,Postpaid,2020-12-16,0,29.13,1,0.43
C00043,37,F,Manama,Postpaid,2021-11-14,0,10.5,1,0.67
C00044,53,F,Muharraq,Prepaid,2022-03-06,1,43.23,1,0.88
C00045,29,F,Isa Town,Prepaid,2021-02-16,0,13.34,5,0.11
C00046,48,M,Muharraq,Postpaid,2021-11-23,0,17.48,1,0.22
C00047,43,F,Riffa,Prepaid,2021-03-27,0,48.34,2,0.35
C00048,61,F,Manama,Prepaid,2022-02-13,1,43.85,2,0.18
C00049,20,M,Isa Town,Postpaid,2023-11-29,1,36.43,2,0.44
C00050,42,M,Riffa,Prepaid,2022-07-22,0,35.44,0,0.52
C00051,41,F,Manama,Postpaid,2022-08-01,0,31.16,5,0.85
C00052,50,F,Isa Town,Postpaid,2021-10-11,1,20.12,2,0.55
C00053,44,F,Muharraq,Postpaid,2022-01-24,0,20.3,0,0.3
C00054,45,F,Isa Town,Postpaid,2025-06-01,0,22.11,1,0.51
C00055,60,M,Riffa,Postpaid,2023-12-21,0,4.67,1,0.67
C00056,30,M,Manama,Prepaid,2023-10-11,0,12.24,3,0.61
C00057,47,F,Muharraq,Postpaid,2021-08-02,0,24.72,1,0.15
C00058,24,F,Muharraq,Prepaid,2024-05-18,0,40.21,5,0.52
C00059,53,M,Manama,Postpaid,2021-07-19,0,6.67,3,0.67
C00060,46,F,Isa Town,Prepaid,2022-08-18,1,37.18,3,0.45
C00061,58,F,Isa Town,Prepaid,2025-09-05,0,13.73,0,0.71
C00062,35,F,Riffa,Prepaid,2023-12-07,0,6.92,1,0.38
C00063,63,M,Manama,Postpaid,2023-07-08,0,20.38,4,0.47
C00064,31,F,Isa Town,Prepaid,2024-02-26,0,42.84,4,0.38
C00065,40,F,Isa Town,Postpaid,2024-12-11,0,26.91,5,0.55
C00066,49,M,Riffa,Postpaid,2024-08-11,0,24.28,3,0.34
C00067,64,M,Isa Town,Prepaid,2021-11-16,1,49.04,4,0.03
C00068,55,M,Manama,Postpaid,2020-11-21,1,6.78,3,0.18
C00069,42,F,Muharraq,Postpaid,2022-04-23,1,16.34,3,0.28
C00070,34,M,Isa Town,Prepaid,2022-01-26,1,37.45,0,1.0
C00071,32,M,Manama,Prepaid,2021-10-14,1,47.48,1,0.84
C00072,33,M,Isa Town,Prepaid,2025-06-12,0,28.2,1,0.47
C00073,41,M,Manama,Prepaid,2025-02-11,1,48.24,0,0.58
C00074,54,F,Isa Town,Prepaid,2022-04-21,1,3.8,5,0.83
C00075,24,F,Manama,Prepaid,2024-01-04,0,17.36,3,0.66
C00076,50,F,Manama,Postpaid,2022-09-16,0,41.12,0,0.43
C00077,58,F,Muharraq,Postpaid,2025-04-21,1,8.81,4,0.97
C00078,57,F,Isa Town,Postpaid,2023-01-10,1,41.29,4,0.27
C00079,23,F,Isa Town,Prepaid,2022-01-20,0,37.52,4,0.61
C00080,39,M,Isa Town,Postpaid,2021-12-18,1,9.09,1,0.35
C00081,39,F,Riffa,Prepaid,2023-07-16,1,25.83,1,0.09
C00082,49,M,Isa Town,Postpaid,2022-01-17,1,22.41,0,0.09
C00083,43,M,Riffa,Postpaid,2023-08-28,0,23.66,4,0.34
C00084,40,F,Riffa,Postpaid,2025-03-22,1,12.57,0,0.72
C00085,25,M,Muharraq,Prepaid,2022-09-23,1,36.93,2,0.72
C00086,24,M,Riffa,Prepaid,2021-10-29,1,18.04,2,0.01
C00087,35,M,Manama,Postpaid,2025-09-20,0,34.87,1,0.64
C00088,24,M,Riffa,Postpaid,2023-04-12,1,23.94,2,0.18
C00089,34,F,Manama,Prepaid,2021-03-09,0,20.04,0,0.58
C00090,27,M,Riffa,Prepaid,2020-12-19,0,49.7,0,0.56
C00091,56,M,Isa Town,Postpaid,2021-04-12,1,45.43,2,0.86
C00092,37,M,Manama,Prepaid,2023-11-14,1,31.28,2,0.66
C00093,33,M,Manama,Prepaid,2024-09-10,0,0.13,3,0.69
C00094,36,M,Muharraq,Postpaid,2022-11-04,1,35.35,5,0.86
C00095,61,M,Riffa,Prepaid,2021-01-18,0,21.26,4,0.22
C00096,35,M,Manama,Prepaid,2022-08-22,0,8.3,2,0.6
C00097,46,M,Isa Town,Postpaid,2025-09-17,1,34.99,2,0.5
C00098,46,M,Manama,Postpaid,2023-05-18,1,36.73,4,0.25
C00099,32,M,Riffa,Prepaid,2025-08-03,0,38.16,1,0.47
C00100,35,M,Isa Town,Postpaid,2025-01-13,1,48.45,3,0.35
C00101,38,M,Muharraq,Postpaid,2020-10-14,1,20.58,3,0.29
C00102,53,M,Isa Town,Prepaid,2024-05-02,1,15.73,2,0.12
C00103,50,M,Isa Town,Postpaid,2024-02-21,1,2.71,4,0.36
C00104,58,F,Manama,Prepaid,2023-06-02,1,13.35,1,0.93
C00105,62,F,Manama,Prepaid,2022-01-24,1,48.66,4,0.8
C00106,37,M,Isa Town,Prepaid,2023-12-09,0,11.24,0,0.46
C00107,59,M,Isa Town,Postpaid,2021-04-15,0,25.44,2,0.42
C00108,48,M,Isa Town,Prepaid,2022-11-27,1,19.18,4,0.51
C00109,22,F,Isa Town,Postpaid,2022-12-31,0,46.71,4,0.27
C00110,36,F,Isa Town,Prepaid,2025-07-02,0,22.33,3,0.35
C00111,47,F,Muharraq,Prepaid,2025-02-10,1,28.59,1,0.86
C00112,20,F,Isa Town,Postpaid,2022-01-18,1,19.3,5,0.79
C00113,49,M,Muharraq,Postpaid,2023-03-27,0,43.49,3,0.1
C00114,18,M,Isa Town,Prepaid,2021-08-16,1,3.74,2,0.34
C00115,59,M,Riffa,Postpaid,2025-04-18,1,47.71,5,0.72
C00116,52,M,Manama,Prepaid,2025-01-31,1,31.56,2,1.0
C00117,45,M,Manama,Postpaid,2022-03-23,0,8.32,2,0.9
C00118,38,M,Riffa,Postpaid,2023-12-05,0,18.74,1,0.24
C00119,54,M,Muharraq,Prepaid,2023-10-11,1,3.95,3,0.62
C00120,49,M,Muharraq,Postpaid,2021-06-30,0,31.9,3,0.26
C00121,47,F,Muharraq,Prepaid,2024-07-18,0,22.09,2,0.99
C00122,58,F,Riffa,Postpaid,2023-06-06,1,42.27,1,1.0
C00123,24,M,Isa Town,Postpaid,2024-08-16,1,28.74,5,0.3
C00124,35,M,Manama,Postpaid,2023-05-20,1,41.64,2,0.78
C00125,56,F,Muharraq,Prepaid,2020-09-25,0,31.04,5,0.76
C00126,58,M,Manama,Postpaid,2022-05-09,0,39.43,0,0.58
C00127,23,F,Riffa,Postpaid,2020-10-29,0,8.78,1,0.79
C00128,51,F,Muharraq,Postpaid,2025-05-18,1,45.7,3,0.97
C00129,65,F,Manama,Postpaid,2025-02-15,1,48.14,1,0.75
C00130,61,F,Riffa,Prepaid,2024-11-21,0,39.53,0,0.26
C00131,47,F,Riffa,Postpaid,2022-04-08,0,41.12,2,0.11
C00132,48,M,Riffa,Prepaid,2021-01-07,0,32.38,5,0.82
C00133,59,F,Manama,Prepaid,2025-02-14,1,2.27,0,0.3
C00134,25,M,Muharraq,Prepaid,2025-06-20,1,19.43,2,0.67
C00135,55,M,Isa Town,Prepaid,2021-02-27,1,41.68,4,0.41
C00136,20,F,Muharraq,Postpaid,2023-02-28,1,22.23,1,0.86
C00137,61,F,Riffa,Prepaid,2021-01-28,0,19.91,1,0.97
C00138,23,M,Manama,Prepaid,2024-07-14,1,39.34,1,0.99
C00139,22,M,Muharraq,Prepaid,2024-07-24,0,16.43,1,0.79
C00140,35,M,Muharraq,Postpaid,2021-05-16,0,39.93,0,0.66
C00141,26,M,Riffa,Prepaid,2023-02-09,0,29.44,0,0.17
C00142,26,F,Manama,Prepaid,2023-06-25,0,23.81,2,0.51
C00143,46,M,Manama,Postpaid,2022-01-21,0,22.9,0,0.06
C00144,43,F,Manama,Postpaid,2025-02-03,1,35.62,3,0.07
C00145,38,M,Manama,Prepaid,2022-11-06,0,13.75,5,0.59
C00146,42,F,Isa Town,Postpaid,2021-10-15,1,4.96,5,0.11
C00147,45,F,Muharraq,Postpaid,2023-06-06,0,16.95,3,0.4
C00148,38,F,Riffa,Postpaid,2024-05-19,0,18.72,1,0.69
C00149,22,M,Manama,Prepaid,2021-09-26,1,21.59,5,0.74
C00150,53,M,Riffa,Prepaid,2022-04-16,0,20.54,5,0.94
C00151,64,M,Riffa,Postpaid,2025-09-16,1,17.58,4,0.51
C00152,60,F,Muharraq,Prepaid,2023-12-25,0,17.51,4,0.37
C00153,54,M,Isa Town,Prepaid,2022-12-03,1,30.45,5,0.83
C00154,19,M,Riffa,Postpaid,2023-04-27,1,46.08,2,0.01
C00155,54,F,Manama,Prepaid,2021-05-03,0,37.05,0,0.09
C00156,42,F,Isa Town,Postpaid,2021-11-08,0,7.87,2,0.72
C00157,21,M,Muharraq,Prepaid,2022-06-03,0,33.7,2,0.44
C00158,49,F,Isa Town,Postpaid,2023-09-03,1,10.78,4,0.11
C00159,25,F,Isa Town,Postpaid,2021-11-18,1,2.27,3,0.98
C00160,18,M,Riffa,Prepaid,2021-10-31,0,38.37,2,0.29
C00161,18,F,Isa Town,Prepaid,2021-01-31,0,6.46,4,0.7
C00162,22,F,Manama,Postpaid,2023-11-21,1,0.94,0,0.86
C00163,54,F,Isa Town,Postpaid,2021-11-16,1,5.76,0,0.97
C00164,57,F,Riffa,Prepaid,2025-04-05,0,21.84,0,0.24
C00165,51,M,Isa Town,Postpaid,2025-01-11,1,37.29,1,0.33
C00166,22,M,Muharraq,Postpaid,2021-01-31,0,17.55,5,0.82
C00167,24,M,Riffa,Prepaid,2021-12-02,0,8.67,1,0.76
C00168,29,F,Isa Town,Postpaid,2024-01-29,0,34.06,4,0.64
C00169,58,F,Muharraq,Postpaid,2021-10-20,1,3.41,3,0.63
C00170,55,M,Riffa,Prepaid,2021-05-23,1,15.52,3,0.04
C00171,36,M,Manama,Postpaid,2025-05-30,1,23.14,4,0.95
C00172,46,M,Riffa,Postpaid,2023-08-03,0,25.07,0,0.45
C00173,63,M,Muharraq,Prepaid,2023-02-04,1,12.39,3,0.99
C00174,41,F,Riffa,Postpaid,2024-08-27,0,20.44,2,0.68
C00175,58,F,Manama,Postpaid,2024-10-08,0,4.73,5,0.39
C00176,64,M,Riffa,Prepaid,2021-09-06,1,29.14,1,0.92
C00177,59,F,Muharraq,Prepaid,2021-03-20,1,15.48,3,0.64
C00178,26,M,Isa Town,Postpaid,2022-11-20,1,0.91,2,0.18
C00179,39,F,Muharraq,Prepaid,2022-11-06,0,50.0,1,0.08
C00180,50,M,Riffa,Prepaid,2023-01-25,0,29.86,1,0.16
C00181,64,F,Manama,Postpaid,2024-05-18,0,18.21,5,0.24
C00182,57,F,Isa Town,Prepaid,2024-02-06,1,26.7,2,0.97
C00183,30,F,Isa Town,Postpaid,2025-08-27,1,38.47,3,0.5
C00184,28,M,Muharraq,Postpaid,2021-03-22,1,2.61,3,0.87
C00185,63,M,Riffa,Prepaid,2022-09-29,0,38.16,2,0.45
C00186,45,M,Muharraq,Postpaid,2022-06-05,0,44.23,0,0.41
C00187,50,F,Muharraq,Postpaid,2025-01-15,1,49.73,2,0.22
C00188,24,F,Muharraq,Prepaid,2021-12-22,1,1.92,3,0.7
C00189,63,F,Isa Town,Prepaid,2021-09-06,0,45.29,0,0.26
C00190,53,F,Manama,Postpaid,2022-12-22,0,11.88,0,0.05
C00191,58,F,Manama,Prepaid,2022-11-03,1,41.83,3,0.6
C00192,58,M,Muharraq,Postpaid,2022-02-14,0,21.46,4,0.35
C00193,29,M,Riffa,Prepaid,2021-12-24,1,47.67,4,0.51
C00194,42,F,Manama,Postpaid,2025-05-07,0,49.05,2,0.75
C00195,22,F,Muharraq,Prepaid,2022-12-12,1,38.58,5,0.76
C00196,20,F,Riffa,Prepaid,2025-01-14,0,41.52,5,0.46
C00197,58,M,Muharraq,Prepaid,2023-06-26,1,35.8,3,0.04
C00198,20,M,Manama,Postpaid,2020-12-25,0,46.67,4,0.4
C00199,34,M,Muharraq,Postpaid,2025-09-23,1,17.85,0,0.87
C00200,35,M,Riffa,Postpaid,2024-11-29,1,44.47,5,0.44
C00201,39,M,Isa Town,Postpaid,2025-07-30,1,18.37,4,0.27
C00202,64,F,Manama,Postpaid,2025-05-13,0,30.12,1,0.55
C00203,24,M,Riffa,Postpaid,2024-12-22,1,15.32,4,0.72
C00204,62,F,Riffa,Postpaid,2021-07-24,0,2.12,2,0.61
C00205,35,M,Manama,Postpaid,2023-02-28,1,18.17,5,0.68
C00206,27,F,Manama,Prepaid,2021-10-19,0,3.36,5,0.37
C00207,54,M,Muharraq,Postpaid,2022-09-26,1,47.44,2,0.44
C00208,54,M,Riffa,Postpaid,2021-01-09,0,15.72,2,0.25
C00209,19,M,Isa Town,Postpaid,2022-08-17,0,45.68,0,0.26
C00210,63,F,Muharraq,Postpaid,2025-08-29,1,34.7,3,0.2
C00211,22,F,Muharraq,Postpaid,2022-01-21,0,49.86,5,0.97
C00212,60,F,Manama,Postpaid,2024-08-26,1,44.57,1,0.71
C00213,41,M,Manama,Prepaid,2023-01-03,0,39.6,1,0.79
C00214,41,F,Isa Town,Prepaid,2022-11-05,0,30.6,0,0.07
C00215,63,F,Isa Town,Postpaid,2025-07-09,1,41.17,0,0.13
C00216,59,M,Isa Town,Postpaid,2025-09-16,1,34.01,2,0.13
C00217,26,F,Manama,Prepaid,2023-07-06,0,25.91,2,0.16
C00218,63,M,Riffa,Postpaid,2024-04-28,1,42.3,2,0.2
C00219,26,F,Manama,Prepaid,2021-07-03,1,29.59,4,0.15
C00220,54,M,Manama,Prepaid,2022-03-20,1,2.27,5,0.77
C00221,59,M,Isa Town,Prepaid,2025-07-29,1,24.9,5,0.55
C00222,48,M,Isa Town,Postpaid,2023-08-18,1,22.68,5,0.06
C00223,44,F,Isa Town,Prepaid,2023-06-11,1,17.01,1,0.31
C00224,64,F,Isa Town,Prepaid,2024-06-21,1,38.03,4,0.56
C00225,33,F,Manama,Postpaid,2021-01-06,1,22.48,1,0.1
C00226,42,F,Muharraq,Prepaid,2023-08-27,1,40.67,4,0.72
C00227,28,F,Isa Town,Postpaid,2023-03-31,0,43.95,3,0.02
C00228,50,F,Muharraq,Prepaid,2024-12-29,1,29.17,0,0.05
C00229,56,F,Riffa,Prepaid,2021-07-08,1,42.36,3,0.13
C00230,64,F,Isa Town,Postpaid,2025-07-15,1,2.26,0,0.57
C00231,41,F,Manama,Postpaid,2021-02-17,0,25.21,4,0.28
C00232,26,M,Isa Town,Postpaid,2021-08-29,0,39.74,2,0.56
C00233,27,M,Isa Town,Prepaid,2023-09-16,1,2.27,1,0.71
C00234,51,F,Muharraq,Prepaid,2024-02-09,1,16.4,4,0.32
C00235,57,F,Riffa,Postpaid,2021-11-27,1,35.44,2,0.47
C00236,41,F,Manama,Postpaid,2021-05-01,0,29.19,5,0.87
C00237,56,F,Riffa,Prepaid,2025-03-08,0,36.07,4,0.48
C00238,27,M,Manama,Prepaid,2021-12-17,1,9.54,3,0.31
C00239,44,M,Isa Town,Postpaid,2023-09-15,0,43.64,5,0.73
C00240,51,M,Riffa,Postpaid,2023-10-30,0,26.27,2,0.96
C00241,52,F,Riffa,Postpaid,2022-10-29,1,30.5,1,0.96
C00242,53,F,Muharraq,Postpaid,2023-08-26,1,38.56,5,0.21
C00243,38,F,Riffa,Postpaid,2023-05-07,1,14.39,4,0.68
C00244,43,F,Muharraq,Postpaid,2025-05-28,1,2.1,5,0.08
C00245,59,F,Isa Town,Prepaid,2021-10-02,1,10.1,4,0.27
C00246,26,M,Muharraq,Prepaid,2024-04-24,1,2.54,4,0.23
C00247,21,M,Isa Town,Postpaid,2021-12-04,0,35.87,0,0.68
C00248,18,M,Isa Town,Postpaid,2022-09-17,0,23.87,1,0.76
C00249,38,F,Manama,Prepaid,2024-02-03,1,32.61,1,0.54
C00250,29,F,Muharraq,Prepaid,2022-03-26,0,49.86,3,0.79
C00251,65,F,Manama,Prepaid,2022-04-24,0,14.92,4,0.11
C00252,36,F,Isa Town,Prepaid,2024-06-28,1,42.55,3,0.27
C00253,39,M,Isa Town,Postpaid,2021-02-03,0,35.93,0,0.74
C00254,54,M,Muharraq,Postpaid,2023-01-09,1,41.35,4,0.33
C00255,60,M,Muharraq,Prepaid,2025-09-22,1,23.87,1,0.01
C00256,33,F,Riffa,Postpaid,2025-09-17,1,15.1,5,0.57
C00257,59,F,Muharraq,Prepaid,2021-02-04,1,33.39,3,0.31
C00258,61,F,Manama,Postpaid,2021-10-18,1,18.38,1,0.22
C00259,48,M,Isa Town,Postpaid,2022-01-21,0,20.79,4,0.91
C00260,33,M,Isa Town,Postpaid,2025-05-26,0,3.91,4,0.11
C00261,54,M,Muharraq,Postpaid,2025-02-19,0,42.72,3,0.12
C00262,63,F,Manama,Postpaid,2025-02-16,0,40.43,3,0.13
C00263,47,M,Isa Town,Postpaid,2022-07-31,1,36.16,3,0.25
C00264,65,M,Manama,Prepaid,2021-07-09,0,21.18,5,0.06
C00265,22,F,Manama,Postpaid,2024-11-25,0,20.44,1,0.77
C00266,41,F,Isa Town,Postpaid,2024-04-01,1,18.78,5,0.96
C00267,59,F,Manama,Prepaid,2023-10-16,0,49.64,3,0.53
C00268,18,M,Riffa,Postpaid,2025-09-01,0,33.67,4,0.42
C00269,32,M,Isa Town,Postpaid,2024-01-01,1,7.76,1,0.94
C00270,20,F,Manama,Prepaid,2020-10-08,0,10.3,0,0.59
C00271,56,M,Muharraq,Prepaid,2024-10-25,1,20.11,1,0.54
C00272,26,F,Muharraq,Postpaid,2022-03-24,0,28.87,5,0.82
C00273,37,M,Muharraq,Postpaid,2024-01-19,0,15.03,0,0.56
C00274,58,F,Isa Town,Prepaid,2025-06-05,0,48.61,5,0.67
C00275,62,F,Isa Town,Prepaid,2021-05-27,1,14.99,1,0.75
C00276,33,M,Riffa,Prepaid,2021-04-22,1,40.29,0,0.56
C00277,53,M,Isa Town,Prepaid,2021-04-07,1,12.75,2,0.65
C00278,41,M,Muharraq,Prepaid,2023-07-01,1,13.42,5,0.6
C00279,22,M,Muharraq,Postpaid,2022-02-03,0,10.44,2,0.3
C00280,31,M,Manama,Postpaid,2023-10-04,0,45.72,5,0.6
C00281,43,M,Riffa,Postpaid,2024-04-27,0,19.03,4,0.65
C00282,34,F,Isa Town,Postpaid,2021-09-30,1,4.93,5,0.47
C00283,31,F,Riffa,Postpaid,2023-11-26,1,2.29,1,0.74
C00284,34,F,Riffa,Prepaid,2022-01-19,0,9.81,1,0.38
C00285,49,F,Riffa,Postpaid,2023-03-05,0,48.33,5,0.74
C00286,28,F,Muharraq,Prepaid,2025-04-05,1,36.02,3,0.18
C00287,51,M,Manama,Prepaid,2024-12-17,0,38.22,3,0.14
C00288,22,M,Manama,Prepaid,2021-03-11,0,25.29,2,0.06
C00289,60,F,Manama,Prepaid,2022-11-06,1,26.61,3,0.01
C00290,52,F,Manama,Postpaid,2022-02-11,1,40.31,1,0.11
C00291,51,M,Muharraq,Prepaid,2020-09-30,0,30.99,2,0.82
C00292,43,M,Riffa,Postpaid,2024-08-02,1,22.95,1,0.99
C00293,37,M,Manama,Prepaid,2023-12-02,0,20.26,3,0.55
C00294,58,M,Muharraq,Prepaid,2022-01-15,0,24.99,3,0.64
C00295,54,M,Manama,Prepaid,2024-06-09,1,10.57,5,0.89
C00296,35,M,Manama,Postpaid,2023-06-28,1,44.97,4,0.66
C00297,38,M,Muharraq,Prepaid,2022-11-14,0,37.61,5,0.82
C00298,37,M,Muharraq,Postpaid,2020-10-11,0,33.85,4,0.33
C00299,62,M,Riffa,Prepaid,2021-02-08,0,4.88,1,0.84
C00300,56,F,Riffa,Prepaid,2025-02-23,1,31.71,3,0.49
C00301,53,F,Isa Town,Prepaid,2025-04-02,1,33.98,5,0.38
C00302,33,M,Manama,Postpaid,2023-06-17,1,7.71,5,0.78
C00303,65,F,Riffa,Postpaid,2024-11-26,0,5.33,0,0.94
C00304,41,F,Manama,Prepaid,2023-08-24,1,4.36,3,0.45
C00305,24,M,Manama,Postpaid,2021-06-21,1,27.71,4,0.6
C00306,42,M,Riffa,Postpaid,2021-05-14,1,19.39,0,0.72
C00307,54,M,Isa Town,Prepaid,2022-04-10,0,6.94,2,0.27
C00308,22,M,Isa Town,Postpaid,2025-03-24,0,21.06,3,0.78
C00309,34,M,Isa Town,Prepaid,2024-09-17,1,22.89,1,0.3
C00310,39,F,Riffa,Postpaid,2025-01-13,1,16.74,5,0.97
C00311,37,F,Muharraq,Postpaid,2025-03-24,0,15.71,3,0.97
C00312,65,F,Muharraq,Postpaid,2021-10-12,1,18.8,3,0.37
C00313,55,M,Manama,Postpaid,2021-12-23,0,47.15,1,0.44
C00314,62,M,Isa Town,Postpaid,2021-03-30,1,6.96,2,0.24
C00315,63,F,Isa Town,Prepaid,2024-08-19,0,22.45,4,0.48
C00316,52,F,Manama,Postpaid,2025-02-25,1,35.08,4,0.59
C00317,24,M,Riffa,Prepaid,2022-10-06,0,32.35,0,0.56
C00318,39,F,Manama,Prepaid,2023-11-01,1,4.93,1,0.51
C00319,46,F,Isa Town,Postpaid,2021-07-03,0,38.62,4,0.69
C00320,40,M,Isa Town,Prepaid,2025-05-19,0,14.77,0,0.12
C00321,40,F,Riffa,Postpaid,2025-01-20,0,39.21,4,0.48
C00322,24,F,Isa Town,Postpaid,2025-08-12,1,3.36,0,0.81
C00323,19,F,Manama,Prepaid,2024-10-14,0,46.5,5,0.24
C00324,53,M,Riffa,Postpaid,2025-02-20,0,47.92,1,0.8
C00325,29,F,Isa Town,Prepaid,2020-11-08,0,36.87,1,0.45
C00326,42,M,Muharraq,Prepaid,2024-05-31,1,13.92,5,0.81
C00327,54,M,Muharraq,Postpaid,2022-05-23,0,16.3,3,0.11
C00328,51,F,Isa Town,Postpaid,2025-05-21,1,29.35,2,0.35
C00329,57,M,Riffa,Prepaid,2024-09-28,1,33.61,2,0.12
C00330,25,M,Riffa,Prepaid,2025-01-19,1,25.54,3,0.6
C00331,45,M,Isa Town,Prepaid,2024-10-14,1,27.75,3,0.29
C00332,38,F,Manama,Postpaid,2022-01-24,0,47.59,3,0.14
C00333,53,F,Isa Town,Postpaid,2024-09-01,1,20.78,3,0.49
C00334,54,M,Muharraq,Postpaid,2021-04-09,0,1.63,1,0.54
C00335,47,F,Manama,Prepaid,2025-02-03,0,13.39,4,0.82
C00336,52,M,Isa Town,Prepaid,2025-01-09,1,49.49,0,0.74
C00337,37,M,Isa Town,Postpaid,2021-11-04,0,17.43,0,0.44
C00338,33,M,Riffa,Postpaid,2024-10-24,0,8.3,1,0.78
C00339,21,F,Riffa,Prepaid,2023-01-12,0,16.18,5,0.29
C00340,50,M,Muharraq,Postpaid,2022-04-04,1,45.94,2,0.87
C00341,62,M,Muharraq,Prepaid,2024-09-16,0,35.57,1,0.76
C00342,49,M,Riffa,Postpaid,2021-11-13,1,18.76,0,0.63
C00343,43,F,Riffa,Postpaid,2020-11-06,0,47.51,2,0.58
C00344,64,F,Riffa,Prepaid,2021-09-11,0,39.78,3,0.22
C00345,31,F,Riffa,Postpaid,2022-05-16,1,41.42,2,0.55
C00346,54,F,Riffa,Prepaid,2025-01-20,0,2.3,5,0.78
C00347,19,M,Muharraq,Postpaid,2025-07-26,1,22.83,3,0.2
C00348,59,F,Muharraq,Postpaid,2022-02-15,0,4.67,2,0.25
C00349,60,M,Manama,Postpaid,2023-12-09,1,31.28,5,0.7
C00350,45,M,Manama,Prepaid,2022-09-24,0,10.67,0,0.13
C00351,51,F,Manama,Prepaid,2025-08-21,0,34.78,0,0.99
C00352,62,M,Isa Town,Prepaid,2023-05-31,1,11.45,0,0.73
C00353,24,F,Riffa,Postpaid,2025-06-05,0,6.86,1,0.64
C00354,22,M,Muharraq,Postpaid,2021-04-22,0,17.56,1,0.63
C00355,44,F,Muharraq,Prepaid,2025-08-01,0,44.83,1,0.75
C00356,40,F,Riffa,Prepaid,2021-08-16,1,12.39,5,0.08
C00357,62,M,Riffa,Prepaid,2025-07-18,1,25.89,4,0.19
C00358,36,M,Muharraq,Postpaid,2022-01-22,1,19.29,1,0.5
C00359,51,M,Riffa,Postpaid,2021-04-10,0,6.6,4,0.42
C00360,48,M,Manama,Prepaid,2022-11-26,0,0.69,1,0.04
C00361,43,F,Isa Town,Postpaid,2024-05-17,0,35.09,0,0.64
C00362,35,M,Riffa,Prepaid,2022-04-20,0,25.57,1,0.97
C00363,52,F,Isa Town,Prepaid,2023-10-06,0,15.51,3,0.73
C00364,21,M,Manama,Postpaid,2023-04-16,0,5.8,4,0.61
C00365,60,M,Manama,Prepaid,2022-08-28,1,35.4,5,0.01
C00366,40,F,Muharraq,Postpaid,2023-08-13,1,6.35,2,0.73
C00367,19,F,Isa Town,Postpaid,2022-01-02,0,26.19,2,0.71
C00368,49,F,Riffa,Prepaid,2024-04-10,0,24.98,4,0.17
C00369,34,M,Manama,Prepaid,2020-09-27,0,37.04,0,0.04
C00370,33,M,Isa Town,Postpaid,2025-05-12,0,19.15,1,0.18
C00371,53,F,Muharraq,Postpaid,2023-06-04,0,12.41,5,0.32
C00372,54,F,Manama,Prepaid,2024-04-30,0,8.97,4,0.98
C00373,22,F,Riffa,Postpaid,2024-06-10,1,16.37,4,0.46
C00374,30,F,Riffa,Prepaid,2024-02-01,1,23.2,4,0.97
C00375,64,M,Muharraq,Prepaid,2022-07-21,0,46.62,0,0.23
C00376,58,M,Riffa,Prepaid,2021-01-29,1,37.95,3,0.85
C00377,24,M,Muharraq,Postpaid,2024-01-20,1,24.6,0,0.97
C00378,63,F,Manama,Prepaid,2022-05-20,0,46.06,4,0.41
C00379,47,M,Manama,Prepaid,2022-04-20,1,31.86,3,0.07
C00380,45,M,Muharraq,Postpaid,2024-12-21,0,13.05,2,0.93
C00381,62,F,Riffa,Postpaid,2024-04-30,1,13.6,0,0.94
C00382,55,M,Muharraq,Prepaid,2022-03-26,0,8.22,3,0.31
C00383,52,F,Muharraq,Postpaid,2022-04-12,0,15.42,2,0.85
C00384,28,F,Manama,Prepaid,2022-10-10,0,41.8,2,0.15
C00385,40,F,Manama,Postpaid,2022-09-29,0,13.01,1,0.03
C00386,46,M,Manama,Postpaid,2022-03-18,1,5.1,1,0.12
C00387,32,M,Muharraq,Postpaid,2021-05-14,0,18.61,5,0.94
C00388,55,F,Manama,Prepaid,2022-11-01,0,49.86,1,0.9
C00389,26,M,Riffa,Prepaid,2025-06-08,1,2.13,3,0.05
C00390,64,F,Isa Town,Prepaid,2024-02-13,1,19.14,3,0.17
C00391,29,F,Riffa,Postpaid,2025-03-31,0,44.17,0,0.61
C00392,59,F,Isa Town,Postpaid,2023-10-23,0,44.14,3,0.06
C00393,42,M,Isa Town,Prepaid,2022-03-27,1,32.13,4,0.25
C00394,42,F,Isa Town,Postpaid,2023-06-22,0,17.2,4,0.5
C00395,35,M,Manama,Postpaid,2020-09-24,1,29.86,0,0.9
C00396,21,F,Riffa,Prepaid,2022-03-02,1,48.7,0,0.25
C00397,35,M,Muharraq,Postpaid,2022-11-18,0,17.74,1,0.18
C00398,65,F,Manama,Postpaid,2023-08-19,1,47.38,4,0.14
C00399,49,F,Muharraq,Postpaid,2024-01-03,0,1.9,0,0.23
C00400,19,F,Manama,Postpaid,2023-01-21,0,45.89,1,0.81
C00401,63,M,Riffa,Prepaid,2022-12-10,1,1.1,4,0.7
C00402,25,F,Manama,Postpaid,2021-10-19,0,35.23,5,0.4
C00403,39,F,Riffa,Prepaid,2023-02-05,0,48.79,5,0.95
C00404,59,F,Muharraq,Postpaid,2025-03-28,1,11.16,4,0.81
C00405,37,F,Muharraq,Prepaid,2024-09-17,1,36.44,5,0.95
C00406,54,M,Muharraq,Postpaid,2021-07-31,1,46.05,4,0.22
C00407,49,M,Riffa,Prepaid,2021-02-25,0,11.9,2,0.17
C00408,63,F,Isa Town,Prepaid,2023-04-23,0,13.26,1,0.69
C00409,34,M,Manama,Prepaid,2023-11-24,1,19.3,5,0.42
C00410,44,F,Isa Town,Postpaid,2022-05-29,0,27.3,0,0.83
C00411,28,F,Manama,Prepaid,2024-10-28,0,14.75,2,0.26
C00412,22,F,Muharraq,Postpaid,2024-06-27,0,8.05,0,0.55
C00413,39,F,Manama,Postpaid,2024-02-05,0,47.12,1,0.61
C00414,28,M,Manama,Postpaid,2021-11-08,1,10.28,1,0.41
C00415,60,F,Riffa,Prepaid,2021-09-22,1,4.8,3,0.57
C00416,27,M,Riffa,Prepaid,2020-11-07,1,21.38,2,0.82
C00417,30,M,Manama,Prepaid,2021-12-15,1,8.54,2,0.98
C00418,25,F,Isa Town,Postpaid,2023-02-09,1,24.45,5,0.27
C00419,29,F,Isa Town,Postpaid,2024-12-24,1,9.33,0,0.26
C00420,34,M,Riffa,Prepaid,2021-02-04,1,7.56,5,0.67
C00421,60,F,Isa Town,Prepaid,2022-10-21,0,27.68,3,0.82
C00422,52,F,Muharraq,Postpaid,2023-11-18,1,14.94,3,0.9
C00423,50,M,Manama,Postpaid,2021-09-14,0,8.64,1,0.97
C00424,26,M,Isa Town,Prepaid,2024-03-19,0,49.41,3,0.2
C00425,56,F,Riffa,Prepaid,2023-03-16,0,4.35,4,0.4
C00426,35,F,Manama,Postpaid,2021-12-13,1,5.63,1,0.15
C00427,24,M,Riffa,Postpaid,2024-01-05,0,43.89,2,0.38
C00428,54,F,Manama,Prepaid,2020-10-04,1,13.77,1,0.62
C00429,20,F,Riffa,Prepaid,2024-06-27,1,2.46,3,0.92
C00430,19,F,Riffa,Postpaid,2024-07-31,1,14.02,3,0.86
C00431,32,M,Riffa,Postpaid,2021-04-06,0,38.7,2,0.27
C00432,56,M,Muharraq,Postpaid,2022-11-09,1,10.57,3,0.74
C00433,21,M,Manama,Postpaid,2021-08-11,1,35.48,3,0.14
C00434,29,M,Muharraq,Prepaid,2025-07-10,0,12.47,3,0.05
C00435,63,M,Riffa,Postpaid,2023-04-28,1,41.18,4,0.4
C00436,61,M,Muharraq,Postpaid,2020-12-24,0,24.44,3,0.18
C00437,55,F,Riffa,Prepaid,2021-12-23,1,41.88,2,0.75
C00438,36,M,Isa Town,Prepaid,2024-12-21,0,8.15,4,0.78
C00439,32,M,Muharraq,Postpaid,2023-01-05,0,32.58,4,0.02
C00440,48,M,Muharraq,Prepaid,2024-09-27,0,11.19,4,0.81
C00441,63,F,Isa Town,Postpaid,2024-01-26,1,42.58,3,0.25
C00442,37,F,Manama,Prepaid,2025-09-02,1,25.58,5,0.97
C00443,53,F,Riffa,Prepaid,2023-09-16,1,24.09,2,0.99
C00444,35,F,Riffa,Prepaid,2025-06-25,1,7.5,1,0.9
C00445,60,F,Muharraq,Prepaid,2025-03-10,1,32.77,2,0.26
C00446,43,F,Manama,Prepaid,2023-10-18,1,17.16,5,0.22
C00447,60,F,Riffa,Prepaid,2024-04-30,1,42.03,4,0.18
C00448,48,M,Riffa,Prepaid,2023-04-04,0,47.35,2,0.65
C00449,40,M,Riffa,Postpaid,2024-11-19,0,39.4,2,0.37
C00450,47,M,Isa Town,Prepaid,2023-06-21,1,43.32,4,0.58
C00451,48,M,Manama,Postpaid,2025-03-21,0,26.49,3,0.05
C00452,26,M,Riffa,Postpaid,2024-06-13,0,49.36,3,0.14
C00453,23,F,Riffa,Prepaid,2023-02-08,0,15.67,0,0.0
C00454,31,M,Muharraq,Postpaid,2022-01-10,1,39.26,0,0.13
C00455,58,F,Isa Town,Postpaid,2021-12-19,1,48.27,3,0.0
C00456,64,F,Manama,Postpaid,2023-12-03,0,37.84,4,0.19
C00457,58,M,Muharraq,Postpaid,2024-07-24,0,15.6,0,0.38
C00458,28,M,Manama,Postpaid,2023-05-04,1,47.42,3,0.73
C00459,45,M,Riffa,Postpaid,2023-11-13,1,17.96,1,0.16
C00460,19,M,Muharraq,Prepaid,2022-02-07,1,10.56,0,0.59
C00461,25,F,Manama,Postpaid,2021-02-12,0,43.83,2,0.77
C00462,56,M,Manama,Prepaid,2022-02-28,0,2.41,0,0.42
C00463,25,F,Isa Town,Prepaid,2022-02-02,1,10.27,5,0.63
C00464,44,M,Riffa,Prepaid,2022-05-01,1,20.94,0,0.51
C00465,36,M,Manama,Postpaid,2023-06-07,0,9.93,1,0.78
C00466,40,F,Riffa,Prepaid,2021-06-03,0,1.97,3,0.91
C00467,39,M,Manama,Prepaid,2021-11-20,1,33.58,0,0.84
C00468,27,M,Manama,Prepaid,2024-03-14,1,45.24,5,0.23
C00469,34,F,Manama,Prepaid,2024-04-06,1,40.66,0,0.85
C00470,61,F,Isa Town,Prepaid,2021-01-19,1,4.75,0,0.01
C00471,60,M,Riffa,Postpaid,2022-10-08,0,44.73,4,0.27
C00472,41,F,Muharraq,Prepaid,2023-06-12,0,20.04,3,0.27
C00473,62,F,Isa Town,Prepaid,2022-10-23,1,5.65,5,0.73
C00474,24,F,Isa Town,Postpaid,2021-10-06,0,9.06,3,0.78
C00475,61,M,Isa Town,Postpaid,2022-10-31,0,5.65,3,0.44
C00476,34,F,Manama,Prepaid,2025-04-04,0,48.89,5,0.87
C00477,45,M,Isa Town,Postpaid,2023-08-27,0,33.19,5,0.38
C00478,18,M,Isa Town,Postpaid,2024-03-17,0,43.47,0,0.75
C00479,33,F,Riffa,Prepaid,2025-01-06,1,25.35,4,0.64
C00480,33,M,Isa Town,Postpaid,2024-07-23,1,40.06,3,0.09
C00481,46,F,Manama,Postpaid,2022-08-19,1,37.26,0,0.1
C00482,20,M,Manama,Postpaid,2020-10-04,1,44.51,4,0.21
C00483,39,F,Manama,Prepaid,2022-06-28,1,42.22,2,0.56
C00484,63,F,Isa Town,Prepaid,2024-07-01,1,4.87,5,0.22
C00485,40,F,Riffa,Prepaid,2024-12-31,1,2.29,1,0.49
C00486,24,F,Muharraq,Prepaid,2025-07-01,1,6.04,3,0.22
C00487,63,F,Manama,Postpaid,2022-10-29,0,2.33,5,0.84
C00488,46,F,Muharraq,Postpaid,2024-06-20,0,0.22,5,0.05
C00489,55,F,Muharraq,Prepaid,2023-06-18,1,36.52,1,0.1
C00490,50,F,Isa Town,Prepaid,2023-10-01,1,13.68,2,0.97
C00491,26,M,Isa Town,Postpaid,2021-10-31,1,42.15,4,0.86
C00492,30,M,Riffa,Postpaid,2021-10-29,0,46.06,1,0.98
C00493,50,F,Manama,Postpaid,2022-11-29,0,28.11,4,0.57
C00494,61,F,Isa Town,Prepaid,2020-11-16,1,26.14,0,0.38
C00495,60,M,Muharraq,Postpaid,2022-05-31,0,37.51,1,0.98
C00496,27,M,Riffa,Prepaid,2024-02-16,1,37.68,0,0.36
C00497,24,M,Isa Town,Prepaid,2022-10-02,1,25.55,5,0.29
C00498,42,F,Isa Town,Postpaid,2021-07-22,0,48.29,0,0.01
C00499,30,F,Muharraq,Postpaid,2023-01-25,1,37.76,4,0.74
C00500,64,M,Riffa,Postpaid,2021-05-15,0,8.87,5,0.07
C00501,65,M,Isa Town,Prepaid,2023-11-04,0,21.43,4,0.26
C00502,55,F,Manama,Postpaid,2020-11-12,0,23.32,1,0.04
C00503,56,M,Riffa,Postpaid,2022-09-13,1,39.5,4,0.36
C00504,51,M,Muharraq,Prepaid,2023-07-22,1,39.31,1,0.42
C00505,23,F,Muharraq,Prepaid,2020-11-12,1,33.17,2,0.36
C00506,57,F,Manama,Prepaid,2023-12-12,0,33.45,3,0.24
C00507,20,F,Isa Town,Prepaid,2021-05-29,0,19.29,4,0.72
C00508,51,F,Isa Town,Postpaid,2023-01-15,0,2.19,5,0.19
C00509,24,M,Manama,Prepaid,2020-12-24,0,10.54,5,0.77
C00510,24,M,Isa Town,Prepaid,2022-08-17,1,37.34,1,0.02
C00511,20,M,Manama,Prepaid,2021-10-15,1,8.9,2,0.56
C00512,34,F,Isa Town,Postpaid,2022-05-14,0,31.51,3,0.32
C00513,61,M,Manama,Prepaid,2024-07-15,1,37.8,4,0.05
C00514,40,M,Riffa,Postpaid,2022-08-17,0,30.33,2,0.77
C00515,42,F,Manama,Postpaid,2024-06-28,1,7.82,1,0.14
C00516,52,F,Muharraq,Postpaid,2024-11-21,1,33.86,5,0.65
C00517,53,M,Manama,Prepaid,2021-12-28,0,0.25,4,0.39
C00518,37,M,Riffa,Prepaid,2021-02-20,0,20.63,5,0.85
C00519,28,M,Muharraq,Postpaid,2020-10-29,0,9.72,1,0.67
C00520,53,F,Manama,Postpaid,2023-06-06,0,33.58,2,0.1
C00521,39,F,Muharraq,Prepaid,2025-09-24,1,5.0,4,0.07
C00522,38,F,Isa Town,Postpaid,2022-06-25,0,30.82,2,0.69
C00523,54,F,Riffa,Postpaid,2023-12-25,0,8.43,2,0.25
C00524,63,F,Riffa,Postpaid,2024-08-21,0,6.72,5,0.33
C00525,47,F,Riffa,Postpaid,2023-12-28,1,24.35,0,0.18
C00526,35,M,Muharraq,Postpaid,2024-07-02,0,36.68,5,0.08
C00527,19,M,Isa Town,Prepaid,2025-06-24,0,45.32,4,0.26
C00528,59,M,Riffa,Postpaid,2021-09-23,1,11.17,4,0.73
C00529,26,F,Manama,Postpaid,2020-10-31,1,18.19,0,0.66
C00530,50,M,Isa Town,Prepaid,2021-06-29,0,8.96,4,0.66
C00531,65,F,Riffa,Prepaid,2021-05-12,0,10.94,3,0.23
C00532,41,M,Manama,Prepaid,2024-01-30,1,25.89,2,0.39
C00533,20,M,Riffa,Prepaid,2023-07-21,1,35.19,4,0.63
C00534,65,F,Muharraq,Postpaid,2021-10-27,1,32.68,2,0.59
C00535,51,F,Isa Town,Prepaid,2024-03-24,0,25.82,2,0.82
C00536,49,F,Manama,Prepaid,2024-07-26,1,21.99,1,0.08
C00537,31,M,Muharraq,Prepaid,2021-07-27,1,18.11,5,0.82
C00538,44,F,Manama,Postpaid,2023-10-08,0,33.76,3,0.21
C00539,59,F,Manama,Prepaid,2024-06-21,0,2.16,4,0.59
C00540,58,M,Muharraq,Prepaid,2021-04-21,0,8.32,1,0.52
C00541,56,M,Riffa,Prepaid,2024-10-29,1,10.83,4,0.99
C00542,28,M,Isa Town,Prepaid,2025-07-22,1,39.73,1,0.62
C00543,28,F,Isa Town,Prepaid,2021-04-09,1,11.49,3,0.13
C00544,30,F,Muharraq,Prepaid,2020-11-09,0,8.87,4,0.6
C00545,23,F,Muharraq,Prepaid,2022-04-16,0,44.85,5,0.65
C00546,41,M,Isa Town,Prepaid,2024-02-13,1,46.92,3,0.79
C00547,40,M,Isa Town,Prepaid,2025-07-10,1,12.73,1,0.91
C00548,36,F,Riffa,Prepaid,2022-09-18,0,0.27,5,0.79
C00549,51,M,Isa Town,Prepaid,2024-04-22,0,34.39,2,0.41
C00550,27,F,Riffa,Postpaid,2021-02-09,0,42.75,3,0.56
C00551,61,F,Muharraq,Postpaid,2024-03-08,1,27.61,4,0.48
C00552,53,F,Riffa,Postpaid,2023-11-13,1,28.88,5,0.4
C00553,60,M,Muharraq,Postpaid,2021-03-29,0,39.16,1,0.1
C00554,39,M,Muharraq,Postpaid,2024-08-05,1,48.23,0,0.8
C00555,48,F,Manama,Prepaid,2024-12-25,0,13.15,2,0.08
C00556,64,F,Isa Town,Postpaid,2023-09-25,0,35.58,4,0.06
C00557,58,F,Isa Town,Prepaid,2021-05-03,0,10.09,5,0.93
C00558,30,M,Muharraq,Prepaid,2025-08-26,1,33.7,2,0.24
C00559,28,M,Riffa,Postpaid,2024-08-23,0,17.66,3,0.41
C00560,51,M,Manama,Prepaid,2022-06-20,0,27.48,5,0.83
C00561,40,F,Muharraq,Prepaid,2022-11-15,1,22.74,3,0.57
C00562,29,F,Manama,Prepaid,2022-08-02,1,25.16,2,0.95
C00563,52,F,Isa Town,Postpaid,2023-04-06,1,28.16,1,0.76
C00564,61,F,Manama,Postpaid,2022-06-09,1,5.81,0,0.38
C00565,61,M,Riffa,Postpaid,2024-12-24,0,47.77,4,0.54
C00566,33,F,Manama,Postpaid,2024-11-04,1,33.68,2,0.08
C00567,48,F,Riffa,Prepaid,2021-04-04,0,44.72,2,0.18
C00568,49,M,Muharraq,Prepaid,2025-07-15,0,43.64,1,0.23
C00569,57,F,Muharraq,Prepaid,2023-11-29,0,5.99,0,0.68
C00570,57,M,Manama,Postpaid,2024-11-16,1,18.56,2,0.49
C00571,49,M,Riffa,Postpaid,2024-04-08,1,11.1,4,0.13
C00572,48,M,Riffa,Postpaid,2022-11-28,1,43.02,1,0.46
C00573,62,F,Riffa,Prepaid,2024-05-26,0,0.59,1,0.38
C00574,38,F,Riffa,Prepaid,2025-07-23,0,27.43,1,0.27
C00575,41,M,Isa Town,Postpaid,2022-01-30,1,10.53,5,0.75
C00576,43,F,Isa Town,Prepaid,2024-10-09,1,28.57,4,0.69
C00577,64,F,Muharraq,Postpaid,2023-06-04,0,42.82,1,0.15
C00578,48,M,Muharraq,Postpaid,2023-02-24,0,24.98,5,0.52
C00579,49,F,Riffa,Prepaid,2022-11-28,1,19.92,5,0.16
C00580,34,F,Manama,Postpaid,2024-05-21,0,37.23,2,0.36
C00581,40,M,Isa Town,Prepaid,2022-01-27,1,17.55,5,0.96
C00582,54,M,Riffa,Postpaid,2024-12-28,0,16.25,4,0.49
C00583,23,F,Riffa,Postpaid,2024-11-19,1,31.59,1,0.87
C00584,44,F,Manama,Prepaid,2021-03-01,1,8.1,1,0.31
C00585,63,F,Isa Town,Postpaid,2025-02-20,1,44.38,2,0.75
C00586,44,M,Muharraq,Prepaid,2021-12-13,1,6.25,1,0.66
C00587,31,M,Isa Town,Prepaid,2023-01-21,0,4.78,3,0.55
C00588,43,M,Manama,Postpaid,2023-10-14,0,30.91,0,0.65
C00589,37,M,Muharraq,Postpaid,2022-08-17,1,22.16,1,0.13
C00590,19,M,Riffa,Postpaid,2020-11-15,0,43.21,3,0.97
C00591,53,F,Muharraq,Prepaid,2024-12-26,1,29.54,3,0.63
C00592,51,F,Riffa,Postpaid,2021-08-22,1,26.98,0,0.44
C00593,44,F,Muharraq,Postpaid,2021-10-16,1,0.53,4,0.82
C00594,40,F,Isa Town,Prepaid,2024-09-20,0,34.39,3,0.95
C00595,37,M,Isa Town,Postpaid,2022-06-07,1,29.85,0,0.55
C00596,44,F,Isa Town,Prepaid,2025-02-18,0,8.16,5,0.65
C00597,32,F,Manama,Postpaid,2024-03-28,1,31.27,4,0.76
C00598,36,F,Isa Town,Prepaid,2022-02-10,1,42.67,1,0.14
C00599,58,F,Isa Town,Postpaid,2020-10-12,0,35.02,3,0.19
C00600,27,M,Manama,Prepaid,2025-06-22,0,48.62,2,0.27
C00601,64,M,Muharraq,Prepaid,2021-02-27,1,7.53,3,0.22
C00602,37,F,Riffa,Postpaid,2024-05-01,1,34.85,0,0.33
C00603,21,F,Isa Town,Prepaid,2023-03-05,0,27.16,1,0.19
C00604,42,M,Manama,Prepaid,2024-07-10,1,19.24,3,0.25
C00605,30,F,Manama,Prepaid,2024-03-08,0,23.64,5,0.96
C00606,28,M,Manama,Postpaid,2023-12-18,1,24.06,2,0.2
C00607,60,M,Manama,Prepaid,2023-03-09,0,31.65,2,0.02
C00608,55,M,Isa Town,Prepaid,2024-09-11,1,0.45,0,0.58
C00609,62,M,Riffa,Prepaid,2021-03-13,1,12.44,3,0.09
C00610,58,M,Manama,Postpaid,2021-11-02,1,32.23,5,0.54
C00611,26,F,Muharraq,Postpaid,2024-03-10,0,49.08,5,0.76
C00612,64,M,Manama,Postpaid,2022-04-06,1,17.91,1,0.25
C00613,49,F,Riffa,Postpaid,2023-08-22,0,9.49,1,0.54
C00614,64,F,Riffa,Prepaid,2023-02-05,1,3.44,1,0.45
C00615,52,F,Isa Town,Prepaid,2023-05-21,1,38.8,4,0.38
C00616,19,F,Muharraq,Postpaid,2022-11-10,0,36.05,5,0.97
C00617,30,F,Muharraq,Postpaid,2024-06-17,1,16.13,5,0.32
C00618,51,M,Manama,Prepaid,2022-05-21,0,8.93,0,0.2
C00619,30,M,Manama,Postpaid,2024-03-31,1,32.9,4,0.62
C00620,21,F,Muharraq,Prepaid,2022-01-31,1,0.65,1,0.66
C00621,47,M,Riffa,Postpaid,2021-12-27,0,41.1,5,0.06
C00622,51,M,Manama,Postpaid,2021-05-02,1,3.9,1,0.96
C00623,24,M,Isa Town,Prepaid,2021-09-10,0,9.66,5,0.25
C00624,53,F,Manama,Postpaid,2021-04-30,0,33.72,5,0.67
C00625,28,M,Isa Town,Postpaid,2023-05-31,0,32.88,4,1.0
C00626,40,F,Riffa,Postpaid,2024-07-17,1,20.62,5,0.43
C00627,56,M,Muharraq,Postpaid,2021-08-28,1,38.29,5,0.25
C00628,46,F,Manama,Prepaid,2021-10-24,1,49.15,4,0.02
C00629,37,M,Riffa,Prepaid,2023-02-25,0,10.74,2,0.02
C00630,53,M,Manama,Prepaid,2024-05-09,1,23.02,1,0.14
C00631,55,M,Muharraq,Postpaid,2025-08-13,1,40.55,0,0.57
C00632,64,M,Riffa,Postpaid,2023-05-10,0,8.65,5,0.7
C00633,56,F,Manama,Postpaid,2022-02-23,0,3.92,0,0.92
C00634,40,F,Isa Town,Prepaid,2021-03-26,1,43.49,1,0.75
C00635,58,F,Manama,Postpaid,2021-09-13,0,26.22,2,0.54
C00636,38,M,Muharraq,Prepaid,2021-11-13,0,33.68,3,0.97
C00637,32,F,Riffa,Postpaid,2021-08-17,0,7.4,2,0.08
C00638,53,F,Riffa,Prepaid,2020-10-19,0,19.93,3,0.77
C00639,26,F,Muharraq,Postpaid,2023-05-27,0,19.77,4,0.2
C00640,33,M,Riffa,Postpaid,2022-02-07,0,16.17,4,0.09
C00641,45,F,Riffa,Prepaid,2025-08-09,1,16.04,4,0.66
C00642,28,F,Isa Town,Prepaid,2023-07-01,1,22.02,1,0.2
C00643,27,M,Manama,Prepaid,2024-03-21,1,12.15,4,0.93
C00644,18,F,Manama,Postpaid,2021-05-12,1,22.5,0,0.33
C00645,31,F,Isa Town,Prepaid,2025-01-27,0,34.75,5,0.02
C00646,34,M,Manama,Postpaid,2023-03-09,0,10.03,5,0.62
C00647,47,M,Manama,Postpaid,2025-02-04,0,33.02,5,0.85
C00648,24,M,Riffa,Postpaid,2023-08-08,1,11.56,3,0.51
C00649,38,F,Manama,Prepaid,2023-01-29,0,9.94,3,0.56
C00650,20,M,Riffa,Postpaid,2022-12-07,0,24.5,5,0.16
C00651,61,F,Riffa,Postpaid,2021-08-26,1,11.81,4,0.28
C00652,58,F,Isa Town,Prepaid,2020-12-26,0,47.21,2,0.23
C00653,43,M,Manama,Postpaid,2025-06-09,1,26.04,5,0.61
C00654,44,M,Muharraq,Postpaid,2023-02-13,0,48.53,4,0.33
C00655,31,M,Muharraq,Prepaid,2024-11-04,0,15.45,5,0.9
C00656,45,M,Muharraq,Postpaid,2022-09-26,0,3.39,4,0.95
C00657,29,F,Muharraq,Prepaid,2021-02-06,0,38.27,3,0.96
C00658,46,F,Muharraq,Prepaid,2023-11-17,1,5.34,1,0.03
C00659,56,M,Muharraq,Prepaid,2020-12-30,1,34.37,2,0.08
C00660,26,F,Riffa,Prepaid,2021-06-23,1,42.61,3,0.47
C00661,30,M,Manama,Postpaid,2023-07-19,0,38.23,0,0.93
C00662,32,M,Muharraq,Prepaid,2022-04-02,1,8.85,3,0.87
C00663,62,F,Isa Town,Prepaid,2025-09-13,1,21.38,0,0.61
C00664,64,F,Isa Town,Prepaid,2021-04-28,1,26.03,3,0.46
C00665,33,F,Manama,Postpaid,2024-07-21,0,25.81,5,0.96
C00666,36,F,Isa Town,Postpaid,2023-10-06,0,38.68,2,0.46
C00667,36,M,Muharraq,Postpaid,2024-09-07,1,41.49,3,0.09
C00668,29,M,Isa Town,Postpaid,2021-11-10,0,16.17,0,0.18
C00669,47,M,Riffa,Postpaid,2023-05-06,0,34.59,5,0.8
C00670,23,M,Isa Town,Postpaid,2022-12-26,0,4.27,5,0.38
C00671,42,F,Manama,Prepaid,2022-12-11,0,45.61,4,0.87
C00672,28,M,Muharraq,Prepaid,2025-01-12,0,20.98,2,0.73
C00673,36,M,Manama,Prepaid,2025-09-06,1,48.02,0,0.62
C00674,18,F,Isa Town,Postpaid,2022-04-04,1,27.18,0,0.61
C00675,33,M,Isa Town,Postpaid,2023-11-02,1,20.51,0,0.6
C00676,33,F,Muharraq,Prepaid,2023-10-12,0,9.24,0,0.65
C00677,27,M,Riffa,Postpaid,2024-06-07,0,46.02,0,0.11
C00678,28,F,Muharraq,Postpaid,2025-06-21,0,37.47,2,0.93
C00679,37,F,Riffa,Postpaid,2021-10-08,0,41.01,3,0.84
C00680,36,F,Muharraq,Prepaid,2021-10-14,0,34.73,2,0.33
C00681,51,M,Muharraq,Prepaid,2024-01-13,1,5.47,5,0.98
C00682,48,F,Isa Town,Postpaid,2021-07-07,0,12.98,4,1.0
C00683,26,F,Isa Town,Postpaid,2021-08-07,1,40.4,4,0.23
C00684,30,M,Manama,Prepaid,2021-02-08,1,23.24,0,0.74
C00685,57,F,Isa Town,Prepaid,2020-09-28,0,16.69,4,0.81
C00686,18,M,Riffa,Postpaid,2022-12-26,0,39.51,2,0.3
C00687,18,M,Riffa,Postpaid,2023-09-13,1,19.8,4,0.62
C00688,29,M,Riffa,Postpaid,2022-03-10,0,46.11,3,0.92
C00689,59,M,Isa Town,Prepaid,2021-11-20,0,31.36,4,0.9
C00690,44,M,Riffa,Postpaid,2024-04-07,1,27.76,0,0.21
C00691,40,M,Muharraq,Postpaid,2024-03-31,1,42.04,2,0.98
C00692,54,F,Muharraq,Prepaid,2023-01-01,0,43.23,2,0.71
C00693,63,M,Riffa,Postpaid,2024-03-02,1,4.34,1,0.37
C00694,31,F,Muharraq,Prepaid,2025-05-08,1,18.71,0,0.78
C00695,46,M,Isa Town,Prepaid,2024-09-02,0,9.51,3,0.73
C00696,38,M,Manama,Prepaid,2023-11-09,1,10.26,0,0.46
C00697,18,F,Manama,Prepaid,2024-01-14,0,16.66,0,0.1
C00698,19,F,Muharraq,Postpaid,2025-05-26,1,10.03,2,0.28
C00699,46,M,Riffa,Prepaid,2022-11-09,1,7.87,0,0.02
C00700,31,F,Riffa,Postpaid,2023-06-15,0,7.08,5,0.8
C00701,28,M,Riffa,Postpaid,2023-12-21,0,27.03,0,0.13
C00702,61,M,Manama,Postpaid,2025-04-10,1,2.69,3,0.39
C00703,57,F,Riffa,Postpaid,2024-11-12,1,40.87,5,0.76
C00704,47,M,Manama,Postpaid,2021-02-01,0,4.86,2,0.68
C00705,48,M,Muharraq,Prepaid,2021-07-24,1,43.05,4,0.26
C00706,43,M,Riffa,Postpaid,2022-04-09,1,22.66,0,0.07
C00707,40,F,Isa Town,Prepaid,2024-06-23,0,14.11,2,0.6
C00708,50,M,Isa Town,Prepaid,2023-07-30,0,16.29,5,0.07
C00709,52,F,Isa Town,Postpaid,2022-03-05,1,11.93,1,0.55
C00710,42,M,Riffa,Prepaid,2021-05-09,1,40.7,4,0.43
C00711,54,F,Muharraq,Prepaid,2024-03-05,1,33.13,0,0.74
C00712,25,F,Riffa,Prepaid,2024-03-25,1,41.1,1,0.31
C00713,22,M,Isa Town,Postpaid,2025-06-12,1,24.71,5,0.06
C00714,26,M,Muharraq,Prepaid,2023-03-27,0,22.65,2,0.39
C00715,30,M,Riffa,Postpaid,2023-03-15,1,28.51,5,0.3
C00716,63,F,Manama,Prepaid,2021-02-17,1,30.57,4,0.4
C00717,36,M,Riffa,Prepaid,2020-12-05,0,0.04,4,0.82
C00718,25,F,Manama,Prepaid,2022-11-22,1,21.59,4,0.39
C00719,63,F,Isa Town,Postpaid,2022-05-05,1,21.76,1,0.66
C00720,26,M,Isa Town,Postpaid,2021-12-25,1,42.0,1,0.29
C00721,26,M,Manama,Prepaid,2021-03-09,0,7.2,3,0.66
C00722,23,M,Isa Town,Postpaid,2025-07-17,0,44.68,5,0.6
C00723,57,M,Isa Town,Postpaid,2024-11-29,1,27.6,3,0.38
C00724,29,F,Manama,Postpaid,2023-08-10,0,42.34,1,0.71
C00725,44,F,Manama,Prepaid,2025-06-27,1,28.41,5,0.37
C00726,62,M,Muharraq,Postpaid,2025-09-24,1,23.25,0,0.52
C00727,33,F,Manama,Postpaid,2024-02-04,0,30.65,2,0.54
C00728,48,F,Isa Town,Postpaid,2022-01-29,0,21.05,2,0.29
C00729,62,F,Riffa,Prepaid,2020-12-06,0,31.47,4,0.17
C00730,60,F,Manama,Postpaid,2024-07-06,0,24.24,1,0.51
C00731,34,M,Riffa,Postpaid,2023-01-31,1,42.89,0,0.74
C00732,55,M,Isa Town,Postpaid,2023-12-28,0,40.39,2,0.78
C00733,49,M,Manama,Postpaid,2025-04-24,0,49.2,1,0.6
C00734,49,F,Isa Town,Prepaid,2021-08-21,0,33.03,5,0.64
C00735,54,F,Manama,Postpaid,2023-08-29,0,37.77,0,0.05
C00736,43,F,Riffa,Postpaid,2023-11-27,1,37.31,4,0.23
C00737,48,F,Muharraq,Postpaid,2023-03-11,1,0.59,3,0.38
C00738,51,M,Manama,Postpaid,2021-03-09,1,47.81,3,0.61
C00739,39,F,Riffa,Prepaid,2022-06-21,1,12.77,4,0.39
C00740,64,M,Riffa,Prepaid,2022-05-25,0,15.66,0,0.67
C00741,18,F,Manama,Prepaid,2024-01-31,0,34.27,2,0.22
C00742,34,M,Manama,Prepaid,2025-01-08,1,30.97,0,0.94
C00743,56,M,Manama,Prepaid,2022-05-19,0,42.82,1,0.38
C00744,25,M,Riffa,Postpaid,2024-03-14,0,23.35,0,0.64
C00745,45,F,Riffa,Prepaid,2022-03-04,1,39.04,2,0.78
C00746,42,F,Manama,Postpaid,2025-06-16,1,47.78,2,0.18
C00747,49,M,Isa Town,Prepaid,2024-10-19,0,32.27,0,0.14
C00748,31,M,Isa Town,Postpaid,2023-06-26,1,5.16,0,0.07
C00749,46,M,Isa Town,Prepaid,2023-01-02,1,32.64,0,0.93
C00750,35,M,Riffa,Postpaid,2022-04-21,1,28.73,4,0.71
C00751,48,F,Isa Town,Prepaid,2022-05-07,1,27.01,0,0.38
C00752,25,F,Riffa,Postpaid,2025-08-01,1,20.03,5,1.0
C00753,41,F,Manama,Postpaid,2022-10-02,0,38.02,2,0.65
C00754,53,M,Isa Town,Prepaid,2023-04-22,0,14.94,3,0.9
C00755,49,M,Isa Town,Prepaid,2025-09-03,1,7.0,1,0.03
C00756,49,F,Manama,Postpaid,2024-01-08,0,24.98,3,0.97
C00757,20,F,Manama,Postpaid,2023-06-12,0,39.39,0,0.41
C00758,59,F,Muharraq,Prepaid,2022-10-19,0,46.24,0,0.74
C00759,59,M,Isa Town,Prepaid,2021-09-01,1,12.13,5,0.13
C00760,58,M,Riffa,Prepaid,2022-07-16,0,22.81,1,0.84
C00761,24,M,Isa Town,Prepaid,2024-07-07,0,3.16,1,0.43
C00762,38,M,Muharraq,Postpaid,2023-11-10,1,41.82,1,0.76
C00763,39,M,Manama,Postpaid,2024-07-13,0,7.06,3,0.17
C00764,53,M,Isa Town,Prepaid,2021-09-30,1,46.28,0,0.13
C00765,28,M,Isa Town,Prepaid,2023-06-24,1,0.32,1,0.93
C00766,44,F,Muharraq,Prepaid,2025-05-15,1,7.15,2,0.52
C00767,33,M,Manama,Prepaid,2022-12-03,1,35.86,4,0.95
C00768,40,F,Manama,Prepaid,2024-03-22,1,9.6,4,0.98
C00769,52,M,Isa Town,Prepaid,2021-05-03,1,13.82,1,0.11
C00770,61,F,Isa Town,Prepaid,2025-08-06,0,7.99,0,0.05
C00771,36,M,Isa Town,Postpaid,2023-10-11,1,16.71,3,0.04
C00772,52,M,Muharraq,Prepaid,2021-12-05,0,24.25,0,0.07
C00773,64,F,Riffa,Postpaid,2021-07-10,0,9.94,5,0.9
C00774,25,F,Muharraq,Prepaid,2023-06-27,0,11.86,3,0.87
C00775,32,M,Isa Town,Postpaid,2023-06-29,1,2.72,3,0.14
C00776,29,F,Riffa,Prepaid,2021-03-13,1,22.89,1,0.63
C00777,30,F,Muharraq,Prepaid,2025-09-10,1,34.61,0,0.28
C00778,47,F,Isa Town,Prepaid,2025-04-18,0,38.02,1,0.89
C00779,58,M,Muharraq,Prepaid,2023-01-15,0,20.58,4,0.49
C00780,55,F,Isa Town,Postpaid,2021-04-26,0,0.73,3,0.74
C00781,33,F,Isa Town,Prepaid,2024-11-22,0,44.59,4,0.95
C00782,44,M,Manama,Postpaid,2023-03-23,0,36.67,4,0.03
C00783,48,M,Isa Town,Postpaid,2024-04-25,1,12.03,4,0.75
C00784,31,M,Riffa,Postpaid,2023-04-11,1,11.95,0,0.02
C00785,28,F,Manama,Postpaid,2022-02-05,1,23.19,1,0.87
C00786,29,F,Isa Town,Prepaid,2024-11-27,1,43.02,0,0.38
C00787,51,M,Riffa,Postpaid,2025-08-19,1,37.64,5,0.95
C00788,61,M,Riffa,Prepaid,2021-12-13,0,25.74,5,0.36
C00789,25,F,Riffa,Postpaid,2023-06-28,0,30.96,2,0.37
C00790,53,M,Muharraq,Postpaid,2022-08-25,0,11.93,0,0.65
C00791,65,M,Riffa,Postpaid,2025-05-05,0,44.9,4,0.68
C00792,21,M,Riffa,Postpaid,2023-04-10,1,22.62,4,0.53
C00793,48,F,Isa Town,Postpaid,2025-02-16,0,40.0,5,0.81
C00794,30,F,Manama,Prepaid,2025-01-19,0,19.53,1,0.29
C00795,24,M,Riffa,Prepaid,2022-02-10,0,34.85,3,0.15
C00796,51,M,Riffa,Postpaid,2024-09-06,0,48.48,4,0.93
C00797,40,F,Isa Town,Prepaid,2022-10-22,1,14.58,0,0.02
C00798,51,F,Isa Town,Postpaid,2025-05-27,0,32.79,2,0.49
C00799,47,F,Muharraq,Postpaid,2023-04-09,1,8.59,2,0.23
C00800,36,M,Muharraq,Postpaid,2024-11-01,1,14.22,1,0.62
C00801,63,F,Muharraq,Prepaid,2022-02-22,0,41.97,5,0.9
C00802,28,M,Manama,Prepaid,2022-03-23,0,49.69,4,0.13
C00803,41,M,Muharraq,Prepaid,2023-09-01,1,33.28,2,0.15
C00804,52,M,Riffa,Prepaid,2025-09-22,1,46.02,3,0.93
C00805,47,F,Muharraq,Prepaid,2023-03-07,0,48.51,4,0.98
C00806,59,F,Isa Town,Postpaid,2021-06-22,1,48.48,4,0.67
C00807,39,M,Isa Town,Prepaid,2023-06-04,1,6.97,4,0.12
C00808,43,M,Isa Town,Postpaid,2022-06-16,0,4.62,0,0.61
C00809,55,M,Riffa,Prepaid,2023-06-29,0,1.13,4,0.85
C00810,50,F,Muharraq,Postpaid,2023-06-13,0,15.89,4,0.51
C00811,60,F,Isa Town,Prepaid,2023-01-03,0,35.8,3,0.37
C00812,18,F,Riffa,Postpaid,2022-05-04,1,15.4,3,0.87
C00813,31,F,Isa Town,Postpaid,2021-09-03,0,14.43,5,0.97
C00814,64,F,Muharraq,Prepaid,2024-03-21,1,7.18,2,0.47
C00815,22,F,Manama,Prepaid,2023-08-04,1,20.47,2,0.41
C00816,63,M,Muharraq,Prepaid,2021-11-24,1,41.61,2,0.55
C00817,37,F,Isa Town,Postpaid,2024-08-10,0,11.23,0,0.15
C00818,58,F,Manama,Postpaid,2020-12-12,1,20.86,3,0.91
C00819,19,M,Riffa,Postpaid,2024-06-15,0,49.72,0,0.6
C00820,55,F,Isa Town,Postpaid,2024-04-04,1,31.4,3,0.97
C00821,41,M,Riffa,Prepaid,2024-10-15,0,29.08,1,0.32
C00822,40,M,Manama,Postpaid,2022-08-30,0,18.06,5,0.91
C00823,21,F,Riffa,Prepaid,2024-01-19,1,25.69,5,0.18
C00824,56,M,Riffa,Postpaid,2024-11-01,0,41.34,5,0.8
C00825,61,F,Manama,Postpaid,2025-08-20,1,41.17,0,0.14
C00826,41,F,Isa Town,Postpaid,2023-03-17,1,46.05,1,0.1
C00827,50,M,Muharraq,Prepaid,2020-11-30,0,20.87,0,0.12
C00828,19,F,Riffa,Postpaid,2023-03-30,0,34.55,1,0.82
C00829,29,F,Manama,Prepaid,2023-09-07,1,11.12,5,0.14
C00830,37,M,Muharraq,Prepaid,2025-01-29,0,49.06,3,0.69
C00831,22,M,Isa Town,Postpaid,2025-02-07,0,2.13,0,0.03
C00832,48,M,Riffa,Prepaid,2022-12-07,0,3.31,5,0.01
C00833,25,M,Muharraq,Prepaid,2023-05-12,0,33.53,0,0.09
C00834,55,F,Riffa,Prepaid,2023-01-06,1,42.76,5,0.61
C00835,24,M,Muharraq,Prepaid,2024-05-05,0,48.21,1,0.9
C00836,64,M,Muharraq,Postpaid,2022-10-13,0,18.32,4,0.19
C00837,29,F,Isa Town,Postpaid,2024-01-03,0,10.71,1,0.41
C00838,25,F,Manama,Prepaid,2021-07-03,1,24.79,2,0.7
C00839,23,F,Isa Town,Prepaid,2023-01-29,0,19.24,3,0.6
C00840,61,F,Muharraq,Postpaid,2025-07-30,1,14.53,3,0.19
C00841,48,F,Muharraq,Prepaid,2022-06-04,0,49.94,3,0.67
C00842,46,M,Manama,Prepaid,2024-03-12,1,19.74,5,0.59
C00843,65,M,Manama,Postpaid,2023-12-25,0,48.76,2,0.2
C00844,25,M,Isa Town,Postpaid,2024-12-28,1,13.93,5,0.77
C00845,59,F,Riffa,Postpaid,2024-12-29,1,33.33,3,0.99
C00846,27,F,Manama,Prepaid,2025-01-11,1,12.53,3,0.23
C00847,19,M,Manama,Prepaid,2022-08-19,0,24.91,0,0.97
C00848,56,F,Muharraq,Postpaid,2022-04-25,1,31.1,0,0.76
C00849,47,M,Riffa,Postpaid,2024-04-29,1,24.51,2,0.54
C00850,20,F,Manama,Postpaid,2024-07-12,0,22.51,3,0.44
C00851,20,M,Riffa,Prepaid,2025-02-03,0,24.57,1,0.31
C00852,49,M,Isa Town,Postpaid,2020-11-28,1,23.8,1,0.51
C00853,34,F,Isa Town,Postpaid,2021-01-27,1,38.32,2,0.32
C00854,55,M,Muharraq,Postpaid,2023-11-21,0,17.44,5,0.58
C00855,42,M,Isa Town,Postpaid,2025-05-03,1,49.6,3,0.35
C00856,33,M,Riffa,Prepaid,2025-09-20,0,45.52,0,0.87
C00857,39,M,Manama,Postpaid,2024-06-19,0,1.87,5,0.86
C00858,35,M,Isa Town,Prepaid,2022-11-25,1,49.29,3,0.57
C00859,54,M,Isa Town,Prepaid,2021-03-22,1,34.54,1,0.34
C00860,28,F,Riffa,Postpaid,2023-11-25,1,10.09,5,0.85
C00861,52,M,Riffa,Postpaid,2025-02-04,0,2.38,4,0.4
C00862,57,M,Manama,Postpaid,2022-12-13,0,13.67,4,0.8
C00863,45,M,Riffa,Prepaid,2024-03-14,1,32.58,2,0.5
C00864,45,F,Muharraq,Postpaid,2025-04-01,1,20.12,4,0.52
C00865,19,M,Isa Town,Prepaid,2020-12-17,0,33.04,5,0.94
C00866,58,F,Manama,Prepaid,2024-09-17,1,18.21,1,0.24
C00867,45,F,Riffa,Prepaid,2022-03-13,1,31.7,3,0.27
C00868,59,M,Riffa,Prepaid,2022-08-09,1,20.29,0,0.15
C00869,33,F,Isa Town,Postpaid,2021-06-16,0,27.99,3,0.42
C00870,30,M,Riffa,Prepaid,2023-05-22,0,1.46,2,0.66
C00871,59,M,Isa Town,Prepaid,2023-07-24,0,2.77,0,0.31
C00872,22,F,Riffa,Prepaid,2024-09-10,1,19.84,5,0.84
C00873,25,M,Riffa,Postpaid,2021-07-31,0,44.23,1,0.6
C00874,39,F,Muharraq,Postpaid,2021-02-15,1,10.9,0,0.18
C00875,46,F,Riffa,Prepaid,2025-02-01,1,24.52,2,0.7
C00876,38,F,Isa Town,Prepaid,2023-10-31,0,48.17,1,0.36
C00877,37,M,Manama,Prepaid,2021-12-07,1,34.53,5,0.24
C00878,37,F,Manama,Prepaid,2025-04-18,1,42.88,3,0.01
C00879,34,F,Manama,Prepaid,2021-06-12,1,14.87,1,0.92
C00880,59,F,Manama,Postpaid,2023-01-14,1,43.32,3,0.47
C00881,39,F,Manama,Prepaid,2022-01-01,1,34.92,4,0.07
C00882,56,F,Isa Town,Prepaid,2022-01-03,1,38.1,5,0.64
C00883,59,M,Manama,Postpaid,2020-10-11,1,10.0,2,0.31
C00884,25,M,Muharraq,Prepaid,2024-10-03,0,42.35,5,0.41
C00885,46,F,Muharraq,Postpaid,2025-03-28,1,8.67,4,0.83
C00886,30,M,Isa Town,Postpaid,2024-02-13,1,9.09,3,0.94
C00887,19,M,Muharraq,Prepaid,2021-07-09,0,48.71,1,0.26
C00888,21,F,Isa Town,Postpaid,2022-12-10,0,7.46,2,0.17
C00889,18,F,Isa Town,Postpaid,2022-06-17,0,5.93,5,0.2
C00890,36,F,Isa Town,Prepaid,2023-09-02,1,21.57,1,0.6
C00891,64,M,Isa Town,Prepaid,2023-12-05,1,20.43,1,0.03
C00892,33,F,Muharraq,Postpaid,2022-11-08,1,29.15,5,0.46
C00893,48,M,Riffa,Postpaid,2021-12-24,0,34.34,5,0.38
C00894,65,F,Manama,Prepaid,2024-12-16,1,27.85,0,0.33
C00895,48,F,Manama,Prepaid,2021-09-22,0,12.68,4,0.38
C00896,60,F,Muharraq,Prepaid,2022-08-27,1,29.02,2,0.17
C00897,39,F,Muharraq,Prepaid,2023-02-23,1,15.87,4,0.43
C00898,25,F,Manama,Prepaid,2021-12-01,1,24.96,2,0.75
C00899,36,F,Riffa,Postpaid,2023-08-04,1,21.79,1,0.32
C00900,27,F,Manama,Prepaid,2023-08-10,1,7.43,1,0.18
C00901,34,M,Isa Town,Postpaid,2025-09-11,1,5.8,3,0.04
C00902,63,F,Isa Town,Postpaid,2022-03-17,1,5.62,5,0.87
C00903,40,M,Muharraq,Postpaid,2025-08-15,0,9.03,1,0.75
C00904,54,M,Manama,Prepaid,2024-01-09,1,20.82,0,0.25
C00905,61,M,Riffa,Prepaid,2022-02-07,1,14.21,5,0.12
C00906,55,M,Riffa,Prepaid,2023-07-24,1,1.44,3,0.83
C00907,47,F,Manama,Postpaid,2024-02-28,1,48.49,5,0.62
C00908,38,M,Muharraq,Prepaid,2024-06-15,1,40.08,2,0.32
C00909,65,M,Isa Town,Prepaid,2020-12-22,0,19.94,1,0.24
C00910,23,M,Muharraq,Prepaid,2023-10-06,1,19.43,3,0.28
C00911,25,F,Isa Town,Postpaid,2023-03-20,0,36.79,2,0.9
C00912,40,M,Riffa,Prepaid,2025-04-02,0,24.48,3,0.48
C00913,23,F,Riffa,Prepaid,2022-02-28,1,21.71,3,0.09
C00914,47,M,Muharraq,Postpaid,2024-09-22,1,26.36,5,0.52
C00915,47,F,Manama,Postpaid,2023-10-08,1,15.02,1,0.68
C00916,33,F,Riffa,Prepaid,2022-06-29,1,27.55,0,0.51
C00917,44,M,Isa Town,Postpaid,2023-12-01,1,17.77,4,0.08
C00918,25,F,Muharraq,Prepaid,2023-11-02,0,42.15,0,0.08
C00919,38,F,Isa Town,Postpaid,2024-02-14,1,17.07,1,0.21
C00920,65,F,Manama,Postpaid,2024-05-03,0,26.72,0,0.39
C00921,28,F,Isa Town,Postpaid,2024-01-11,0,43.44,5,0.6
C00922,37,F,Isa Town,Postpaid,2024-12-03,1,4.38,1,0.01
C00923,19,M,Manama,Prepaid,2023-11-15,0,24.06,1,0.65
C00924,58,M,Manama,Postpaid,2025-04-01,1,38.49,1,0.47
C00925,25,M,Muharraq,Postpaid,2023-12-18,0,48.19,3,0.02
C00926,55,M,Muharraq,Postpaid,2022-04-11,1,28.47,3,0.05
C00927,24,F,Isa Town,Postpaid,2022-12-08,0,36.85,4,0.73
C00928,20,F,Isa Town,Postpaid,2023-08-18,1,25.67,5,0.61
C00929,32,M,Manama,Postpaid,2024-05-24,1,28.82,4,0.06
C00930,48,M,Isa Town,Postpaid,2021-03-07,1,22.42,3,0.02
C00931,64,M,Isa Town,Postpaid,2022-03-17,1,21.91,4,0.22
C00932,56,F,Muharraq,Postpaid,2024-06-20,1,36.15,3,0.96
C00933,48,M,Muharraq,Postpaid,2021-08-10,1,34.53,0,0.67
C00934,29,M,Muharraq,Postpaid,2021-05-23,0,5.05,3,0.94
C00935,37,M,Muharraq,Prepaid,2023-06-06,1,49.96,2,0.88
C00936,61,M,Muharraq,Prepaid,2025-08-03,1,40.34,2,0.43
C00937,25,M,Isa Town,Postpaid,2023-05-21,0,49.68,2,0.77
C00938,27,M,Manama,Postpaid,2025-04-19,1,39.95,0,0.97
C00939,53,M,Manama,Prepaid,2024-11-19,0,31.5,1,0.91
C00940,64,F,Isa Town,Postpaid,2022-01-06,0,36.63,0,0.15
C00941,39,M,Manama,Prepaid,2024-11-08,1,21.96,3,0.77
C00942,33,F,Riffa,Postpaid,2023-02-21,0,25.25,0,0.27
C00943,41,M,Muharraq,Postpaid,2024-10-06,1,39.36,1,0.8
C00944,44,F,Riffa,Prepaid,2024-06-18,1,22.13,0,0.72
C00945,23,F,Riffa,Postpaid,2022-06-04,0,49.1,1,0.43
C00946,20,M,Manama,Postpaid,2021-04-22,1,20.97,5,0.7
C00947,64,F,Riffa,Prepaid,2025-07-19,1,41.35,4,0.61
C00948,62,F,Isa Town,Prepaid,2021-06-08,0,44.38,4,0.79
C00949,62,F,Isa Town,Prepaid,2025-07-25,1,44.05,0,0.04
C00950,42,M,Riffa,Prepaid,2025-01-12,1,4.64,4,0.31
C00951,58,M,Manama,Prepaid,2024-05-09,1,44.52,4,0.59
C00952,37,F,Manama,Prepaid,2025-08-19,0,42.08,2,0.63
C00953,25,M,Manama,Postpaid,2025-07-27,1,14.9,5,0.01
C00954,33,M,Riffa,Postpaid,2024-10-02,1,14.23,5,0.57
C00955,63,F,Muharraq,Prepaid,2022-07-24,0,16.39,4,0.19
C00956,47,M,Muharraq,Postpaid,2024-09-07,1,41.42,0,0.09
C00957,26,F,Muharraq,Postpaid,2020-10-19,1,3.9,5,0.53
C00958,34,F,Isa Town,Postpaid,2023-06-01,1,34.45,3,0.73
C00959,28,M,Muharraq,Postpaid,2023-01-02,1,35.56,1,0.97
C00960,62,M,Isa Town,Postpaid,2024-02-05,0,1.63,1,0.94
C00961,25,F,Manama,Prepaid,2024-02-04,1,18.48,2,0.04
C00962,25,F,Riffa,Postpaid,2023-08-27,0,15.16,3,0.03
C00963,27,F,Manama,Postpaid,2024-11-04,0,44.45,1,0.18
C00964,18,M,Riffa,Prepaid,2025-06-07,1,43.52,3,0.48
C00965,54,F,Riffa,Postpaid,2021-04-09,1,23.76,5,0.83
C00966,26,F,Isa Town,Postpaid,2021-11-25,0,7.45,5,0.33
C00967,42,M,Isa Town,Postpaid,2020-11-08,1,27.05,5,0.89
C00968,59,M,Muharraq,Prepaid,2025-02-25,1,28.6,5,0.31
C00969,59,M,Muharraq,Prepaid,2023-07-16,0,47.86,4,0.19
C00970,50,M,Manama,Prepaid,2025-04-23,1,48.12,2,0.79
C00971,63,F,Manama,Postpaid,2021-11-02,0,20.09,0,0.49
C00972,39,F,Muharraq,Postpaid,2021-01-17,0,1.2,4,0.32
C00973,23,M,Manama,Prepaid,2024-11-07,1,14.27,1,0.26
C00974,27,F,Isa Town,Prepaid,2025-04-12,0,2.95,2,0.18
C00975,37,F,Manama,Postpaid,2022-03-30,0,7.12,2,0.26
C00976,21,M,Muharraq,Prepaid,2022-10-09,0,24.65,4,0.39
C00977,35,M,Riffa,Postpaid,2021-06-06,0,27.66,0,0.48
C00978,58,M,Manama,Postpaid,2025-06-18,1,27.7,4,0.68
C00979,53,M,Riffa,Postpaid,2022-04-03,0,22.3,5,0.5
C00980,41,M,Muharraq,Postpaid,2023-03-13,0,48.07,4,0.45
C00981,47,F,Muharraq,Prepaid,2021-03-20,0,3.01,3,0.27
C00982,61,F,Riffa,Prepaid,2025-03-03,1,29.26,4,0.28
C00983,65,M,Riffa,Prepaid,2021-05-29,0,19.77,0,0.83
C00984,45,M,Riffa,Postpaid,2022-12-31,1,31.76,5,0.45
C00985,60,F,Riffa,Prepaid,2024-01-31,0,22.99,4,0.33
C00986,59,M,Isa Town,Prepaid,2024-06-12,0,45.07,5,0.17
C00987,43,M,Manama,Prepaid,2025-06-18,1,44.63,5,0.45
C00988,40,F,Riffa,Postpaid,2022-10-29,0,8.86,5,0.98
C00989,47,F,Muharraq,Postpaid,2024-06-11,0,0.47,5,0.02
C00990,61,F,Muharraq,Prepaid,2021-07-03,1,40.81,5,0.3
C00991,32,F,Riffa,Prepaid,2022-10-21,0,14.04,5,0.71
C00992,18,M,Isa Town,Prepaid,2021-03-23,0,43.5,4,0.5
C00993,53,M,Muharraq,Prepaid,2023-03-07,0,29.41,5,0.07
C00994,54,M,Riffa,Prepaid,2022-10-09,1,42.38,0,0.99
C00995,61,F,Manama,Postpaid,2025-06-28,1,32.05,5,0.05
C00996,45,F,Riffa,Prepaid,2020-11-22,1,34.01,3,0.5
C00997,64,M,Manama,Postpaid,2022-08-01,0,45.92,4,0.45
C00998,43,M,Riffa,Prepaid,2022-12-13,0,44.0,0,0.99
C00999,62,F,Manama,Prepaid,2025-06-26,0,9.84,2,0.31
C01000,19,F,Isa Town,Prepaid,2025-01-03,0,29.63,5,0.94
