customer_id,income_bracket,household_size,nationality,education_level
C00001,Low,5,Expats-GCC,Bachelor
C00002,Low,6,Expats-Asia,PhD
C00003,High,7,Expats-GCC,Bachelor
C00004,Low,3,Bahraini,PhD
C00005,High,3,Bahraini,PhD
C00006,High,4,Bahraini,Master
C00007,High,5,Expats-Asia,Master
C00008,High,3,Expats-GCC,Bachelor
C00009,Medium,3,Expats-Asia,High School
C00010,Low,6,Bahraini,High School
C00011,High,2,Bahraini,PhD
C00012,Medium,4,Bahraini,Master
C00013,Low,7,Expats-Other,Bachelor
C00014,Low,2,Bahraini,Master
C00015,Low,6,Expats-Other,Master
C00016,Low,5,Expats-Other,PhD
C00017,High,7,Expats-GCC,PhD
C00018,Low,3,Expats-Other,Master
C00019,Low,1,Expats-Asia,Bachelor
C00020,Medium,2,Expats-GCC,High School
C00021,Medium,7,Bahraini,Master
C00022,Low,1,Bahraini,PhD
C00023,Medium,2,Expats-GCC,Bachelor
C00024,High,4,Expats-Asia,Master
C00025,High,5,Expats-GCC,PhD
C00026,Medium,3,Expats-GCC,PhD
C00027,Low,1,Expats-Other,PhD
C00028,High,6,Expats-Other,PhD
C00029,Low,5,Bahraini,High School
C00030,Low,1,Expats-GCC,High School
C00031,High,3,Expats-GCC,Bachelor
C00032,Low,5,Expats-GCC,Master
C00033,Low,2,Expats-GCC,PhD
C00034,Medium,3,Bahraini,Master
C00035,Medium,7,Bahraini,PhD
C00036,High,2,Expats-GCC,Master
C00037,Medium,5,Expats-Other,Master
C00038,Medium,1,Expats-Asia,High School
C00039,High,2,Expats-Other,High School
C00040,Medium,6,Expats-Asia,Master
C00041,High,3,Expats-GCC,PhD
C00042,High,2,Expats-GCC,PhD
C00043,Low,2,Bahraini,Master
C00044,High,4,Bahraini,PhD
C00045,High,7,Bahraini,Master
C00046,Medium,6,Expats-Other,High School
C00047,Low,2,Expats-Other,Master
C00048,Medium,3,Bahraini,High School
C00049,Medium,2,Expats-Other,PhD
C00050,Low,2,Expats-Other,PhD
C00051,Low,3,Bahraini,Bachelor
C00052,Medium,4,Expats-GCC,Bachelor
C00053,Medium,7,Expats-GCC,Master
C00054,Medium,6,Expats-Asia,Master
C00055,Medium,1,Expats-Asia,Master
C00056,Low,1,Bahraini,PhD
C00057,Medium,7,Expats-Other,Bachelor
C00058,Low,7,Expats-GCC,PhD
C00059,Medium,5,Bahraini,High School
C00060,Low,7,Expats-Other,Master
C00061,Low,2,Expats-Asia,Bachelor
C00062,High,4,Expats-GCC,High School
C00063,Medium,5,Expats-Asia,Bachelor
C00064,Low,2,Expats-GCC,Master
C00065,Low,5,Expats-Asia,High School
C00066,High,4,Expats-Asia,PhD
C00067,Medium,1,Expats-Other,PhD
C00068,Medium,6,Expats-Other,Bachelor
C00069,Low,6,Expats-Asia,Master
C00070,High,7,Expats-GCC,PhD
C00071,Medium,1,Expats-Other,Bachelor
C00072,Low,6,Expats-Asia,High School
C00073,High,2,Expats-GCC,PhD
C00074,High,2,Expats-Other,High School
C00075,Medium,7,Expats-GCC,PhD
C00076,Medium,5,Expats-Other,PhD
C00077,High,5,Bahraini,High School
C00078,Medium,5,Expats-Asia,PhD
C00079,Medium,2,Bahraini,High School
C00080,Low,2,Expats-GCC,PhD
C00081,Medium,1,Expats-GCC,PhD
C00082,High,7,Bahraini,Master
C00083,Medium,7,Bahraini,Bachelor
C00084,High,1,Expats-GCC,Bachelor
C00085,Medium,7,Bahraini,Master
C00086,Low,6,Bahraini,Bachelor
C00087,Medium,3,Expats-Other,Bachelor
C00088,Medium,7,Expats-GCC,Bachelor
C00089,High,2,Expats-Other,Master
C00090,High,3,Expats-Asia,Bachelor
C00091,Medium,7,Expats-Other,Bachelor
C00092,High,2,Expats-GCC,PhD
C00093,High,5,Expats-GCC,Bachelor
C00094,Medium,1,Expats-Other,Bachelor
C00095,High,1,Expats-Asia,High School
C00096,High,6,Expats-Other,High School
C00097,High,5,Bahraini,High School
C00098,High,5,Bahraini,Master
C00099,Low,5,Expats-GCC,Bachelor
C00100,Medium,6,Expats-GCC,PhD
C00101,Low,3,Expats-Asia,Master
C00102,Low,2,Expats-Other,Master
C00103,High,3,Expats-GCC,PhD
C00104,Medium,2,Expats-GCC,PhD
C00105,Low,2,Expats-GCC,High School
C00106,Medium,3,Expats-GCC,Bachelor
C00107,Medium,1,Bahraini,PhD
C00108,High,7,Expats-GCC,Bachelor
C00109,High,4,Expats-Asia,Master
C00110,Low,1,Expats-Other,Master
C00111,High,7,Bahraini,PhD
C00112,Low,5,Expats-Other,Bachelor
C00113,Medium,7,Expats-Asia,High School
C00114,Low,2,Expats-Other,PhD
C00115,High,1,Expats-Asia,PhD
C00116,Medium,7,Expats-GCC,PhD
C00117,Medium,6,Expats-Asia,PhD
C00118,Low,6,Bahraini,High School
C00119,Low,2,Bahraini,PhD
C00120,Low,2,Bahraini,High School
C00121,High,3,Expats-Other,Master
C00122,Medium,7,Bahraini,PhD
C00123,Low,4,Expats-Asia,High School
C00124,Medium,4,Expats-Other,Master
C00125,Medium,5,Bahraini,PhD
C00126,Medium,5,Expats-Other,PhD
C00127,Low,6,Expats-GCC,Bachelor
C00128,Low,4,Expats-Asia,Master
C00129,High,6,Expats-Asia,High School
C00130,Medium,2,Expats-Other,High School
C00131,High,3,Expats-GCC,Master
C00132,Low,3,Bahraini,PhD
C00133,Low,4,Expats-GCC,High School
C00134,Medium,4,Expats-Other,Master
C00135,High,3,Expats-GCC,Bachelor
C00136,Low,1,Expats-GCC,Master
C00137,Low,6,Bahraini,PhD
C00138,Low,5,Bahraini,High School
C00139,Low,3,Expats-Other,Bachelor
C00140,Low,4,Expats-Asia,High School
C00141,Low,6,Expats-GCC,Master
C00142,High,2,Expats-Asia,High School
C00143,High,6,Expats-GCC,Bachelor
C00144,Low,4,Bahraini,High School
C00145,Medium,3,Expats-GCC,Master
C00146,Low,2,Expats-Asia,PhD
C00147,High,2,Expats-Asia,Bachelor
C00148,Low,6,Expats-Other,High School
C00149,High,6,Bahraini,PhD
C00150,Low,7,Expats-GCC,Master
C00151,Medium,4,Bahraini,Master
C00152,Medium,7,Expats-GCC,Bachelor
C00153,High,6,Expats-GCC,Master
C00154,Medium,1,Expats-Other,PhD
C00155,High,5,Expats-GCC,Bachelor
C00156,Low,4,Expats-GCC,Master
C00157,Medium,7,Bahraini,Bachelor
C00158,High,3,Expats-Asia,PhD
C00159,Low,6,Expats-Other,High School
C00160,High,6,Bahraini,PhD
C00161,High,2,Expats-Asia,Master
C00162,High,5,Expats-GCC,High School
C00163,Medium,3,Expats-GCC,PhD
C00164,Medium,1,Expats-GCC,Bachelor
C00165,High,4,Bahraini,Bachelor
C00166,Medium,4,Expats-Asia,PhD
C00167,Low,4,Bahraini,PhD
C00168,Low,3,Expats-Asia,Bachelor
C00169,Low,4,Bahraini,PhD
C00170,High,7,Expats-GCC,PhD
C00171,Medium,1,Expats-GCC,PhD
C00172,High,3,Expats-Other,High School
C00173,Medium,5,Expats-Asia,Bachelor
C00174,Low,2,Bahraini,PhD
C00175,High,7,Expats-Asia,High School
C00176,High,6,Expats-Other,PhD
C00177,Low,5,Expats-Other,PhD
C00178,Low,7,Bahraini,Master
C00179,Low,5,Expats-Other,Bachelor
C00180,High,2,Bahraini,High School
C00181,High,4,Expats-Other,PhD
C00182,Medium,6,Expats-Other,Master
C00183,Medium,3,Bahraini,High School
C00184,High,7,Expats-GCC,Master
C00185,Medium,2,Bahraini,PhD
C00186,Medium,3,Bahraini,Master
C00187,Medium,7,Bahraini,PhD
C00188,Low,3,Expats-GCC,Master
C00189,Low,2,Expats-Other,Bachelor
C00190,Medium,4,Expats-Asia,Master
C00191,Medium,4,Expats-Other,High School
C00192,High,3,Bahraini,Master
C00193,Low,3,Bahraini,Master
C00194,Medium,2,Expats-Other,High School
C00195,Low,5,Expats-Asia,Master
C00196,Low,5,Expats-GCC,Bachelor
C00197,Low,2,Expats-GCC,PhD
C00198,Medium,5,Expats-GCC,Master
C00199,Low,3,Expats-Asia,High School
C00200,High,4,Expats-Other,PhD
C00201,Low,5,Expats-Asia,PhD
C00202,High,7,Expats-GCC,Bachelor
C00203,Medium,6,Expats-Asia,Bachelor
C00204,Medium,6,Expats-Other,Bachelor
C00205,Medium,4,Expats-GCC,PhD
C00206,Low,1,Expats-Other,High School
C00207,Medium,3,Expats-GCC,Master
C00208,High,7,Expats-Asia,Master
C00209,Low,5,Expats-Asia,Master
C00210,Low,4,Expats-Asia,Bachelor
C00211,High,3,Expats-Other,Bachelor
C00212,Low,5,Expats-Other,Bachelor
C00213,High,3,Expats-Asia,Master
C00214,Low,4,Expats-GCC,Master
C00215,Low,1,Expats-Asia,High School
C00216,Medium,2,Bahraini,Master
C00217,Medium,3,Bahraini,PhD
C00218,Medium,7,Expats-Other,Bachelor
C00219,Medium,2,Expats-Asia,PhD
C00220,Medium,1,Expats-Asia,High School
C00221,Medium,2,Expats-Other,PhD
C00222,Low,2,Expats-Asia,Master
C00223,Medium,4,Expats-Other,Bachelor
C00224,Low,4,Expats-Other,PhD
C00225,Medium,1,Bahraini,High School
C00226,Medium,6,Expats-Asia,High School
C00227,High,7,Expats-Asia,High School
C00228,Medium,2,Expats-GCC,Master
C00229,Medium,1,Expats-Asia,High School
C00230,Medium,1,Bahraini,PhD
C00231,Low,5,Expats-GCC,Bachelor
C00232,Low,1,Expats-GCC,Master
C00233,Low,7,Expats-GCC,High School
C00234,Low,2,Expats-Asia,High School
C00235,Low,7,Bahraini,Master
C00236,Medium,3,Expats-Other,Bachelor
C00237,High,5,Bahraini,Master
C00238,Medium,3,Expats-GCC,Bachelor
C00239,Medium,5,Expats-GCC,High School
C00240,Medium,5,Expats-Other,Master
C00241,Medium,6,Expats-Asia,Master
C00242,Medium,5,Expats-Asia,Master
C00243,Low,7,Expats-Other,Bachelor
C00244,Low,2,Expats-GCC,Master
C00245,High,7,Expats-Other,Master
C00246,Low,5,Bahraini,Bachelor
C00247,High,3,Expats-GCC,High School
C00248,High,2,Expats-Asia,High School
C00249,Low,1,Bahraini,PhD
C00250,Low,4,Expats-Asia,Master
C00251,High,1,Expats-GCC,Master
C00252,High,6,Expats-GCC,Master
C00253,Low,4,Expats-Other,Bachelor
C00254,Low,3,Expats-GCC,High School
C00255,High,7,Expats-Other,High School
C00256,High,6,Expats-GCC,High School
C00257,High,7,Expats-GCC,High School
C00258,Medium,6,Bahraini,PhD
C00259,High,2,Expats-GCC,Bachelor
C00260,Low,5,Expats-Other,PhD
C00261,High,6,Bahraini,High School
C00262,High,7,Bahraini,High School
C00263,Low,7,Expats-GCC,Bachelor
C00264,Medium,5,Expats-Other,High School
C00265,High,2,Expats-Asia,PhD
C00266,High,3,Expats-GCC,Master
C00267,Medium,3,Expats-Asia,High School
C00268,Low,5,Expats-GCC,Master
C00269,Medium,7,Expats-Other,Bachelor
C00270,High,4,Expats-GCC,PhD
C00271,Low,3,Bahraini,Bachelor
C00272,Low,5,Expats-Asia,Bachelor
C00273,Low,2,Bahraini,PhD
C00274,High,3,Bahraini,Master
C00275,Medium,1,Bahraini,High School
C00276,High,2,Expats-Asia,PhD
C00277,Low,5,Expats-Other,Bachelor
C00278,High,3,Expats-GCC,High School
C00279,Low,4,Expats-Other,Bachelor
C00280,Low,2,Expats-GCC,PhD
C00281,Medium,3,Expats-GCC,Master
C00282,High,6,Bahraini,Bachelor
C00283,High,3,Expats-Other,PhD
C00284,High,5,Expats-GCC,Bachelor
C00285,High,3,Expats-Asia,Master
C00286,High,2,Bahraini,High School
C00287,Low,6,Bahraini,Master
C00288,High,3,Expats-Asia,Master
C00289,High,7,Expats-Asia,PhD
C00290,High,2,Bahraini,PhD
C00291,Medium,1,Expats-Asia,High School
C00292,High,7,Expats-Other,High School
C00293,Low,6,Expats-GCC,Bachelor
C00294,Low,6,Expats-Other,PhD
C00295,Medium,5,Bahraini,Bachelor
C00296,Medium,7,Expats-Asia,Bachelor
C00297,High,1,Bahraini,Bachelor
C00298,Low,1,Expats-Asia,High School
C00299,High,1,Expats-GCC,PhD
C00300,Low,5,Bahraini,High School
C00301,Low,7,Expats-Other,Bachelor
C00302,High,3,Expats-Other,Master
C00303,Medium,1,Expats-GCC,PhD
C00304,Low,4,Bahraini,High School
C00305,Medium,7,Expats-Other,Bachelor
C00306,Low,6,Bahraini,Bachelor
C00307,Low,3,Bahraini,PhD
C00308,Medium,4,Expats-Other,Bachelor
C00309,Low,2,Expats-Other,Master
C00310,Medium,2,Bahraini,Bachelor
C00311,Low,3,Expats-Asia,Master
C00312,High,2,Expats-Asia,PhD
C00313,Medium,4,Expats-GCC,High School
C00314,High,2,Expats-Asia,High School
C00315,High,6,Expats-Asia,Master
C00316,Low,7,Expats-Asia,PhD
C00317,Medium,2,Expats-Other,PhD
C00318,Low,7,Expats-Other,Bachelor
C00319,Medium,4,Expats-Asia,Master
C00320,High,4,Expats-Asia,PhD
C00321,Medium,4,Expats-Asia,Master
C00322,High,4,Expats-Other,High School
C00323,Medium,1,Expats-Other,Master
C00324,Low,4,Expats-Other,PhD
C00325,Medium,7,Expats-Asia,High School
C00326,Low,3,Bahraini,Master
C00327,High,2,Expats-Asia,PhD
C00328,High,4,Bahraini,Master
C00329,Low,4,Expats-Asia,PhD
C00330,High,4,Expats-Asia,High School
C00331,High,5,Bahraini,Master
C00332,High,4,Expats-Other,High School
C00333,High,6,Expats-Other,Bachelor
C00334,High,6,Expats-GCC,Master
C00335,Low,6,Expats-Asia,High School
C00336,Medium,2,Expats-Other,Master
C00337,Low,7,Expats-GCC,High School
C00338,High,5,Expats-GCC,Bachelor
C00339,Medium,2,Bahraini,Bachelor
C00340,Low,5,Bahraini,Bachelor
C00341,High,7,Expats-Asia,Master
C00342,High,7,Expats-Other,Bachelor
C00343,Medium,4,Expats-GCC,Master
C00344,High,1,Expats-Asia,PhD
C00345,Medium,5,Expats-Other,High School
C00346,Medium,6,Bahraini,Bachelor
C00347,High,5,Expats-Asia,Master
C00348,Medium,7,Expats-GCC,Master
C00349,Low,6,Expats-GCC,Master
C00350,High,7,Expats-Asia,High School
C00351,Medium,5,Expats-Asia,Bachelor
C00352,Medium,7,Expats-Asia,Bachelor
C00353,Low,5,Expats-Other,Master
C00354,Low,2,Bahraini,High School
C00355,Low,5,Bahraini,PhD
C00356,High,3,Expats-Other,Bachelor
C00357,Low,1,Bahraini,Master
C00358,High,4,Expats-GCC,Bachelor
C00359,Medium,7,Bahraini,High School
C00360,Low,3,Bahraini,Master
C00361,High,7,Expats-Asia,PhD
C00362,High,7,Bahraini,PhD
C00363,High,3,Bahraini,High School
C00364,High,3,Expats-Other,Master
C00365,High,2,Expats-Asia,Master
C00366,Medium,5,Expats-Asia,Bachelor
C00367,Low,1,Expats-Asia,Bachelor
C00368,Low,6,Expats-Asia,High School
C00369,High,2,Expats-Other,Master
C00370,Medium,5,Bahraini,PhD
C00371,High,4,Expats-GCC,Master
C00372,Medium,1,Expats-Asia,Master
C00373,Low,3,Bahraini,High School
C00374,High,2,Expats-Other,Master
C00375,Medium,7,Expats-Other,High School
C00376,Medium,7,Expats-Other,High School
C00377,High,4,Bahraini,PhD
C00378,High,3,Bahraini,Bachelor
C00379,Medium,7,Bahraini,Bachelor
C00380,High,3,Expats-GCC,PhD
C00381,High,3,Expats-Asia,Master
C00382,High,2,Expats-Other,PhD
C00383,High,1,Expats-Other,Bachelor
C00384,Low,4,Bahraini,Master
C00385,Medium,5,Expats-Asia,High School
C00386,Medium,1,Expats-GCC,PhD
C00387,Medium,1,Bahraini,High School
C00388,Low,6,Expats-GCC,Master
C00389,Low,6,Expats-GCC,High School
C00390,High,7,Expats-Asia,Master
C00391,High,6,Expats-Other,High School
C00392,Medium,7,Expats-Other,Bachelor
C00393,High,3,Expats-Asia,Bachelor
C00394,High,3,Expats-Other,Bachelor
C00395,Low,4,Expats-Asia,Master
C00396,High,6,Bahraini,Bachelor
C00397,High,5,Expats-Other,PhD
C00398,Low,1,Bahraini,High School
C00399,Low,6,Expats-GCC,Bachelor
C00400,Medium,5,Expats-Asia,Bachelor
C00401,Low,2,Bahraini,Master
C00402,Low,2,Expats-Asia,High School
C00403,High,4,Bahraini,PhD
C00404,Low,2,Expats-Other,PhD
C00405,High,4,Expats-GCC,Bachelor
C00406,High,5,Expats-Other,High School
C00407,High,6,Bahraini,Bachelor
C00408,High,2,Expats-GCC,High School
C00409,High,2,Expats-GCC,High School
C00410,Medium,3,Expats-Asia,Bachelor
C00411,Medium,1,Expats-Other,High School
C00412,Medium,3,Expats-Asia,PhD
C00413,Low,7,Bahraini,Master
C00414,Low,6,Expats-Asia,High School
C00415,Low,6,Expats-GCC,Master
C00416,Low,2,Expats-Asia,High School
C00417,Medium,1,Bahraini,Bachelor
C00418,High,7,Bahraini,Bachelor
C00419,Medium,4,Expats-Asia,Bachelor
C00420,Medium,1,Expats-GCC,High School
C00421,Medium,6,Expats-Other,Bachelor
C00422,Medium,6,Bahraini,PhD
C00423,Low,2,Expats-GCC,Master
C00424,High,1,Expats-GCC,PhD
C00425,High,2,Expats-GCC,High School
C00426,Low,6,Expats-Asia,Bachelor
C00427,High,6,Expats-Other,PhD
C00428,High,3,Expats-Asia,PhD
C00429,Low,1,Bahraini,PhD
C00430,Medium,1,Bahraini,PhD
C00431,Low,1,Expats-GCC,High School
C00432,Low,3,Bahraini,PhD
C00433,High,4,Expats-Other,Master
C00434,High,6,Expats-Asia,Bachelor
C00435,Medium,2,Expats-GCC,High School
C00436,High,2,Expats-Asia,High School
C00437,High,7,Bahraini,High School
C00438,Low,3,Expats-Asia,PhD
C00439,High,6,Expats-Asia,High School
C00440,High,2,Bahraini,Master
C00441,High,5,Expats-Asia,Master
C00442,Medium,6,Expats-Asia,PhD
C00443,Low,3,Expats-Asia,PhD
C00444,Low,6,Bahraini,Master
C00445,Medium,3,Expats-Asia,Bachelor
C00446,High,1,Expats-Other,Master
C00447,Medium,2,Expats-Asia,High School
C00448,Medium,7,Expats-Other,Master
C00449,Low,7,Expats-Asia,Master
C00450,Medium,3,Expats-Other,Master
C00451,Medium,3,Bahraini,Master
C00452,High,3,Expats-GCC,Master
C00453,Low,6,Expats-Other,Master
C00454,Medium,3,Bahraini,Bachelor
C00455,Low,3,Expats-GCC,High School
C00456,Medium,5,Expats-Asia,Bachelor
C00457,Low,2,Bahraini,Bachelor
C00458,Medium,6,Expats-Other,Master
C00459,Medium,5,Expats-GCC,Bachelor
C00460,Medium,4,Expats-Other,Bachelor
C00461,High,7,Expats-Other,High School
C00462,Medium,3,Expats-GCC,Bachelor
C00463,Medium,1,Expats-GCC,Master
C00464,Low,6,Expats-GCC,Bachelor
C00465,Medium,7,Bahraini,Bachelor
C00466,Medium,4,Expats-GCC,Bachelor
C00467,Low,7,Expats-Other,Bachelor
C00468,Low,4,Expats-Asia,High School
C00469,High,4,Expats-Asia,Bachelor
C00470,Medium,1,Bahraini,PhD
C00471,Low,2,Expats-GCC,PhD
C00472,Medium,2,Expats-GCC,Master
C00473,Low,1,Bahraini,Master
C00474,High,2,Expats-Other,Master
C00475,Medium,6,Expats-GCC,PhD
C00476,Low,2,Bahraini,Master
C00477,Medium,1,Bahraini,Master
C00478,High,5,Bahraini,High School
C00479,Low,7,Expats-Asia,Bachelor
C00480,High,1,Expats-Other,Bachelor
C00481,Medium,2,Bahraini,PhD
C00482,Medium,2,Expats-GCC,Master
C00483,Medium,2,Expats-Asia,Bachelor
C00484,Low,3,Expats-Other,High School
C00485,High,4,Expats-GCC,High School
C00486,Medium,1,Expats-GCC,Bachelor
C00487,Medium,2,Expats-Asia,Bachelor
C00488,High,7,Bahraini,High School
C00489,High,6,Bahraini,PhD
C00490,Low,1,Expats-Other,Bachelor
C00491,Low,2,Expats-Asia,Bachelor
C00492,Low,6,Expats-Other,Bachelor
C00493,Medium,3,Expats-Other,Bachelor
C00494,High,6,Bahraini,PhD
C00495,Low,2,Bahraini,Bachelor
C00496,Medium,4,Expats-Other,High School
C00497,Low,2,Expats-Asia,High School
C00498,High,5,Expats-GCC,PhD
C00499,Low,3,Expats-Asia,Master
C00500,Low,1,Expats-Other,PhD
C00501,High,5,Bahraini,Master
C00502,Low,7,Expats-GCC,High School
C00503,Low,7,Expats-Other,PhD
C00504,High,5,Expats-Asia,High School
C00505,Medium,4,Expats-Asia,High School
C00506,Low,5,Bahraini,High School
C00507,Medium,3,Expats-Asia,High School
C00508,Low,4,Expats-Other,PhD
C00509,Low,1,Expats-GCC,Bachelor
C00510,Low,4,Expats-GCC,Master
C00511,Medium,3,Bahraini,High School
C00512,Low,1,Expats-GCC,PhD
C00513,Medium,7,Expats-Asia,PhD
C00514,Medium,2,Expats-Other,Bachelor
C00515,High,3,Expats-Other,High School
C00516,High,6,Expats-Asia,Master
C00517,High,1,Expats-Other,Bachelor
C00518,Low,2,Bahraini,Bachelor
C00519,High,7,Bahraini,Bachelor
C00520,Low,4,Expats-GCC,PhD
C00521,Low,3,Bahraini,High School
C00522,Low,5,Bahraini,Bachelor
C00523,High,1,Bahraini,Bachelor
C00524,Medium,2,Expats-GCC,PhD
C00525,Low,3,Bahraini,PhD
C00526,Medium,6,Expats-Asia,Bachelor
C00527,High,3,Expats-GCC,Bachelor
C00528,High,2,Expats-Asia,Master
C00529,Medium,3,Expats-Asia,PhD
C00530,Medium,2,Bahraini,PhD
C00531,High,1,Expats-Asia,Master
C00532,Medium,5,Bahraini,Bachelor
C00533,Medium,3,Expats-GCC,Master
C00534,High,7,Expats-Asia,Bachelor
C00535,Low,4,Expats-GCC,Master
C00536,Medium,4,Expats-Other,PhD
C00537,High,7,Expats-GCC,Bachelor
C00538,Medium,6,Expats-Other,PhD
C00539,Low,4,Expats-Asia,PhD
C00540,High,1,Expats-Asia,Master
C00541,Medium,2,Expats-GCC,Master
C00542,High,7,Expats-GCC,High School
C00543,Medium,5,Expats-Other,Master
C00544,Low,3,Expats-Asia,PhD
C00545,High,1,Expats-Other,Master
C00546,Low,4,Bahraini,PhD
C00547,Low,6,Expats-GCC,Master
C00548,High,5,Expats-Other,Bachelor
C00549,Low,1,Expats-Other,High School
C00550,Low,3,Expats-Other,Master
C00551,Low,5,Expats-Asia,Bachelor
C00552,Low,1,Expats-Asia,Master
C00553,Low,3,Bahraini,High School
C00554,Medium,1,Expats-Asia,Bachelor
C00555,High,4,Bahraini,PhD
C00556,High,1,Expats-GCC,Master
C00557,High,6,Expats-Asia,Master
C00558,High,6,Expats-GCC,PhD
C00559,Medium,3,Expats-Asia,PhD
C00560,Medium,7,Expats-Other,PhD
C00561,Medium,2,Expats-Asia,Master
C00562,Low,6,Bahraini,Master
C00563,Low,4,Expats-GCC,PhD
C00564,Medium,4,Expats-Asia,PhD
C00565,High,5,Expats-Asia,High School
C00566,High,4,Expats-Other,PhD
C00567,Low,7,Expats-Asia,Bachelor
C00568,Low,7,Bahraini,Master
C00569,High,1,Expats-Other,PhD
C00570,High,6,Expats-Asia,Master
C00571,Low,1,Expats-GCC,Bachelor
C00572,Medium,4,Expats-Other,High School
C00573,High,6,Expats-GCC,PhD
C00574,Medium,2,Expats-GCC,PhD
C00575,Low,1,Bahraini,Bachelor
C00576,High,7,Expats-Asia,PhD
C00577,Low,3,Bahraini,PhD
C00578,Medium,4,Bahraini,Master
C00579,Low,7,Expats-GCC,High School
C00580,High,6,Expats-GCC,PhD
C00581,Low,2,Bahraini,High School
C00582,Medium,3,Expats-Other,Master
C00583,Low,5,Expats-Other,Bachelor
C00584,High,5,Expats-Asia,High School
C00585,High,1,Expats-GCC,PhD
C00586,Medium,3,Bahraini,PhD
C00587,High,7,Expats-GCC,Bachelor
C00588,High,6,Expats-Asia,High School
C00589,Low,1,Expats-Other,High School
C00590,Low,1,Expats-GCC,PhD
C00591,Low,5,Expats-Other,High School
C00592,High,3,Expats-Other,PhD
C00593,High,1,Expats-Other,PhD
C00594,High,2,Expats-Other,Bachelor
C00595,High,1,Expats-Other,Bachelor
C00596,Medium,3,Expats-GCC,PhD
C00597,Medium,4,Bahraini,High School
C00598,Low,1,Expats-Other,PhD
C00599,Medium,3,Bahraini,High School
C00600,High,6,Expats-Other,High School
C00601,Low,5,Expats-GCC,Bachelor
C00602,Medium,6,Expats-Other,PhD
C00603,High,7,Bahraini,High School
C00604,Medium,1,Bahraini,Master
C00605,Low,7,Expats-Other,High School
C00606,Low,4,Bahraini,High School
C00607,Low,1,Expats-GCC,Bachelor
C00608,Low,6,Bahraini,Bachelor
C00609,High,4,Expats-GCC,High School
C00610,Medium,1,Bahraini,High School
C00611,Low,7,Bahraini,PhD
C00612,High,2,Expats-Asia,High School
C00613,Low,7,Expats-Other,PhD
C00614,Medium,5,Expats-Other,High School
C00615,Low,7,Bahraini,Master
C00616,High,3,Bahraini,High School
C00617,Medium,2,Expats-GCC,Bachelor
C00618,High,2,Expats-Asia,High School
C00619,High,4,Expats-Asia,Bachelor
C00620,High,3,Expats-Other,High School
C00621,Medium,4,Expats-GCC,High School
C00622,Low,7,Expats-Other,High School
C00623,Low,7,Expats-Asia,Master
C00624,Medium,7,Expats-Other,Master
C00625,Medium,1,Expats-GCC,Master
C00626,High,2,Bahraini,Bachelor
C00627,Medium,7,Expats-Asia,High School
C00628,Medium,6,Expats-Other,Master
C00629,High,7,Expats-Asia,High School
C00630,Low,3,Expats-GCC,Master
C00631,High,7,Expats-GCC,PhD
C00632,Low,2,Expats-Asia,Bachelor
C00633,Low,1,Expats-Other,Master
C00634,Medium,5,Expats-Other,PhD
C00635,Low,7,Expats-GCC,Bachelor
C00636,Low,2,Bahraini,PhD
C00637,Low,6,Expats-GCC,Bachelor
C00638,Low,2,Bahraini,PhD
C00639,Medium,4,Expats-Other,Master
C00640,Medium,5,Expats-GCC,Bachelor
C00641,High,6,Expats-Other,High School
C00642,Medium,2,Bahraini,High School
C00643,Medium,5,Expats-Other,Bachelor
C00644,Low,6,Expats-Other,PhD
C00645,Medium,7,Expats-Other,PhD
C00646,Low,5,Expats-Other,High School
C00647,High,2,Expats-Other,Master
C00648,High,5,Bahraini,High School
C00649,Medium,7,Expats-Other,High School
C00650,Medium,3,Expats-Asia,Master
C00651,Medium,6,Expats-Asia,Master
C00652,Medium,3,Expats-Other,PhD
C00653,High,1,Expats-GCC,PhD
C00654,Low,3,Expats-GCC,Master
C00655,Low,4,Expats-GCC,Bachelor
C00656,High,7,Expats-Other,Bachelor
C00657,Low,7,Expats-GCC,PhD
C00658,Medium,4,Expats-Asia,Master
C00659,High,5,Expats-Asia,Bachelor
C00660,Medium,7,Expats-Asia,Master
C00661,Medium,6,Expats-Asia,Master
C00662,High,3,Bahraini,Bachelor
C00663,High,1,Bahraini,Bachelor
C00664,High,1,Expats-Asia,Bachelor
C00665,Medium,4,Expats-Asia,Master
C00666,Medium,2,Expats-GCC,Bachelor
C00667,Low,2,Expats-Asia,Master
C00668,High,2,Expats-GCC,Master
C00669,Medium,4,Expats-GCC,Bachelor
C00670,High,5,Expats-Other,Master
C00671,Medium,6,Expats-Asia,Master
C00672,High,6,Expats-GCC,High School
C00673,Low,7,Bahraini,High School
C00674,Low,2,Expats-Other,PhD
C00675,Low,7,Bahraini,Master
C00676,High,4,Expats-Other,High School
C00677,Low,3,Bahraini,High School
C00678,Low,3,Bahraini,PhD
C00679,Low,2,Bahraini,Master
C00680,Low,5,Expats-Asia,Bachelor
C00681,High,1,Bahraini,Master
C00682,High,4,Expats-Other,Master
C00683,Low,5,Bahraini,PhD
C00684,Low,5,Expats-Other,Master
C00685,Low,3,Expats-Other,Bachelor
C00686,Low,7,Expats-Asia,High School
C00687,Low,6,Bahraini,High School
C00688,Low,6,Expats-Asia,Master
C00689,Low,1,Bahraini,Bachelor
C00690,Medium,4,Expats-GCC,Bachelor
C00691,Low,6,Expats-Other,Master
C00692,Medium,5,Expats-Asia,Bachelor
C00693,Medium,6,Expats-Other,Bachelor
C00694,High,1,Expats-GCC,PhD
C00695,Low,2,Expats-Other,PhD
C00696,Medium,6,Expats-GCC,High School
C00697,Low,3,Expats-GCC,High School
C00698,High,1,Expats-Other,Master
C00699,Low,7,Expats-Other,High School
C00700,Medium,1,Expats-Asia,Bachelor
C00701,Medium,6,Expats-Asia,Bachelor
C00702,High,2,Bahraini,PhD
C00703,High,7,Expats-Asia,PhD
C00704,Low,3,Expats-GCC,Bachelor
C00705,High,5,Bahraini,PhD
C00706,Medium,3,Expats-GCC,Master
C00707,Medium,7,Bahraini,Master
C00708,High,3,Expats-Other,Master
C00709,Low,5,Expats-Asia,PhD
C00710,Medium,2,Expats-Other,Bachelor
C00711,High,3,Expats-Asia,PhD
C00712,High,5,Expats-GCC,Bachelor
C00713,Medium,3,Expats-Asia,Master
C00714,Low,6,Expats-Asia,Bachelor
C00715,Low,1,Bahraini,High School
C00716,Medium,6,Expats-Other,High School
C00717,Low,7,Expats-Other,PhD
C00718,High,3,Expats-Asia,Master
C00719,Low,5,Bahraini,Master
C00720,Medium,6,Expats-Other,PhD
C00721,Low,6,Expats-Other,Bachelor
C00722,Low,2,Expats-Asia,Bachelor
C00723,High,7,Bahraini,High School
C00724,High,6,Expats-GCC,Master
C00725,High,3,Expats-GCC,Master
C00726,High,2,Expats-Asia,PhD
C00727,High,2,Expats-Other,PhD
C00728,High,6,Expats-GCC,High School
C00729,Low,7,Expats-Asia,Bachelor
C00730,Medium,3,Expats-Other,High School
C00731,Low,2,Bahraini,High School
C00732,Low,4,Expats-Asia,High School
C00733,Medium,2,Expats-GCC,Master
C00734,High,2,Expats-Other,Bachelor
C00735,Medium,7,Expats-GCC,High School
C00736,Medium,1,Expats-Asia,PhD
C00737,High,3,Expats-Asia,Bachelor
C00738,High,4,Expats-Other,High School
C00739,Medium,1,Expats-GCC,Master
C00740,High,5,Expats-GCC,Master
C00741,High,6,Bahraini,High School
C00742,Medium,7,Expats-Asia,Bachelor
C00743,Medium,4,Expats-GCC,PhD
C00744,Low,5,Expats-Other,Master
C00745,Low,6,Expats-GCC,High School
C00746,Medium,1,Expats-GCC,High School
C00747,High,5,Expats-GCC,PhD
C00748,High,5,Expats-Other,Master
C00749,Low,6,Expats-Other,PhD
C00750,Medium,1,Expats-Asia,Bachelor
C00751,Medium,6,Expats-Other,Bachelor
C00752,Low,6,Expats-Other,Master
C00753,Low,7,Expats-Other,PhD
C00754,High,5,Bahraini,Bachelor
C00755,High,5,Expats-Asia,PhD
C00756,High,3,Expats-Asia,Master
C00757,Low,4,Expats-Asia,Bachelor
C00758,Low,1,Bahraini,High School
C00759,Medium,4,Expats-Asia,Master
C00760,Low,2,Expats-Other,Bachelor
C00761,Low,5,Bahraini,PhD
C00762,High,6,Bahraini,Bachelor
C00763,Medium,2,Expats-GCC,Bachelor
C00764,High,3,Bahraini,Master
C00765,Low,2,Bahraini,PhD
C00766,Medium,4,Bahraini,Bachelor
C00767,High,1,Expats-Other,Bachelor
C00768,High,5,Expats-Other,High School
C00769,High,6,Expats-Asia,Master
C00770,High,3,Expats-Asia,Master
C00771,Low,1,Bahraini,PhD
C00772,High,3,Expats-Asia,PhD
C00773,High,4,Expats-Other,Master
C00774,Low,6,Expats-Asia,PhD
C00775,High,7,Expats-Asia,High School
C00776,High,2,Bahraini,PhD
C00777,Low,2,Expats-GCC,Master
C00778,Low,7,Expats-GCC,PhD
C00779,Low,1,Expats-Asia,PhD
C00780,High,3,Expats-Other,PhD
C00781,Medium,7,Bahraini,PhD
C00782,Low,2,Expats-Asia,High School
C00783,Medium,6,Expats-Other,PhD
C00784,Medium,1,Expats-Other,Master
C00785,Low,5,Expats-Asia,Bachelor
C00786,Medium,1,Bahraini,PhD
C00787,High,5,Expats-Other,Master
C00788,Medium,7,Expats-GCC,Bachelor
C00789,Medium,7,Expats-Asia,PhD
C00790,Medium,7,Bahraini,Master
C00791,Low,2,Expats-Asia,High School
C00792,High,7,Expats-Asia,Bachelor
C00793,High,4,Expats-Asia,Bachelor
C00794,Medium,5,Expats-Other,High School
C00795,Low,1,Bahraini,Bachelor
C00796,Low,5,Expats-Other,High School
C00797,Medium,6,Expats-GCC,High School
C00798,High,2,Expats-GCC,PhD
C00799,Low,5,Bahraini,Bachelor
C00800,High,7,Bahraini,PhD
C00801,High,2,Bahraini,PhD
C00802,Medium,1,Bahraini,High School
C00803,Medium,6,Expats-Asia,PhD
C00804,Medium,6,Bahraini,High School
C00805,High,1,Expats-Other,PhD
C00806,High,7,Expats-Asia,Bachelor
C00807,Low,4,Expats-GCC,Master
C00808,High,7,Bahraini,Master
C00809,Low,6,Expats-GCC,Bachelor
C00810,High,1,Expats-Other,PhD
C00811,Medium,7,Bahraini,PhD
C00812,Medium,2,Bahraini,Bachelor
C00813,Low,7,Expats-Other,Master
C00814,High,2,Bahraini,Bachelor
C00815,Medium,2,Expats-Other,PhD
C00816,Low,7,Expats-Asia,Master
C00817,High,2,Expats-Other,PhD
C00818,High,3,Bahraini,High School
C00819,High,2,Expats-Asia,PhD
C00820,Medium,6,Expats-Asia,High School
C00821,Medium,2,Bahraini,PhD
C00822,Low,4,Bahraini,Master
C00823,Medium,5,Expats-GCC,PhD
C00824,Low,5,Bahraini,Bachelor
C00825,Medium,1,Expats-GCC,Master
C00826,Low,2,Expats-GCC,Master
C00827,Medium,1,Expats-Other,Master
C00828,High,4,Expats-Other,Master
C00829,Medium,3,Expats-Asia,PhD
C00830,High,3,Expats-Asia,Master
C00831,High,2,Bahraini,PhD
C00832,Low,5,Expats-GCC,High School
C00833,Low,3,Expats-Asia,PhD
C00834,Medium,3,Bahraini,Master
C00835,Low,2,Bahraini,Master
C00836,Low,2,Expats-Asia,PhD
C00837,Medium,1,Expats-Other,Master
C00838,High,4,Expats-Other,Bachelor
C00839,High,4,Expats-Asia,Master
C00840,Medium,4,Bahraini,Bachelor
C00841,Medium,1,Expats-GCC,Master
C00842,High,2,Expats-GCC,Master
C00843,Low,1,Expats-Other,Master
C00844,Medium,7,Expats-GCC,PhD
C00845,Medium,7,Expats-Other,Master
C00846,Medium,7,Expats-GCC,High School
C00847,Medium,7,Expats-Other,High School
C00848,Low,5,Expats-GCC,Bachelor
C00849,Medium,4,Expats-Other,PhD
C00850,Medium,3,Bahraini,High School
C00851,High,6,Expats-Asia,Bachelor
C00852,High,4,Bahraini,High School
C00853,High,2,Bahraini,High School
C00854,Low,6,Expats-Asia,High School
C00855,High,6,Expats-GCC,Master
C00856,High,7,Expats-GCC,PhD
C00857,High,6,Bahraini,PhD
C00858,Low,6,Expats-GCC,High School
C00859,Low,1,Bahraini,PhD
C00860,Medium,4,Expats-Asia,PhD
C00861,High,3,Bahraini,Master
C00862,Medium,5,Expats-Other,PhD
C00863,High,5,Expats-Asia,Master
C00864,High,6,Expats-Other,Master
C00865,Medium,6,Expats-Other,High School
C00866,Low,3,Bahraini,PhD
C00867,High,7,Expats-Asia,PhD
C00868,Low,6,Bahraini,PhD
C00869,High,6,Expats-GCC,Bachelor
C00870,High,6,Expats-Asia,High School
C00871,Low,5,Expats-GCC,Bachelor
C00872,Medium,6,Expats-Other,PhD
C00873,High,7,Expats-Other,Master
C00874,Low,1,Bahraini,Bachelor
C00875,Low,4,Expats-Asia,High School
C00876,High,2,Bahraini,Master
C00877,Low,3,Bahraini,High School
C00878,Medium,7,Expats-GCC,High School
C00879,High,4,Expats-Other,Master
C00880,Low,7,Expats-GCC,Bachelor
C00881,Medium,2,Expats-Asia,Master
C00882,Medium,4,Bahraini,Bachelor
C00883,High,6,Expats-Other,High School
C00884,Low,5,Expats-Asia,Bachelor
C00885,High,5,Expats-Other,High School
C00886,Medium,7,Expats-Asia,Bachelor
C00887,High,4,Expats-Other,PhD
C00888,Low,2,Expats-Other,PhD
C00889,Medium,4,Expats-GCC,High School
C00890,High,7,Expats-GCC,Master
C00891,Medium,6,Expats-Asia,PhD
C00892,Low,3,Expats-GCC,High School
C00893,Medium,6,Expats-GCC,Bachelor
C00894,High,3,Expats-Asia,Bachelor
C00895,Low,2,Bahraini,High School
C00896,High,7,Expats-Asia,High School
C00897,Medium,1,Bahraini,Bachelor
C00898,Medium,1,Expats-Other,High School
C00899,Low,4,Expats-Asia,Bachelor
C00900,Low,7,Expats-Other,Bachelor
C00901,Low,1,Expats-GCC,Master
C00902,High,2,Expats-Asia,High School
C00903,Medium,6,Expats-Other,High School
C00904,High,5,Expats-Other,PhD
C00905,Low,7,Bahraini,PhD
C00906,Medium,5,Expats-Asia,Bachelor
C00907,High,5,Expats-GCC,High School
C00908,Low,7,Bahraini,PhD
C00909,Low,4,Expats-Asia,Bachelor
C00910,Low,6,Expats-Asia,High School
C00911,Medium,7,Expats-Asia,High School
C00912,High,4,Expats-Other,Bachelor
C00913,Low,2,Expats-GCC,Master
C00914,High,1,Expats-Asia,PhD
C00915,Low,5,Expats-Other,Master
C00916,Low,5,Expats-Other,PhD
C00917,Low,4,Bahraini,Master
C00918,Medium,4,Bahraini,PhD
C00919,Medium,6,Expats-Other,PhD
C00920,Low,7,Expats-GCC,PhD
C00921,High,3,Expats-Other,PhD
C00922,Low,6,Expats-Other,High School
C00923,Low,1,Expats-GCC,High School
C00924,Medium,4,Expats-Other,High School
C00925,High,7,Expats-Other,High School
C00926,Low,2,Expats-GCC,PhD
C00927,High,7,Expats-Other,Bachelor
C00928,High,3,Expats-Asia,Master
C00929,Low,4,Expats-Asia,Bachelor
C00930,Low,6,Bahraini,Bachelor
C00931,High,5,Expats-Other,High School
C00932,Medium,7,Expats-Asia,PhD
C00933,Medium,7,Expats-Asia,High School
C00934,High,7,Expats-Other,Master
C00935,High,6,Expats-Other,Master
C00936,High,6,Expats-GCC,Bachelor
C00937,Low,2,Expats-GCC,Bachelor
C00938,Medium,5,Expats-Other,PhD
C00939,Low,6,Expats-GCC,PhD
C00940,Medium,3,Expats-Other,Master
C00941,Medium,3,Expats-Other,PhD
C00942,Medium,2,Bahraini,Bachelor
C00943,Medium,6,Expats-Other,Master
C00944,Low,1,Bahraini,Bachelor
C00945,Low,2,Expats-GCC,Master
C00946,Medium,3,Bahraini,Master
C00947,Low,2,Expats-GCC,PhD
C00948,Medium,3,Expats-GCC,Master
C00949,High,7,Bahraini,Master
C00950,Medium,3,Expats-Other,Bachelor
C00951,Low,3,Expats-GCC,PhD
C00952,Medium,2,Expats-GCC,Master
C00953,Medium,4,Expats-Other,High School
C00954,Low,5,Expats-GCC,High School
C00955,Medium,1,Bahraini,High School
C00956,Low,3,Expats-Asia,PhD
C00957,Medium,1,Expats-Other,Bachelor
C00958,High,5,Expats-Other,PhD
C00959,High,2,Expats-GCC,Bachelor
C00960,Low,5,Expats-GCC,Bachelor
C00961,High,4,Expats-Other,Bachelor
C00962,High,6,Expats-Other,Bachelor
C00963,Medium,5,Bahraini,PhD
C00964,Low,5,Expats-Other,High School
C00965,Medium,3,Expats-GCC,Bachelor
C00966,Low,3,Bahraini,PhD
C00967,High,5,Expats-GCC,PhD
C00968,High,4,Expats-GCC,Master
C00969,Low,1,Bahraini,PhD
C00970,High,3,Expats-Other,High School
C00971,High,2,Expats-GCC,Master
C00972,Low,5,Expats-Asia,High School
C00973,High,4,Expats-Other,Bachelor
C00974,High,2,Expats-Other,PhD
C00975,Low,5,Bahraini,High School
C00976,Medium,4,Expats-Other,PhD
C00977,High,4,Expats-Other,PhD
C00978,High,6,Expats-GCC,PhD
C00979,Low,5,Bahraini,High School
C00980,Medium,6,Expats-Other,Master
C00981,Medium,5,Expats-GCC,Bachelor
C00982,Low,3,Expats-GCC,PhD
C00983,Medium,1,Expats-Other,Bachelor
C00984,Medium,2,Expats-Other,High School
C00985,Low,6,Expats-GCC,Bachelor
C00986,Low,3,Expats-Other,PhD
C00987,Low,4,Expats-Asia,High School
C00988,High,5,Expats-Asia,High School
C00989,High,5,Expats-Other,PhD
C00990,Low,2,Expats-GCC,Master
C00991,Low,4,Expats-GCC,Master
C00992,Medium,2,Expats-Asia,PhD
C00993,Medium,7,Expats-GCC,Master
C00994,Medium,7,Expats-GCC,PhD
C00995,High,6,Expats-Asia,High School
C00996,Low,4,Expats-GCC,Master
C00997,Low,5,Expats-Asia,High School
C00998,Low,5,Expats-Other,PhD
C00999,High,6,Expats-GCC,Master
C01000,High,7,Expats-Asia,High School
