post_id,customer_id,platform,sentiment,topic,date,likes,shares
f2eaf34c-5fe0-4a78-b1b2-050b90719ff9,C00942,Instagram,Negative,Offer,2025-01-25,23,122
7539b10d-1aab-43e8-a681-570805fb2b20,C00148,Twitter,Neutral,Offer,2025-07-04,424,69
f044e1b6-a4b0-4a65-ae81-a8a309811a96,C00460,Facebook,Neutral,Offer,2025-08-25,152,110
112fc376-b8a7-417e-aaed-87d90614f005,C00573,Instagram,Neutral,Offer,2025-09-08,75,92
09e676fe-2c32-4c95-9b99-b85aad9f8393,C00901,Instagram,Positive,Event,2024-10-14,483,84
40badeb8-3572-40f5-992d-088395823e74,C00855,Twitter,Negative,Network,2025-01-15,171,183
9960c169-6fb9-45cd-b504-3b12087d79a5,C00913,Twitter,Neutral,Event,2025-03-17,319,162
61e47a6e-1d50-46a8-a990-b82e29e1050a,C00123,Twitter,Positive,Event,2024-11-29,81,191
3192385d-a628-4d8e-8d1d-9b6312ea2c7f,C00746,Twitter,Negative,Customer Service,2025-06-02,244,140
3b30a3e2-d161-4c66-afae-9588c141ba8b,C00833,Facebook,Negative,Network,2025-04-27,433,59
1293d2d6-d6cd-4b2d-9aec-4feea29c03db,C00322,Facebook,Negative,Customer Service,2025-06-22,5,137
60bfa85a-eb7c-4262-93f7-3f1a28554820,C00102,Facebook,Negative,Event,2025-07-07,276,191
00a0333e-1ccb-47cf-a58e-85589c01a7de,C00270,Instagram,Neutral,Event,2025-08-01,167,180
15c5292c-7afa-4121-865f-39b5396dc717,C00458,Facebook,Negative,Network,2024-11-21,422,186
ddab1a73-0ac8-4ec9-aafb-b138eb6dce90,C00458,Instagram,Neutral,Offer,2024-10-14,17,80
25338913-e26c-41cb-a03c-83038f2968d4,C00267,Twitter,Negative,Customer Service,2025-03-29,462,21
bfa418d4-71c8-415b-b69a-e566a70192e2,C00998,Instagram,Negative,Customer Service,2025-01-04,214,123
50c8501f-0ddc-403c-8787-021c743b4f4f,C00817,Instagram,Positive,Offer,2025-01-06,24,29
bc3f1ed3-7db1-4272-92fb-86828f45dd4c,C00747,Instagram,Negative,Event,2025-04-10,409,80
2aa0b97d-ca0e-452e-b1e5-4252e39e930c,C00616,Facebook,Negative,Offer,2025-08-15,18,6
66756e5c-0fe8-4fff-a531-f1d5eefbf9a5,C00074,Twitter,Neutral,Network,2024-12-03,155,8
84bfe58c-a905-450f-b166-73b728a5c4a4,C00358,Facebook,Negative,Network,2025-07-24,198,161
f5c19ff1-069a-4fb9-be14-a4b7bf4e70d9,C00491,Twitter,Negative,Network,2024-10-22,431,65
f9ddc52d-6be0-4cee-aadb-7302ff302e67,C00803,Instagram,Neutral,Customer Service,2025-04-23,158,132
4239433a-4a87-4802-a6cb-1d280d92736a,C00264,Twitter,Positive,Network,2025-02-23,20,75
94600044-80d6-43f2-9d9c-ddba6b493c5e,C00039,Twitter,Neutral,Event,2025-01-20,130,91
7db6bca4-454f-4c51-a18b-c945bd9b5899,C00258,Facebook,Neutral,Event,2025-02-20,270,54
d1877bc8-6abd-4041-915f-cf53d83a7dd5,C00303,Facebook,Negative,Event,2025-06-04,179,43
e2d88847-6d34-4d77-a590-40c704fad688,C00370,Instagram,Positive,Customer Service,2025-07-24,458,141
b1dcbdad-27d7-472d-b0a1-43e143e8b20d,C00595,Facebook,Positive,Customer Service,2025-05-11,202,108
57b75676-ffd3-4f32-910a-b4cbeab471de,C00138,Instagram,Neutral,Event,2024-11-27,30,21
8cd428e8-73fa-4da4-b7af-51d876063072,C00990,Twitter,Negative,Network,2025-03-13,356,120
8c260259-7eac-452a-b822-4ffa4027dfbd,C00617,Instagram,Negative,Network,2025-08-21,45,129
00ec290b-7107-40f7-839b-aa2c42c874ee,C00115,Twitter,Negative,Network,2025-07-17,405,98
6aa49b3d-45c8-4af1-9b22-8a51b2f6900c,C00362,Twitter,Negative,Customer Service,2025-01-18,30,142
de16448f-c682-4c1a-b549-334e77d59467,C00692,Twitter,Neutral,Customer Service,2024-10-13,308,5
e7a656b3-246c-48d3-961f-01716f1912bf,C00316,Twitter,Positive,Customer Service,2025-05-07,481,5
f4184c80-7429-4202-9b4e-4fb080081255,C00450,Twitter,Neutral,Customer Service,2025-08-27,36,161
661d5ca4-27b2-48ed-8e6a-a7768bb6a85b,C00444,Facebook,Neutral,Event,2025-04-03,486,123
833cffab-22e6-442f-9946-f64ccbaa2cfd,C00878,Facebook,Negative,Event,2025-07-12,449,48
afe05f6d-66ab-44ad-a4c1-b6ef25896340,C00839,Twitter,Negative,Network,2025-06-14,353,58
60ae027d-c181-488f-a4d6-b520b51b08c7,C00796,Twitter,Negative,Offer,2024-12-27,62,149
57731b00-0055-46e9-86df-5dba700311ee,C00470,Instagram,Neutral,Network,2024-12-04,83,92
841508a2-a53d-44e3-9314-847d7e210972,C00315,Instagram,Positive,Event,2025-09-03,261,65
ba87e001-631f-4d29-95ae-2b6b0884bc76,C00943,Instagram,Neutral,Event,2025-06-13,303,107
cb7e7784-02b5-4216-83eb-6cce8af194e6,C00290,Instagram,Negative,Offer,2024-12-06,128,174
a429d643-f6b4-4944-96de-5438b0a21dd3,C00316,Twitter,Negative,Offer,2025-02-17,94,130
f82b85e2-78d1-47d5-bfdc-690c4e3cbe66,C00917,Twitter,Positive,Offer,2025-08-08,442,113
10691ef4-a2cf-4a8b-9e20-6bf5d68e9ea7,C00648,Twitter,Neutral,Customer Service,2024-11-15,392,126
e5c6f349-30df-4b61-8610-fd12952774da,C00956,Facebook,Negative,Offer,2024-11-08,399,148
ff284d23-c302-4e17-82ce-e54c2c986218,C00469,Facebook,Negative,Customer Service,2024-12-29,294,23
3cfc2467-5c68-4e52-af49-4d538e803f39,C00735,Instagram,Neutral,Customer Service,2025-09-18,10,1
154cfa54-4522-43e7-af88-42ecac18a9c5,C00589,Facebook,Neutral,Event,2025-07-27,173,194
93a93906-15b1-4303-849c-0661cab39e59,C00885,Facebook,Neutral,Event,2025-05-03,120,148
ae505915-8e6e-4f96-9de6-ec59fa237ec8,C00159,Facebook,Negative,Customer Service,2024-12-28,286,189
00b514b4-70a3-4228-85b5-6b35050c67c7,C00864,Facebook,Neutral,Network,2025-08-30,329,122
b130088b-004c-4bd5-b8a5-e0ed1e5601e9,C00770,Twitter,Neutral,Event,2025-03-31,341,163
7c63de56-667f-455c-af66-50beb9538558,C00690,Instagram,Neutral,Customer Service,2025-08-09,437,146
0a16bf21-2ba9-4adc-9df4-f6361a4f3f75,C00482,Twitter,Neutral,Network,2025-03-18,164,63
f2f51ee4-b97a-4f6c-9a7c-6479a61bf785,C00281,Twitter,Neutral,Network,2024-10-14,288,25
48f48822-0ee7-405e-8904-f586d3b6f12e,C00876,Facebook,Neutral,Network,2024-12-15,216,32
94381be5-8c47-41cc-b99c-58ae6cb5c8f3,C00868,Facebook,Negative,Event,2025-02-07,156,113
73f8933a-611a-4528-98db-b72c71507ff6,C00446,Instagram,Neutral,Event,2025-06-06,355,102
698b6f94-4b2e-4335-a979-9c8ea5eaf9f6,C00772,Twitter,Negative,Network,2024-10-24,301,30
113f6606-f975-43aa-93d8-8d7d0dbfd841,C00616,Twitter,Neutral,Offer,2024-10-27,194,64
ecd6e2b0-9216-4cc5-9424-31aced26c65b,C00130,Instagram,Negative,Offer,2024-09-24,57,114
d0b3b3f2-0d0e-4789-b80f-3182ad210d5a,C00446,Facebook,Neutral,Network,2024-11-01,271,90
07300eb5-5cb3-4095-bca6-15718e260057,C00431,Instagram,Neutral,Network,2025-06-16,13,160
260a786f-0c4e-40ec-9f4a-12860306ad97,C00384,Facebook,Neutral,Offer,2025-01-29,407,187
29d9525f-793a-4c89-90ba-84d549ffd40b,C00606,Facebook,Negative,Event,2025-06-02,248,11
b40d66dd-3ac9-4b16-a070-92c7ee277ff5,C00678,Instagram,Neutral,Event,2025-05-31,244,123
030f7e80-14f7-42c0-8863-c0d12cf5c5b8,C00939,Twitter,Neutral,Network,2025-09-21,181,115
e2bcf839-e6b6-4dbb-9ebf-23852c11ee6e,C00867,Instagram,Positive,Offer,2025-03-15,496,93
9a613a66-ca61-4e75-9fd6-bb59e78b28a8,C00975,Facebook,Positive,Network,2025-03-16,184,94
b15c9203-aca8-4703-b5f1-3f4ca5feffcc,C00986,Instagram,Neutral,Customer Service,2025-05-21,18,163
a3d7486e-5571-494c-afe3-d82edc2f392b,C00851,Facebook,Negative,Customer Service,2024-12-17,234,82
98521e56-5240-4243-ac19-4b239961a398,C00136,Instagram,Neutral,Offer,2025-08-07,251,66
4f29d580-bf87-4026-b388-b94efcde1b81,C00973,Instagram,Negative,Customer Service,2024-12-26,182,86
26bebcd7-58b7-4942-aac0-6663c294dd0a,C00751,Instagram,Negative,Event,2025-02-11,199,192
c378205f-9d93-415c-ae32-6c53ad9e9a10,C00690,Instagram,Positive,Offer,2025-06-22,423,86
0e6042fe-2a6f-4a09-a600-9174ab403ed7,C00707,Instagram,Positive,Network,2025-01-04,362,85
59669b9f-1ced-42a3-88c2-3668678aec24,C00028,Facebook,Neutral,Offer,2025-07-05,399,2
0a12cce6-4aae-45bc-b0d8-d2c436107e5b,C00703,Instagram,Positive,Event,2025-09-03,475,187
5dcb9a37-d9cd-4463-ae10-2e50c9729540,C00482,Twitter,Negative,Offer,2024-10-28,243,99
3d04dd10-300a-4b1b-bed0-45c4e5e8006c,C00586,Instagram,Negative,Event,2025-03-10,30,183
c47112c9-9cd3-4fdd-bbb9-7c38c7ee168b,C00569,Facebook,Neutral,Offer,2024-12-17,376,165
cbd529ac-6c7a-4b76-8a17-156e71b3107e,C00437,Instagram,Positive,Offer,2025-06-26,209,108
c88ac8b7-c57d-428e-92cc-391dbdd6c8ce,C00831,Facebook,Negative,Network,2025-06-02,403,162
1d7e8d27-8898-40e8-a11b-25fa728182a5,C00192,Instagram,Neutral,Customer Service,2025-06-23,135,138
eacfcefb-c462-4393-a070-fd1ee687cc1e,C00177,Facebook,Negative,Customer Service,2024-09-25,100,177
7f145d85-57ef-4244-91fa-a28987bad3f1,C00370,Twitter,Positive,Event,2025-07-01,308,101
4d1a0af7-7532-46cc-8bb3-fb51ceef026d,C00822,Twitter,Neutral,Customer Service,2025-05-01,114,122
855df63b-5cf8-4709-8cc8-c5f70be29ae9,C00508,Instagram,Negative,Customer Service,2025-01-11,71,71
8256fea7-8426-4a05-a417-9ff7b93d0525,C00503,Twitter,Neutral,Customer Service,2024-10-22,288,16
08ec979a-9cbe-451d-9696-4a9b45dad18f,C00601,Twitter,Neutral,Offer,2025-03-31,483,174
cc05d17b-d1c9-4bde-b4bc-95db3620dbd5,C00439,Facebook,Neutral,Network,2025-01-25,437,175
bc065165-4882-4331-abc1-1d296698b733,C00483,Twitter,Neutral,Offer,2024-10-10,176,9
43f9fd9b-4167-4905-b1b7-a9b35b010c96,C00102,Instagram,Negative,Network,2025-01-23,178,109
8eceac56-93da-44ff-9e00-fe91909fbd3f,C00628,Instagram,Negative,Network,2025-03-02,245,159
c3cd61ab-5fb6-4397-8228-ee4f2ec2a1de,C00522,Twitter,Positive,Network,2024-12-22,244,171
bc944672-70fd-401c-b958-fff425361fff,C00048,Twitter,Negative,Network,2025-04-28,100,55
172ceb7f-1dd6-4056-a6bf-ac6318e03643,C00773,Facebook,Neutral,Network,2025-06-04,72,53
84a0c59e-b37d-4da8-a93a-2edc0e8769c0,C00970,Instagram,Neutral,Offer,2025-02-07,91,110
f6501bd7-1221-47ab-9c91-f73ab1673c86,C00588,Facebook,Positive,Customer Service,2025-04-07,319,72
e5a63a1b-6c9e-43cb-ad6b-ec19690d40b1,C00101,Facebook,Positive,Network,2025-03-30,356,97
ba15dac8-fed6-462d-ab16-7f5d8dcc967f,C00689,Facebook,Negative,Customer Service,2025-01-19,464,156
138d41d8-2a7b-4c60-9189-a33038ed6767,C00628,Twitter,Positive,Offer,2024-12-21,293,76
1e271f2b-697c-49e1-93ae-1447d3a61223,C00431,Instagram,Positive,Offer,2025-03-26,34,27
a8b9704c-d198-4172-8d64-897135ab45ef,C00556,Twitter,Negative,Event,2025-03-09,306,24
4666495f-a69d-452f-b2d4-cddcb1c741dc,C00270,Instagram,Neutral,Customer Service,2025-06-04,49,21
e0a95f2f-0220-4fc6-8828-d9cdd9f6c0f7,C00670,Twitter,Positive,Offer,2025-06-28,423,59
a819a006-25d6-4140-a7fc-80ece27ef596,C00577,Facebook,Positive,Customer Service,2025-08-04,308,98
9dbf4277-589e-4b66-a7a5-1ec243c3329b,C00443,Facebook,Neutral,Customer Service,2025-09-13,78,55
225e94fd-eeb3-4169-a9a6-8fe67ece9b94,C00588,Instagram,Positive,Offer,2024-09-27,369,123
8bf12f23-4be7-4d02-94f6-3c68d9fffaf9,C00366,Facebook,Negative,Customer Service,2025-07-23,453,40
dea73968-845c-476e-930e-ea1ad2984539,C00543,Facebook,Neutral,Event,2025-08-13,124,121
8c4db74a-caab-4bd9-abe0-1de07bf918f0,C00737,Instagram,Positive,Customer Service,2025-08-06,321,140
f7e81dd8-2412-4fa2-9c19-1331b7dffeb9,C00646,Instagram,Positive,Offer,2024-10-17,4,187
787166b2-482b-41a0-8dea-e45cc239e970,C00184,Instagram,Neutral,Offer,2025-09-14,350,20
8a327480-ba95-43c5-9bdd-9bc74160e5cf,C00465,Facebook,Positive,Network,2025-01-04,205,40
4b70a26c-0142-4da5-a2f7-fc374e179117,C00367,Twitter,Neutral,Customer Service,2024-11-26,101,40
f55a67a2-74a6-4b3a-af7b-50ab3f76ceb7,C00435,Instagram,Negative,Offer,2024-10-31,142,167
4087a859-eb39-4038-8c32-5a53b8974502,C00649,Instagram,Negative,Offer,2025-05-31,353,119
2e240f8b-e12c-4734-8b5d-e8a8fc962f6f,C00148,Instagram,Negative,Event,2024-10-23,390,181
2ee3ac82-7540-48e0-941a-0f656e06112f,C00500,Facebook,Positive,Customer Service,2025-03-25,440,152
457c083f-cf05-43c5-8c23-abb7890bbcd2,C00082,Twitter,Negative,Event,2025-01-27,226,42
e5a5723f-d509-4b73-9f1a-47c724e0e8d4,C00519,Instagram,Neutral,Customer Service,2024-11-29,254,137
d6c3d78f-f157-4130-9d40-f619722dfd1a,C00393,Facebook,Positive,Network,2025-02-27,150,4
a62855e2-84ba-42fd-80e1-e75feb633ae2,C00454,Instagram,Negative,Offer,2025-05-08,305,96
865523f8-8ab0-49fa-be3f-216596f54967,C00887,Facebook,Neutral,Customer Service,2025-03-11,93,191
475e2bbe-4b0e-440b-94a5-031f787bacc1,C00289,Twitter,Negative,Customer Service,2025-01-22,248,56
c22c8300-73b0-4803-a22b-9771420b22f2,C00077,Facebook,Negative,Network,2025-01-09,72,4
0117ee35-4713-4514-bc50-4abb11bbc208,C00293,Twitter,Neutral,Network,2024-11-05,360,2
22dd8465-febf-41b8-ad1b-bacf9c41a509,C00472,Twitter,Negative,Network,2025-06-15,68,152
fbd525a6-b121-4721-bdba-579c94cc72ee,C00795,Instagram,Positive,Offer,2024-12-10,233,14
00d5b7fd-eabc-4764-a3f9-30c6fea608ae,C00949,Twitter,Neutral,Customer Service,2025-06-03,224,135
2e973a61-6f59-409b-9a21-0ec8f66a65bb,C00946,Twitter,Neutral,Event,2025-06-05,113,91
10627761-fdb5-46ad-a9da-5dd755370e6d,C00326,Twitter,Positive,Offer,2025-09-20,189,53
607b0110-404c-49c7-b573-947e94d863d1,C00925,Twitter,Negative,Network,2025-08-17,15,29
1c62a050-06f7-460c-9a51-cbea841426c7,C00737,Instagram,Negative,Customer Service,2024-11-19,189,101
872a14b3-fa3a-4c5c-976b-d449475f6ff7,C00454,Twitter,Positive,Offer,2025-01-06,244,14
3e0e0022-9aa2-4ce1-ba80-174e4b6b4bfc,C00712,Twitter,Negative,Network,2025-02-25,340,177
68393ff5-5977-4a37-ab48-cfb7c9cf9646,C00473,Instagram,Negative,Offer,2024-11-06,47,115
5c323961-fb2f-497d-91e5-5363e3182010,C00369,Instagram,Positive,Event,2025-02-20,119,1
b48b544c-22d7-47cd-a6ed-9806cda63614,C00190,Twitter,Negative,Event,2024-11-11,109,116
e5712b6d-de28-42ca-bd70-241cebedb454,C00219,Twitter,Negative,Event,2024-10-16,415,162
07399d2c-7720-408d-8fb7-4087f11fec60,C00675,Twitter,Positive,Network,2025-05-22,50,169
84b9cc5a-4098-40ba-9d00-841e55d56d09,C00903,Instagram,Negative,Offer,2024-10-05,211,40
1a25b90f-3b68-468f-b7c1-c48050ea25b4,C00079,Facebook,Negative,Offer,2025-02-09,470,40
731321cb-216a-4437-b4e0-a890219e2a6e,C00973,Facebook,Negative,Customer Service,2025-05-14,7,0
0d881247-3f81-451c-bdc4-08044caca04e,C00426,Twitter,Positive,Event,2024-12-11,171,69
2d1f6edd-acd9-42a8-b5d1-1b0170a35b53,C00867,Facebook,Negative,Event,2025-07-16,474,103
c01ddf41-b729-41ab-a68b-9e0ce9e11053,C00055,Twitter,Negative,Customer Service,2025-08-22,437,21
a2bfd683-69f2-4da1-8971-ff4711418142,C01000,Instagram,Positive,Customer Service,2025-05-19,277,184
df48d169-74e1-4855-8c5a-358748c5d75f,C00043,Instagram,Neutral,Network,2025-08-10,32,142
1008531e-dc90-46aa-b024-3e0b6b1a48b8,C00729,Twitter,Positive,Customer Service,2025-07-13,173,13
13955e6f-a023-4bac-a14b-836f1aea71d2,C00085,Instagram,Negative,Offer,2024-12-09,472,17
8b665e8b-7dd5-4e8f-83ab-8a34b2d2c3a7,C00725,Twitter,Negative,Customer Service,2025-07-31,312,160
8a22538d-7cff-43c6-a771-b6268ebeeab5,C00417,Twitter,Positive,Event,2025-06-28,207,153
6a8bd940-6524-4db1-a7fa-cda40c280c1a,C00800,Twitter,Negative,Customer Service,2024-10-22,407,193
58c26f68-4c7e-48c4-a1cb-0baeb26b9ba7,C00507,Instagram,Negative,Event,2025-05-09,213,12
66be35d6-837b-40b2-94d1-fcea82ba6beb,C00868,Instagram,Neutral,Customer Service,2025-02-08,192,38
b56a24a0-537b-4436-aed9-a39d5a881ca4,C00325,Instagram,Neutral,Network,2025-07-26,428,69
075a58b8-ee1a-478a-85db-d0221474a551,C00174,Twitter,Neutral,Event,2024-11-23,442,66
85b26663-ae3f-4d5f-8d0c-b808dac17492,C00776,Twitter,Neutral,Customer Service,2024-11-27,339,191
2bddf9ef-f02a-4cc9-9376-78df23b6ea80,C00709,Facebook,Neutral,Network,2025-08-24,399,186
61980275-8a50-4d57-b473-dcb185f7bf5e,C00779,Instagram,Neutral,Customer Service,2025-03-01,450,27
50ebda02-ece2-4b67-a94d-11330a9ffb25,C00757,Facebook,Positive,Event,2025-07-26,397,127
96de756d-63de-46b3-85c3-24839d0b3d71,C00112,Twitter,Neutral,Network,2025-08-27,195,14
4f66cb36-c2dc-4ebe-86a6-1c2f9b10822d,C00378,Facebook,Positive,Network,2024-11-27,290,127
fe585a7e-2804-4757-a3fb-d3828062677e,C00688,Instagram,Neutral,Event,2025-06-04,21,142
72f22829-495b-4578-bd7a-5ed588597ffa,C00175,Instagram,Neutral,Event,2025-08-13,435,83
3e1707b1-0b61-483d-a774-1bc2540dff12,C00909,Twitter,Neutral,Customer Service,2024-10-23,375,74
2ae5546b-acac-4dfe-96f8-e0d638604a9d,C00094,Instagram,Neutral,Offer,2025-07-19,319,66
e7969939-ddf6-46d6-8e34-73128a574378,C00785,Twitter,Negative,Event,2025-03-11,252,161
dd685f58-c12f-4cd3-bbcc-54c4caec6177,C00020,Facebook,Negative,Network,2024-11-24,358,88
044b13a5-eaff-4333-a8ca-a46dbeec3c0c,C00869,Twitter,Positive,Customer Service,2024-12-09,419,31
85e05509-61b2-4992-b1d4-44f26ebe44ce,C00233,Instagram,Negative,Event,2025-03-02,394,45
7148985a-c9a3-4d3b-a074-649b4b00bb02,C00421,Facebook,Neutral,Event,2025-08-30,22,75
63a28b1d-8b8e-4c86-bb04-0680bfbca26a,C00147,Instagram,Positive,Event,2024-11-12,371,144
a9d4bb3a-b3d2-45ae-8aa4-e423f1da8d08,C00682,Facebook,Positive,Customer Service,2025-07-05,76,1
87789f1b-24de-44ff-b8a0-72f42fa7b26c,C00456,Instagram,Negative,Network,2025-03-12,224,167
b8ed9543-0770-4e0e-bb47-57de60f3bb28,C00011,Twitter,Neutral,Network,2024-12-22,461,67
e9ab3158-fe72-40e4-817d-5a03019c5d08,C00226,Instagram,Neutral,Event,2025-03-19,78,171
44c56f4c-d4c7-45a9-b9fb-aff28fa031f8,C00955,Twitter,Negative,Event,2025-03-03,200,105
01db57c0-be4e-40cd-b4e2-f368147a7525,C00755,Twitter,Negative,Network,2025-02-19,160,64
d2e9bc78-3a41-4bee-8975-290aaa745d5d,C00125,Instagram,Positive,Customer Service,2024-12-14,19,7
d0323061-58d2-4990-a21f-a4aba3420fdb,C00816,Instagram,Neutral,Network,2025-08-08,41,176
a2f8c947-f4b9-442a-ba87-6ed8c1ba1623,C00852,Instagram,Neutral,Network,2025-06-08,363,190
e4056763-5795-419c-be22-c2227af7796a,C00550,Twitter,Positive,Event,2025-02-26,467,121
210a6c4d-a67e-4a7c-b43b-f412316070c3,C00567,Instagram,Positive,Customer Service,2025-08-04,498,94
7fecb7a1-73f2-4f93-96d7-0a89d9f35979,C00372,Instagram,Neutral,Network,2025-05-17,271,160
4133557c-0e51-4c13-895b-6295c460e457,C00439,Instagram,Neutral,Network,2025-01-22,221,109
b4a9fe0b-5b40-4ea1-87de-9cb556f3c0f6,C00500,Twitter,Negative,Network,2025-04-25,309,185
203634bf-f107-47eb-8f96-db1737e41536,C00164,Twitter,Negative,Offer,2025-07-04,153,150
ab504c94-a2d2-4137-bed6-bb8f387af817,C00885,Twitter,Neutral,Offer,2025-07-22,5,162
d0d93b8b-582a-40f0-8cfe-021d2b933a75,C00607,Twitter,Positive,Customer Service,2025-08-28,81,115
05cc1354-e95e-4a2c-ac3b-5e3972bac244,C00975,Twitter,Negative,Customer Service,2025-01-16,318,124
0ab0b4ba-412b-4ecb-89e5-943b29c896f8,C00548,Twitter,Positive,Event,2025-06-30,488,118
57994d77-54c0-44f4-a703-3a33f890be80,C00934,Instagram,Negative,Network,2025-01-25,458,134
9a8792d1-856d-4bda-a919-732fe88288ee,C00695,Facebook,Positive,Offer,2025-06-16,351,197
fb29a19f-3912-4d91-af16-3e67b34aa7a0,C00047,Instagram,Negative,Customer Service,2025-04-23,413,73
fbaa14d4-ea5e-432a-a472-8f88732a8f49,C00705,Instagram,Negative,Event,2025-03-10,302,188
1a9face2-1ab0-4c51-8b0d-4cbd09e6c510,C00868,Facebook,Negative,Network,2025-02-23,46,45
da9338f6-8995-491d-8ed3-afeff897c7d9,C00688,Twitter,Neutral,Event,2025-09-08,408,33
6bdc01b5-9572-413e-89e9-39745c1452ca,C00063,Facebook,Positive,Event,2025-05-15,49,190
de93f2fb-6654-43dd-8915-d17add3df93c,C00015,Facebook,Negative,Network,2025-05-18,76,91
d76692bd-6416-420b-8713-a3d53b9bd6ef,C00503,Facebook,Positive,Network,2025-07-08,435,103
9bd53714-614f-4082-97e0-85d8dfae4ff6,C00896,Facebook,Positive,Network,2024-09-27,376,167
83d0703a-474e-4b69-b721-0f63f6c2c7be,C00408,Facebook,Positive,Event,2025-05-27,31,57
abcf1d4e-bf02-4ce0-83b9-fcf4e5d4b443,C00924,Instagram,Neutral,Customer Service,2025-02-28,453,159
2ffa40f7-350c-4740-ba6f-8411bf011eb7,C00109,Instagram,Positive,Event,2025-06-11,224,96
f6ffef22-120f-44a7-991f-c0669fa43a62,C00772,Twitter,Neutral,Event,2025-06-03,77,146
548e2df4-9a2f-4623-8b5b-600a488e70e0,C00416,Instagram,Negative,Event,2025-01-30,472,191
700d5278-b081-491c-ab03-5822771a4af3,C00198,Instagram,Positive,Offer,2024-10-04,399,92
e4239023-6c59-4f2e-9959-0bbba8c3a7b7,C00250,Instagram,Negative,Event,2024-11-22,96,36
f0a4f07e-4303-4244-9d6e-06e8ad6971c0,C00829,Twitter,Negative,Offer,2025-01-16,91,83
d784a939-ad6f-4e1b-97c3-5afed71e3e81,C00895,Instagram,Neutral,Network,2025-01-04,412,140
08225318-464b-43f2-abf7-889a28df781e,C00968,Twitter,Neutral,Customer Service,2025-03-21,9,156
983a5121-8e1e-4f2b-a2dc-b2030626cb30,C00450,Facebook,Neutral,Offer,2025-01-20,421,166
f1ad9124-20f7-4d29-95cb-f2d90f24e803,C00883,Facebook,Neutral,Network,2025-06-13,418,137
3eb45346-f488-4bc8-9c05-37e339b316a2,C00937,Twitter,Negative,Customer Service,2025-04-22,456,30
3dc766d6-1e09-4961-b19d-78e30768570c,C00773,Twitter,Positive,Network,2025-06-15,223,99
ddfd3975-1753-4864-bfb1-4b4b812a7c82,C00331,Facebook,Neutral,Customer Service,2025-06-28,491,61
3f6c9df5-394d-42c9-8b57-5c1124ced0a1,C00873,Facebook,Negative,Offer,2025-02-01,488,6
520a38e0-0da7-4237-9fe2-cadc8cbab2b1,C00775,Twitter,Neutral,Event,2025-08-16,31,57
1360d6b6-ff8a-4b6e-866a-60658c513a02,C00719,Instagram,Negative,Event,2024-10-07,0,181
1df19d03-f257-4076-8454-1f13ac74e301,C00547,Facebook,Negative,Event,2025-02-04,454,9
47bb6aec-7500-431b-b4ea-b00137ecf916,C00394,Instagram,Negative,Offer,2025-07-27,240,95
7558aace-6758-453c-9379-ceb3329e3f4d,C00639,Twitter,Neutral,Customer Service,2024-10-01,239,156
7db2517a-7329-4c98-a7eb-7d25a2c98d78,C00053,Facebook,Neutral,Offer,2024-11-23,29,67
ff7be923-1225-4b77-b5f7-77b7c4569cb3,C00482,Twitter,Positive,Event,2025-01-18,335,135
6e7659e3-9baf-4924-9da6-01ea61875ae0,C00591,Twitter,Positive,Event,2025-05-23,217,67
eaa0f9a6-b263-42ae-b672-317d5e3b3441,C00378,Twitter,Positive,Network,2025-04-24,351,196
f5f1607b-5a7b-491e-8bba-8a39e5e19ec1,C00049,Instagram,Negative,Network,2025-03-24,459,30
91ee4bf8-9c92-4c06-97df-de3b917f1f1c,C00917,Facebook,Negative,Customer Service,2025-02-06,468,125
57b4d9ae-e41a-4161-8681-cc005e2b0f96,C00337,Instagram,Neutral,Offer,2025-01-20,462,138
a112d6a2-b036-433c-bd70-0453a6069af6,C00521,Twitter,Negative,Customer Service,2025-02-12,92,124
153e1a00-a1ac-403b-b5c7-6204902a459a,C00315,Twitter,Neutral,Offer,2025-03-05,261,42
e015bd1b-5d53-43e5-8391-f85d4ce48e87,C00514,Instagram,Positive,Event,2025-08-15,83,88
1305c302-e5c7-4fe4-8946-0a43d6ffd242,C00323,Twitter,Positive,Network,2025-04-16,189,177
29137df6-f12a-43f3-9850-38099fcfdf54,C00144,Facebook,Neutral,Network,2025-06-03,163,94
a9ad8897-da6d-45ce-bd33-989721880028,C00920,Twitter,Positive,Offer,2025-08-18,168,40
0fcbc42f-eeda-4619-8f1a-f57524b6a91c,C00259,Instagram,Positive,Network,2025-09-03,410,112
879370a3-c60d-4769-ab32-3824e4eb9b45,C00567,Facebook,Neutral,Customer Service,2025-05-18,6,184
c261f93f-c65c-4c2a-a9fd-94158028df6c,C00371,Twitter,Positive,Network,2024-10-21,449,135
dfa896db-18a5-49f5-9036-ba69a66db249,C00651,Instagram,Positive,Network,2024-10-18,183,191
17b022c7-2f5a-456e-b5b3-34c4a11020ab,C00095,Instagram,Positive,Offer,2025-01-11,11,182
4b9f1600-7dce-48b0-9fcf-8f6fe85d8eda,C00959,Twitter,Neutral,Customer Service,2025-06-11,323,10
cdc7dea3-0f5e-4d86-a620-c92b51d5db5f,C00282,Facebook,Neutral,Network,2024-12-07,169,109
22b089c7-aa31-4ee0-8e8c-9c65ca1c2593,C00595,Facebook,Positive,Offer,2025-03-16,410,197
e1b79c11-9f7a-41fa-83d9-485962be5e5c,C00158,Instagram,Neutral,Offer,2024-12-28,401,198
bb0bf375-834c-40eb-8695-a0ba33d5ceaf,C00392,Facebook,Negative,Customer Service,2025-07-04,229,57
0e82cf50-f379-4ab2-8cd8-f53124391e37,C00524,Instagram,Negative,Offer,2024-12-02,21,145
dbb5d0f9-aee6-4375-9cc4-adcbba9171ed,C00959,Twitter,Negative,Customer Service,2024-12-21,91,52
c9287a8e-1770-4a00-afeb-d2bcb936ff39,C00618,Twitter,Neutral,Network,2024-11-24,187,105
fdc52c85-e0c8-4a48-88d5-de25fdf4ca04,C00204,Instagram,Positive,Event,2025-01-06,41,38
952f1308-2c41-4f60-b3c5-63babc9dea97,C00309,Twitter,Positive,Event,2024-12-06,105,156
4a20b40f-3bca-4969-afbe-fd0dc5dd049d,C00866,Instagram,Negative,Network,2025-05-17,70,165
936c8334-05a5-430c-8936-70a9cb572bb6,C00321,Facebook,Positive,Offer,2024-12-24,457,110
16ab05a3-b76f-49b9-8c16-687d2d102257,C00399,Facebook,Neutral,Offer,2025-07-22,220,76
b7eb0923-5c98-4385-89ed-d3b6e6b39de4,C00213,Instagram,Neutral,Offer,2025-07-24,43,168
92593c47-7a6b-403f-9a84-58072a2e1a7b,C00314,Facebook,Neutral,Customer Service,2025-01-18,190,107
06e38d30-b518-4d1c-8fa6-41829174729d,C00566,Twitter,Neutral,Network,2025-01-05,386,139
e9c0cd03-9b97-4c27-ba7b-e33fd13a895f,C00598,Instagram,Positive,Customer Service,2024-12-25,195,179
a7c8ce03-e930-4a4f-8cec-13a722e44299,C00239,Facebook,Positive,Event,2024-12-19,316,140
68195119-4d6f-456d-932d-cae42763957f,C00593,Instagram,Neutral,Offer,2024-09-26,122,172
1643094d-9826-44a6-a669-4f3f8dbe81e1,C00778,Twitter,Positive,Offer,2025-09-08,4,71
ccc74f10-3435-4415-9d25-7d3ac81f5bbd,C00160,Twitter,Positive,Offer,2025-01-12,354,132
3bb487f7-fa36-40b5-bad8-29e9f69669ee,C00538,Facebook,Positive,Network,2024-12-28,338,145
7915f907-5dec-4ccc-b5c5-fd9f8099527a,C00396,Twitter,Positive,Customer Service,2024-10-19,13,156
af84add6-c463-490a-99cf-c5aa36deece6,C00744,Facebook,Negative,Offer,2025-05-10,253,4
7630b50d-e47a-48f4-ad07-d2e3b120a7ef,C00265,Twitter,Positive,Customer Service,2025-02-27,125,198
7e5a86ad-2f86-41d5-9651-b4bb6a7fae10,C00856,Facebook,Neutral,Event,2024-12-20,219,131
c49bdcf1-1db0-41db-a0e0-463dd1c3516e,C00311,Instagram,Positive,Event,2024-11-05,333,39
9e86e4e8-2a59-4e33-85f5-291206a2afeb,C00399,Twitter,Negative,Offer,2024-10-25,237,80
80a3e46e-342d-4e17-b52f-1129b2204f32,C00489,Facebook,Negative,Event,2024-10-24,487,109
4a3d6276-179e-4e59-8a18-501d394a3116,C00208,Instagram,Negative,Network,2025-04-28,182,52
29aab709-08cc-45d7-8f7b-d8174e292617,C00995,Instagram,Positive,Network,2025-05-08,431,142
8e59d128-0cfd-400c-9a33-1379f366d756,C00794,Facebook,Positive,Offer,2025-04-11,97,11
9411bd59-11fa-4750-b61e-9e5d873e21b2,C00578,Instagram,Positive,Network,2025-02-10,311,148
5c47581e-cf3f-426a-8d51-16cd6983e150,C00556,Twitter,Neutral,Event,2024-11-20,255,12
1b91ba8a-9280-42aa-9312-89471df4d71f,C00647,Facebook,Neutral,Customer Service,2025-05-29,50,134
835cf16b-093d-4f52-9710-160bde6d9591,C00710,Instagram,Positive,Network,2024-11-19,1,144
5228b1af-3133-441a-b78a-9213abb31204,C00520,Facebook,Negative,Event,2025-02-14,429,48
b2398791-d10f-4d4a-ba20-9b9d8fc43937,C00414,Instagram,Negative,Offer,2024-12-08,258,166
3bc6f4ba-26cf-4ce8-b587-a482713884dc,C00666,Twitter,Neutral,Event,2025-06-29,5,3
6610b404-a043-4992-9cd1-e2d9e18950ef,C00388,Instagram,Negative,Network,2025-03-21,448,40
ecff4025-f94a-480e-8ce6-8b19fde02178,C00499,Facebook,Positive,Customer Service,2025-06-11,372,41
e949e29c-11b7-464a-bd92-2b6fb21e2700,C00379,Twitter,Negative,Customer Service,2025-03-20,193,82
37b83dbe-a7ba-45f1-9bb6-c4a302e78484,C00516,Twitter,Neutral,Network,2025-06-03,346,115
9e4e31cf-179d-4728-902c-e1fce6e3c5e0,C00612,Twitter,Positive,Customer Service,2024-11-05,51,170
7aa88007-c342-4f31-8b0e-12c48194dbaa,C00626,Facebook,Neutral,Event,2025-01-08,4,55
07b9625d-dde7-4d45-9029-f8e35230f39f,C00127,Twitter,Negative,Network,2024-11-03,271,54
28ace558-c81e-477d-b4b8-c32cb8e096ef,C00271,Facebook,Negative,Network,2024-10-02,316,139
45be06f8-3fbf-4901-bc71-3b1be329a51f,C00937,Instagram,Negative,Customer Service,2025-09-07,131,135
6e0b214f-5e2d-4f94-97a9-bc72437483d7,C00467,Facebook,Negative,Network,2024-10-04,483,69
e4f5297c-418f-4315-939c-ebb37e3b534b,C00919,Facebook,Positive,Offer,2025-04-02,130,106
0edb24f1-584e-44c3-a40e-2034c51b3ac7,C00922,Instagram,Negative,Event,2025-07-23,469,177
c04a00cb-58c4-4481-b42b-0da87ef55da4,C00469,Facebook,Negative,Offer,2025-06-08,198,15
a72c3d57-dc12-454b-b51d-d1565bacd515,C00188,Twitter,Positive,Network,2025-03-11,343,129
60985383-d354-488e-9343-087739e14601,C00705,Twitter,Neutral,Event,2025-06-27,382,186
06ae5314-64f5-40c5-9e1f-bf0c357ee616,C00425,Instagram,Positive,Customer Service,2025-07-26,472,163
a47a355e-f5ad-47db-bf59-be37a981cfc5,C00621,Facebook,Neutral,Customer Service,2025-03-27,113,163
f8f0812d-a6fe-4498-97c3-2ec613ab1631,C00025,Facebook,Neutral,Network,2025-08-02,431,179
0e0bfa52-c4e8-470d-ba02-a885be8dee1e,C00217,Instagram,Negative,Offer,2025-01-17,472,164
708292e7-c14a-41a5-b0a5-94afe3893cdb,C00795,Instagram,Negative,Offer,2025-09-16,224,27
301e5da2-f440-4068-87ee-1ab4f8965e8c,C00130,Instagram,Negative,Event,2025-06-29,11,73
dc1631bb-610d-49e1-9caf-686992c5d3fb,C00917,Twitter,Neutral,Customer Service,2025-07-03,249,138
dea12470-6620-429e-acad-b4c10f782400,C00974,Facebook,Positive,Offer,2025-03-11,323,187
9b8771ee-9803-4ca7-986a-2ad4037f806b,C00451,Twitter,Negative,Network,2025-01-04,145,42
d65921e3-dcd7-41f5-98e1-d542e9fbbb50,C00997,Twitter,Neutral,Customer Service,2025-09-13,198,35
3edd4f0e-9ac6-4e9f-afb9-257165afc237,C00277,Instagram,Negative,Customer Service,2025-08-05,494,184
3f710a1a-c40f-4bad-bc9f-e716230d8139,C00259,Twitter,Positive,Network,2024-12-12,254,139
7e3f3a28-077e-464e-8f2c-014776120622,C00163,Instagram,Positive,Network,2024-11-02,180,166
d19c5dbc-85dd-4103-917a-8221ae62498f,C00885,Facebook,Neutral,Event,2024-09-27,222,34
dddca15f-7ed7-4b91-947a-bbe806c3fc60,C00033,Facebook,Neutral,Network,2025-08-24,471,112
8f370139-0c6e-4d47-a7ed-47d5463bb015,C00534,Instagram,Negative,Event,2025-02-25,129,3
4c59c04d-3759-4e76-aebf-3f1f3fe8e098,C00783,Twitter,Neutral,Event,2024-12-11,229,75
67fe1658-c0ac-4371-8c90-99d407d6c3da,C00417,Instagram,Positive,Network,2025-01-25,307,157
4b0c0c53-7dac-40ee-873f-bace88d616e6,C00715,Instagram,Negative,Customer Service,2025-01-06,431,109
86b0a2c6-b188-47b2-8aad-985fb222e140,C00352,Facebook,Positive,Customer Service,2025-04-14,462,87
2bcd2d80-a6ad-4006-a011-cc2b9f8048e2,C00680,Instagram,Positive,Customer Service,2024-12-22,171,143
01550f52-bb72-42dd-998b-183d55c61577,C00808,Instagram,Neutral,Event,2025-07-28,89,156
864c1d67-2463-4434-afbe-bc777e2de034,C00183,Facebook,Negative,Network,2025-08-01,237,41
d6a5cb00-8aaf-4cd7-a9d0-454a5334ac98,C00139,Facebook,Neutral,Event,2025-06-04,315,69
f20f9a17-8ce7-4530-9fb3-9348af96edce,C00045,Instagram,Negative,Network,2025-01-25,50,80
ffba47b9-50fd-4b74-9b27-737f463ba616,C00793,Instagram,Positive,Offer,2025-08-08,264,41
1d44999b-c4f0-44b2-9ec5-d42a3629a4ef,C00449,Facebook,Positive,Event,2025-08-17,343,137
0620078b-c81e-4fa3-abbb-8d0ef46ec77e,C00539,Twitter,Positive,Offer,2025-09-11,411,51
dca78898-84f6-4a6e-8f91-820aeb59baa7,C00855,Facebook,Negative,Event,2024-11-23,70,39
7ee03bf7-6da9-4d6f-bc36-9380c040f27a,C00367,Facebook,Neutral,Event,2025-04-10,332,128
b5df0c1e-8c3c-4434-b4c8-fba5e8ac133d,C00758,Instagram,Positive,Event,2025-03-21,457,110
d75816c6-9006-4c5a-a0c6-dd6365791c66,C00089,Twitter,Positive,Customer Service,2025-05-14,205,95
8829e211-3d92-426b-b3ed-d04d2536fa33,C00510,Instagram,Negative,Network,2024-09-30,286,79
69440b9c-3c42-4c26-b1e2-25714212af7c,C00206,Instagram,Negative,Network,2024-12-26,361,78
69cdb716-4faa-4d5b-84d5-708b5d3525fb,C00853,Facebook,Positive,Event,2025-02-25,74,123
6e4429cc-846b-41c4-8602-21abccb02dbe,C00238,Facebook,Neutral,Network,2025-06-21,331,102
1927e3d4-4408-4f94-b632-b54af1984c95,C00033,Twitter,Negative,Network,2025-02-14,76,109
21595636-169d-4903-8448-05117db85266,C00423,Instagram,Neutral,Network,2024-10-08,299,111
553a019f-7516-491b-9b0b-d2c93a5d38cc,C00078,Instagram,Negative,Network,2025-01-28,290,21
7b14c8b4-7138-46fd-9338-eda62b2d1a24,C00007,Twitter,Negative,Network,2025-02-17,220,100
836d3cf3-5bbc-4799-8299-10e01f302349,C00365,Facebook,Negative,Customer Service,2025-01-12,158,86
bfd1e8f2-1c64-49c6-9a7a-f3f8834b8382,C00966,Instagram,Negative,Offer,2025-07-05,19,13
5eafe559-1458-48f0-8c9b-d99240c8a03d,C00099,Instagram,Negative,Customer Service,2025-03-03,437,102
4fc5668b-b4ec-4e8e-9cdc-849a8b46de99,C00134,Facebook,Negative,Event,2025-06-11,372,76
11856991-e442-4699-a116-2d0db3faec91,C00883,Facebook,Negative,Offer,2024-10-20,411,1
1a1b3228-1e46-47ae-a196-ec6489fce20c,C00934,Facebook,Neutral,Offer,2025-01-14,420,182
32c011f1-dc18-4c23-87f2-bde7eadce244,C00134,Instagram,Negative,Event,2025-08-11,351,50
9b89d383-8432-486a-96de-10e9137d2010,C00058,Instagram,Positive,Offer,2024-11-23,55,105
c85ea40e-05aa-4842-bf93-5d24bf9eba03,C00407,Instagram,Neutral,Network,2025-01-23,23,191
450561f8-a16e-4381-b593-31df56fc295a,C00459,Twitter,Negative,Event,2025-02-09,384,16
2cea4994-4219-4e92-a8e6-7bc059c328fb,C00886,Twitter,Neutral,Network,2025-06-22,109,171
6138ecb0-3f2e-4130-b843-48458032dee2,C00935,Instagram,Positive,Offer,2025-03-28,183,8
f16e09b5-d96b-4d4e-acc6-34234167a8cc,C00974,Twitter,Neutral,Customer Service,2025-07-06,90,37
7ff4fb39-3b41-431a-bddd-ee70d87aeda7,C00470,Instagram,Neutral,Offer,2025-03-08,158,147
06fd4d08-ce94-46ac-8454-b3e0fd176bf3,C00662,Instagram,Negative,Event,2024-12-05,173,35
45cf161c-ad39-4e91-8c9e-a702e095c016,C00940,Instagram,Negative,Customer Service,2025-05-13,31,81
5684b61e-fdeb-47e0-87e3-265250942b90,C00997,Twitter,Neutral,Event,2025-07-31,455,125
c9b5bbba-6907-4c49-acb0-6f5b5aab097d,C00689,Instagram,Positive,Network,2025-02-26,210,3
01c72a9d-fe12-4c0d-bb1a-1f9f024516b6,C00161,Facebook,Neutral,Customer Service,2025-08-01,98,183
69e5c6e1-f48d-4c8c-99d9-690617bc399c,C00859,Facebook,Negative,Event,2025-05-17,175,91
c682fe96-7f1d-41b0-a6f5-c6d5233e21ef,C00614,Facebook,Negative,Event,2024-11-17,472,81
605c39d8-85cd-40a4-b7fb-06b93875bc18,C00578,Facebook,Positive,Network,2025-07-13,133,185
afde8320-445d-428e-a837-83fc78b93e7f,C00072,Facebook,Neutral,Customer Service,2024-11-09,83,135
ba0e2638-db74-4def-a6d1-6c6e19570f0c,C00756,Twitter,Positive,Network,2025-09-12,412,25
cd8c43ee-df4e-4131-be66-0c0571ece133,C00409,Instagram,Negative,Offer,2024-12-09,10,168
88faf505-3b54-4bdb-87c6-c8f8cc3f6853,C00253,Facebook,Positive,Event,2025-02-05,234,180
f13aa48f-0e2b-4b42-9fef-e149c93e1531,C00286,Instagram,Negative,Customer Service,2025-04-24,116,58
73738569-a187-46df-adde-c0fad6759c5e,C00795,Facebook,Positive,Customer Service,2024-10-01,176,173
4236158b-3194-4d43-95e1-d191ca3d02cf,C00468,Facebook,Neutral,Event,2024-10-04,354,164
15c4c4cb-92d6-448b-9ac4-667db754afdc,C00750,Instagram,Negative,Network,2025-02-19,151,120
087c46f9-5c57-4417-a829-8ac0eb315783,C00966,Instagram,Positive,Customer Service,2025-04-10,325,162
cdb405ea-696f-4ed2-b060-b97b11d37b12,C00783,Instagram,Negative,Customer Service,2025-06-04,467,158
c0ed0afd-e43f-474b-9b2b-8060427690d4,C00493,Twitter,Negative,Offer,2025-07-04,338,198
d0f587a8-466c-4854-bd94-8f3204ee41f5,C00303,Twitter,Negative,Network,2025-04-05,209,115
3056786c-45a2-45bc-8fdd-7514407b0c89,C00643,Facebook,Positive,Network,2025-08-09,16,152
76a141c3-d01d-4f73-b94e-f7a4f611b8d0,C00587,Instagram,Negative,Customer Service,2024-10-06,149,44
cf7b05a7-2c37-49be-ab83-5025b0e72b39,C00629,Facebook,Positive,Offer,2025-03-21,33,97
a927fd46-b668-4f46-94aa-09c292068d57,C00652,Instagram,Positive,Network,2025-04-22,65,128
4e0cad29-1fc5-487a-b5b7-0895e0536baa,C00130,Instagram,Neutral,Customer Service,2025-07-17,491,154
414d1f46-5afb-4584-b464-4b99980afee9,C00482,Twitter,Positive,Customer Service,2025-01-06,264,151
9379d429-6d80-4fe3-a31f-67d3bfb468fd,C00074,Twitter,Neutral,Customer Service,2025-01-22,240,144
fb20f45e-15a4-44cc-95d6-ab9923604ccf,C00587,Facebook,Positive,Customer Service,2025-06-22,392,135
b2000682-d7b2-4172-b9d9-c4a1b25ae1fa,C00762,Instagram,Positive,Customer Service,2025-06-06,347,89
2163e697-6f64-4c79-9840-efbd5a8df167,C00914,Instagram,Neutral,Network,2025-03-16,333,37
f79c539a-01fc-4fc0-8020-18a82b267d9a,C00790,Twitter,Neutral,Offer,2024-09-28,470,67
be138ea5-ee22-4b37-b783-0f486a3747f4,C00282,Twitter,Negative,Event,2025-08-15,354,6
dd45a2db-b7ec-4579-ae4b-9e58e34f8ce2,C00527,Twitter,Neutral,Offer,2024-10-18,36,187
4559d756-3466-4def-b263-6386fe29c9b2,C00246,Facebook,Neutral,Customer Service,2025-01-14,122,82
48d9548e-c87c-481d-a98a-221b9478259f,C00956,Instagram,Negative,Customer Service,2025-06-06,438,83
3bf6d178-2f22-49f6-95c7-83cb51a504c3,C00635,Twitter,Negative,Event,2025-01-16,107,176
b62b56d5-68c7-46d2-90ec-e4481e174c87,C00746,Twitter,Positive,Offer,2024-12-10,37,163
6c2d1000-298c-4609-92c4-94e13a5b201d,C00104,Twitter,Positive,Event,2025-01-03,157,163
7c8595cc-9b25-4656-83ae-de2dbb76e48f,C00156,Twitter,Negative,Network,2025-06-13,163,65
da2c8e5b-aefa-47b6-b49e-e85fafd580eb,C00269,Instagram,Negative,Offer,2024-10-10,392,118
77125222-0344-4031-b1e8-a350172ad6ea,C00651,Instagram,Positive,Event,2025-04-15,29,94
aededc51-201d-4cc9-9a7b-0888f2295380,C00877,Twitter,Neutral,Network,2025-06-11,318,94
567cbd94-a7f7-4868-a2e1-cd0c48abb1bb,C00970,Facebook,Negative,Network,2025-03-07,326,102
bd0a239a-bcd7-4da6-932c-22daf3b8d05d,C00956,Twitter,Neutral,Offer,2024-12-20,94,113
ffc34906-dfbb-41b7-8544-fee9db3f516b,C00415,Twitter,Neutral,Offer,2025-07-05,66,109
8f374779-4d3e-4ae0-90f7-a1d1f09df083,C00343,Instagram,Positive,Network,2025-01-05,490,196
49d5deec-da6a-4c2e-abc6-c400b2e7e413,C00508,Facebook,Negative,Network,2024-11-26,130,189
d909f159-a318-4918-a41a-576cb4a31d6a,C00503,Twitter,Neutral,Offer,2025-08-15,225,154
59c13918-b6b0-4726-9039-9f423ec6f665,C00947,Facebook,Neutral,Event,2025-07-04,339,84
d0464fea-e312-4624-bf17-bd6fc98454fb,C00167,Facebook,Negative,Offer,2025-08-16,317,150
7bbfa8ea-3698-41f8-a3d0-ed8933b5d393,C00637,Instagram,Positive,Event,2024-11-24,289,27
b6835a9d-78cc-49a6-8f47-0c3788ed944f,C00831,Facebook,Neutral,Customer Service,2025-02-02,141,68
92e32273-7def-44fc-a88f-311f67c73503,C00111,Facebook,Negative,Offer,2025-09-22,259,92
0c5bef44-3547-4403-a8d7-ecd01febf83d,C00464,Facebook,Negative,Offer,2025-08-26,269,42
60dc0317-5361-43d4-a2a0-6bd86a205781,C00410,Twitter,Negative,Network,2025-01-02,51,107
78ec221b-b602-4a95-b359-92e374d30179,C00823,Instagram,Positive,Customer Service,2024-10-29,308,185
8f7440d5-8484-4071-9776-76811531918e,C00592,Instagram,Positive,Event,2024-11-10,475,72
109368ff-fc0e-4433-ba9c-5a2aba900186,C00458,Facebook,Negative,Event,2025-07-26,490,25
77ff9820-f5cb-4605-bce7-7237dd849b2c,C00370,Facebook,Neutral,Offer,2025-09-10,98,52
ca576655-8590-4a75-a3de-00e3acd5b2b6,C00073,Facebook,Neutral,Offer,2025-04-29,36,170
ef9e4435-b8b6-4101-aeaf-248f12af19a8,C00219,Facebook,Neutral,Event,2024-09-24,168,98
1db1c0b0-1eee-43d7-93ac-f2e0ba4bf222,C00901,Twitter,Negative,Event,2025-09-20,383,24
eedab4fe-4cfa-4687-9379-19941e87d756,C00880,Instagram,Neutral,Customer Service,2025-02-17,322,12
a64e88d0-b66a-47eb-a1bf-4326412c1034,C00146,Twitter,Positive,Network,2024-10-23,402,11
db33c44d-9520-43e2-bfd5-f52d1a62de3e,C00176,Instagram,Negative,Event,2025-03-27,157,169
751d2eb4-9399-4743-821c-930c0f7323a7,C00626,Facebook,Neutral,Event,2025-02-03,28,196
c4775de9-bb40-49bf-ac26-76474dadaaad,C00006,Instagram,Positive,Offer,2025-01-12,482,83
f5a99ca1-367f-4d43-bd4e-15deeb168a10,C00233,Facebook,Negative,Network,2025-06-18,447,166
ead0a63c-8424-443c-aba6-c69dc505ac21,C00805,Instagram,Positive,Network,2025-04-12,314,179
f8566394-5623-4d9c-83f0-e1aba6cafb60,C00003,Instagram,Positive,Event,2025-06-11,427,98
b8bb90a5-ffff-450c-bf3e-1f923dbdac3b,C00613,Twitter,Positive,Event,2025-05-26,324,147
acb88598-8f3f-46c5-8ada-3149f871ebed,C00929,Facebook,Positive,Event,2025-07-27,146,172
01361b8b-755f-4ddc-bede-2223ba5ecc6b,C00863,Instagram,Positive,Offer,2024-10-14,202,131
1ef9d51f-e329-4512-8f7d-8e968f70f779,C00693,Facebook,Neutral,Customer Service,2025-05-13,99,22
5596eef9-2c2e-4357-be04-20265733fba4,C00079,Facebook,Neutral,Offer,2025-08-30,342,66
a6596289-c03f-42ef-9627-e3cf2825a04b,C00778,Twitter,Negative,Event,2025-06-17,68,168
8cf43673-07e2-41b9-940c-46db8e0fb501,C00027,Instagram,Neutral,Event,2025-09-13,308,49
7baa87f7-67fb-47a6-aa7e-c945c1448390,C00751,Twitter,Neutral,Customer Service,2025-04-21,128,167
68babf80-9d50-4e63-8f76-8f1d95e6fe6d,C00624,Instagram,Positive,Event,2025-05-25,337,69
25fdb592-04ff-453e-ba5f-0d5269748e04,C00324,Facebook,Negative,Event,2025-04-10,90,162
d7f55b10-b80b-4efd-a91a-c1c75c4f5965,C00270,Facebook,Positive,Customer Service,2024-12-07,3,147
923302e5-d435-4914-b70a-bfbcfe24eaf8,C00971,Facebook,Positive,Event,2025-05-18,228,170
68ed0e6f-102c-4379-b599-8c785c6af630,C00077,Instagram,Neutral,Offer,2025-01-14,340,162
87944b4c-ab2b-4291-9345-2c2cc20b04e3,C00424,Facebook,Neutral,Network,2024-11-11,331,113
004c4600-b79f-4bc5-84be-c5ca1bc13d5e,C00061,Instagram,Negative,Network,2025-07-24,458,138
beb9e02a-fe36-44f8-aed0-4785305c87e1,C00160,Instagram,Positive,Network,2025-03-15,404,7
97fe8547-bfcf-4715-81cb-9833d4fbc391,C00961,Twitter,Positive,Event,2025-07-29,231,33
cf8cd3f4-0bf0-4e37-b26f-c529056bb931,C00020,Instagram,Neutral,Network,2024-12-23,140,71
87194c22-0f8e-4bce-86d6-9a44852afbbb,C00849,Facebook,Neutral,Event,2025-05-13,219,19
eb46c9da-6aba-4fa2-bbb1-5da9c076e606,C00635,Instagram,Neutral,Event,2025-06-12,351,96
cebdc3e3-c05f-40c8-af44-cd6dc382ba7f,C00816,Twitter,Positive,Customer Service,2025-09-02,27,183
7fab7d8b-095d-494f-aa0a-697f398c3efc,C00277,Twitter,Neutral,Network,2025-07-14,393,20
08fdd0ce-b4d0-46a4-80a1-451ecb62b9f2,C00002,Twitter,Neutral,Customer Service,2025-04-20,175,116
3c0d541a-83cd-4fa7-a3de-de31e3a94b00,C00388,Facebook,Neutral,Event,2025-01-01,189,107
ac218606-2790-4014-9807-b8d5457538a5,C00865,Facebook,Neutral,Customer Service,2025-06-05,381,117
4df1a4ad-b8f8-447b-bde0-91976f68e05e,C00904,Twitter,Negative,Offer,2025-04-09,301,164
af222448-ef12-45b2-a8cc-3596dd7fd5d5,C00489,Instagram,Neutral,Network,2024-11-27,391,15
da38562b-0f2c-40b2-98fd-2d5468eba848,C00346,Twitter,Neutral,Customer Service,2025-03-16,314,5
44de96e0-dd0d-47dd-ac56-ade449515159,C00812,Facebook,Positive,Offer,2025-07-18,124,13
221b789e-710f-4f83-9110-c40c651c9898,C00627,Instagram,Neutral,Offer,2025-02-27,60,79
46b383a6-ad4e-4ccc-9c46-7deb6529adf5,C00720,Instagram,Negative,Network,2024-10-26,442,107
808c9522-2900-49b5-8284-4c24991bf365,C00858,Twitter,Neutral,Customer Service,2024-10-31,112,118
7f97ebd8-457d-40a9-9602-bba0ff78b60f,C00226,Twitter,Neutral,Offer,2025-03-17,397,75
eb6041f8-dbee-466a-80e4-e0b0599b3cae,C00169,Facebook,Negative,Network,2025-07-16,486,125
c3c44f31-5576-4232-8ead-4349319ee85a,C00727,Facebook,Positive,Event,2024-11-11,76,148
6ffd9855-2f97-4059-8f9e-5c14262fb51d,C00208,Twitter,Negative,Event,2025-09-15,57,90
fa08c994-fddf-4fe0-9c88-679365af064a,C00889,Twitter,Neutral,Network,2024-12-15,439,12
be41cfc4-d85c-4ff4-a000-7b10377a163b,C00443,Instagram,Positive,Event,2025-02-13,309,13
58667341-4174-47e9-a76e-6aacf3b89516,C00226,Instagram,Neutral,Network,2024-11-25,169,147
717c3394-f3d3-4d47-9f08-13dfed28e30d,C00061,Instagram,Positive,Network,2024-12-14,235,168
b73b35fe-e917-4ed1-9c9e-1d5702968285,C00861,Facebook,Negative,Event,2025-06-28,226,155
c0e4712b-7621-4b47-be35-d237ffc4ab92,C00442,Facebook,Positive,Network,2025-07-04,304,147
0a0a7a8a-c2b6-4a9a-868b-113b42066ad7,C00292,Instagram,Neutral,Network,2025-06-19,290,159
6ec426c1-1627-4342-95c3-4e893a233ea3,C00397,Facebook,Positive,Event,2025-03-31,138,157
459241ac-2603-45c8-a5b5-32dd258a0e74,C00431,Twitter,Positive,Offer,2025-03-13,309,130
1f46a455-5e3b-49ce-ba87-deb7bea02dff,C00225,Twitter,Negative,Event,2024-11-08,277,132
7b70a734-333a-4009-8ed7-c6e6b5456648,C00319,Facebook,Neutral,Event,2025-06-29,434,144
06544239-fbc3-4387-97f3-33229323338b,C00553,Facebook,Negative,Offer,2024-10-16,131,199
d699bbbe-d72f-4825-9bb0-6f00cc6dffe7,C00222,Instagram,Neutral,Event,2025-08-11,271,189
c45ea576-ec95-4111-b92c-22846641ba88,C00402,Facebook,Negative,Event,2025-02-20,90,114
22d117dc-31b2-43cb-b578-3e64ee429722,C00260,Facebook,Positive,Offer,2025-03-23,6,199
4203e5da-fe2f-4fa1-b793-d2f23b05344d,C00968,Twitter,Negative,Event,2024-11-10,33,83
b2788e68-5ade-490e-b194-c92c8864f060,C00264,Instagram,Neutral,Customer Service,2025-02-17,8,29
8506d4a7-c551-4713-b24b-c2c0c5f8fded,C00832,Twitter,Positive,Event,2024-12-17,231,38
d538e813-c959-4492-a52c-738e23cac64b,C00745,Facebook,Positive,Network,2025-08-02,427,83
2d3d1ee8-ac96-4dc7-bf4e-8eeb3817fe8c,C00392,Instagram,Negative,Network,2024-12-01,141,4
1a1d2340-3538-47d6-9469-30aec03bfa94,C00549,Twitter,Negative,Offer,2024-10-06,485,75
78b68612-b7ab-41ef-babb-c7cccf5676e4,C00771,Instagram,Neutral,Network,2025-07-22,328,61
e2a60fe3-b6e1-4a21-b2ef-1b61bbbcc3e6,C00461,Twitter,Neutral,Customer Service,2024-10-13,28,145
4febf360-9585-4083-b163-9f148b105a79,C00286,Facebook,Negative,Offer,2024-11-15,339,200
e567ccff-ef83-49e3-8040-7101352657bc,C00222,Facebook,Positive,Customer Service,2024-10-06,464,145
446085d6-02da-4b64-b21e-0a41be396a77,C00419,Facebook,Positive,Event,2024-12-05,275,21
3257d849-c2fc-4d79-a30b-2bb43bb46892,C00816,Twitter,Positive,Network,2025-05-31,186,27
e321fecb-8993-4312-a072-5989a1db830f,C00525,Facebook,Positive,Offer,2025-07-17,195,148
5dfc843e-47eb-4404-888b-464b35e6168c,C00823,Twitter,Positive,Customer Service,2025-02-16,462,112
20bceac5-151e-487b-b7e0-4b1ec41b6e70,C00609,Twitter,Neutral,Event,2025-02-02,375,78
a03d6600-8c24-4e9b-a40e-e0157ca33bbc,C00289,Facebook,Neutral,Network,2025-08-27,394,88
709c82c0-3818-4857-b6f9-338544f63b7a,C00699,Facebook,Positive,Customer Service,2024-10-30,50,154
a4479ae2-b5fb-4028-8d0a-d95c86157303,C00779,Twitter,Negative,Customer Service,2025-05-11,464,39
ad72b66a-afe4-407a-af6c-64b1c0b3a374,C00507,Facebook,Negative,Network,2024-11-04,443,180
a8a2355d-9245-48c3-abc4-75b6f310f61d,C00641,Twitter,Negative,Offer,2025-02-12,222,136
a70d655d-fa2c-40ee-a4c5-f25c043d70e7,C00611,Twitter,Positive,Event,2025-05-11,490,173
b4bdc2c7-d81a-40b9-9e99-75464bb90cef,C00052,Facebook,Neutral,Network,2025-02-01,456,74
b0efea91-d4fd-4efd-ba58-132e4d6d7a14,C00316,Twitter,Neutral,Event,2024-11-15,445,184
