ticket_id,customer_id,issue_category,priority,date_opened,status,resolution_time_hours
471b7d74-d9e2-41e3-922b-713c0be82a0b,C00292,Technical,Low,2025-09-24,Resolved,10.3
65ff6086-5f62-41be-a8b6-ec5bcbdae3ef,C00445,Network,Low,2025-09-24,Resolved,5.2
beaf7c57-3dfe-4b6e-a667-64518198fc8e,C00363,Network,Low,2025-09-24,Resolved,57.1
867c45aa-3e81-4c75-97e9-687c436da10d,C00210,Service,Medium,2025-09-24,Open,5.9
a83fe708-a79a-48d9-9562-5d91cceced0c,C00614,Technical,High,2025-09-24,Resolved,14.4
2e27b51c-f42e-466d-978a-75683ef9f977,C00148,Network,High,2025-09-24,Resolved,65.0
f10543f9-2150-40d4-ad44-fe0cdd6b5802,C00618,Network,High,2025-09-24,Open,50.1
aefc5dae-a19c-4bff-882a-0d76fbddcffc,C00043,Service,Low,2025-09-24,Pending,68.8
dc986ec2-0373-480a-833f-c2a6abcda916,C00068,Technical,Low,2025-09-24,Resolved,4.4
daffe5fa-0766-4276-b766-fa13429e5407,C00252,Network,High,2025-09-24,Pending,17.4
0f57928f-11f4-4af7-9424-7666bca30593,C00517,Service,Medium,2025-09-24,Resolved,7.2
fd566c86-95bc-41b9-8ec3-20f7d09f6ec0,C00666,Service,Low,2025-09-24,Resolved,47.3
13ea7ae0-6be1-4e7d-9310-96065c969bed,C00886,Technical,Low,2025-09-24,Pending,13.8
807a2c52-990c-4751-83f0-2831b07ecdca,C00017,Network,Low,2025-09-24,Open,34.5
5079c6f8-d563-480d-a62b-901cbc502b20,C00567,Billing,High,2025-09-24,Open,49.6
aecf1445-1a0f-476e-8c30-bb021636244e,C00069,Billing,High,2025-09-24,Open,67.0
f62f7486-bfb6-4261-b70c-a09a809c2262,C00498,Technical,Medium,2025-09-24,Resolved,56.6
6d279518-66db-4857-86d4-9eb2eddcb5ce,C00466,Network,Medium,2025-09-24,Resolved,55.3
72dc83ed-786b-4336-8e71-0f53baec2ca3,C00468,Technical,Medium,2025-09-24,Resolved,25.8
c39d06fe-a490-49d1-82be-fc4917cf76e2,C00339,Billing,Low,2025-09-24,Resolved,64.9
0003ed63-ab3e-481d-bca2-e89382d8dfa7,C00517,Billing,High,2025-09-24,Resolved,58.2
695f30c5-9563-4ea4-bbaa-fa3c7628aede,C00713,Service,Low,2025-09-24,Resolved,55.8
d57a1134-c82f-48db-9bc6-9dfca6a148c3,C00740,Billing,Low,2025-09-24,Open,10.9
9d3651cf-b54a-4d93-a5b2-e968e2ac12f2,C00640,Network,High,2025-09-24,Resolved,27.4
5e6d9db3-2217-4f70-b646-9a1f5f7402f2,C00241,Billing,High,2025-09-24,Pending,52.9
5ffb3b71-960f-48b4-99b3-bde0fa5afb37,C00139,Network,High,2025-09-24,Open,14.4
46b6c5a8-115b-4d5e-9e6b-42d2a453cfdc,C00969,Billing,Low,2025-09-24,Resolved,49.2
3b4757e5-b110-4482-bb90-4a84b38de0cb,C00072,Service,High,2025-09-24,Pending,23.4
2f997d4c-b451-43f2-9302-26392e33faf0,C00765,Billing,Medium,2025-09-24,Open,11.2
0470fd4d-daf9-4a25-8928-654ce88442c0,C00257,Billing,Medium,2025-09-24,Open,57.8
3df1b08f-ae2f-4a94-bb2e-86f3d692b225,C00433,Billing,Medium,2025-09-24,Resolved,21.0
27d32d45-ea24-4a3a-acbb-71d76c1de2fa,C00109,Service,High,2025-09-24,Open,54.0
375e38b7-1136-49da-9ac4-01de0e070e00,C00305,Service,High,2025-09-24,Resolved,32.0
08405335-6047-4b30-a377-ff85882cd5af,C00110,Technical,Medium,2025-09-24,Pending,70.9
3e5eed9f-de1c-41f3-b379-24444eba2d22,C00753,Service,High,2025-09-24,Open,33.2
40da438d-171d-48b0-9687-b993973d68a5,C00900,Technical,Low,2025-09-24,Open,13.4
2aebbd96-56ee-4d68-8016-75efbd9b3532,C00289,Billing,Medium,2025-09-24,Pending,24.2
d3de7fba-4d6d-4283-9d5f-dcf64c9a7c98,C00490,Network,Medium,2025-09-24,Open,48.3
43304aa7-9b0f-47c1-93ca-dfcd301f4cda,C00162,Network,High,2025-09-24,Resolved,37.0
bf0dcfc6-e5ae-465c-ae15-fd4e04459990,C00212,Technical,Medium,2025-09-24,Open,12.4
39d68ef9-b8d5-43fc-aa94-34342a9ea8d8,C00560,Network,High,2025-09-24,Resolved,38.7
d69b0190-39c4-4ffa-a527-e02f7b190a51,C00785,Billing,High,2025-09-24,Pending,64.2
bf6a806a-ea70-4729-898a-90241503a2aa,C00736,Service,High,2025-09-24,Resolved,68.6
69e2fcb5-6802-411b-9c01-bcc5c13967c6,C00394,Service,High,2025-09-24,Pending,5.8
7aa41188-7f34-405a-9d51-ad4bddf7e954,C00724,Service,Medium,2025-09-24,Resolved,47.6
341c3b08-f828-4db0-9715-8cbe342b6225,C00301,Service,Medium,2025-09-24,Resolved,55.5
301a1db9-ac9f-495f-8167-4d9b138bfe04,C00148,Network,High,2025-09-24,Open,3.1
321289ec-5fb7-4099-839d-27745af7a91c,C00075,Service,Low,2025-09-24,Resolved,63.0
c5bf05ef-6b1c-4b2c-b872-5a04f1d64fc9,C00898,Technical,Medium,2025-09-24,Pending,26.9
35c50282-5969-4879-941a-db56d0912596,C00262,Technical,Low,2025-09-24,Open,36.6
89b80812-c69c-470f-86f8-6d78ef87bdbe,C00482,Technical,High,2025-09-24,Pending,25.6
7d2c70bd-1e72-4652-b19a-adda2af41faa,C00047,Billing,High,2025-09-24,Resolved,27.7
9f63e175-e077-4f89-97fe-816053ef2e33,C00962,Billing,High,2025-09-24,Pending,49.2
85c38220-93cc-40ac-8f10-869c0ed19b4b,C00234,Technical,Medium,2025-09-24,Open,54.9
f9350fc2-cb2c-4a3e-ad6b-2d45e2dd8660,C00976,Service,Low,2025-09-24,Pending,10.1
8dd2fb1b-ff7a-4f96-b89b-affc2bba25b5,C00516,Billing,Low,2025-09-24,Pending,23.0
84d1fe3b-cec2-4863-9c6a-e28e548e0580,C00079,Technical,Medium,2025-09-24,Pending,3.3
60754bc1-1c50-4b06-9d87-a274f9169caf,C00651,Technical,Low,2025-09-24,Resolved,50.8
3712e715-2d85-40b4-9eee-f474c205a109,C00434,Billing,High,2025-09-24,Open,8.5
966cbc20-18db-4a78-9a93-97a6f14552c8,C00101,Network,High,2025-09-24,Resolved,1.9
926aa390-f460-4426-831f-d74988517e04,C00500,Network,High,2025-09-24,Pending,7.2
0a8267b1-c3f3-4de9-b76b-05b3e43b37eb,C00907,Service,Medium,2025-09-24,Resolved,24.0
886a22ca-f5e4-46c6-b232-2ae9fe2507bc,C00182,Technical,Medium,2025-09-24,Resolved,47.0
30677475-629b-4f6b-9dbb-ea9f421974c2,C00735,Network,Low,2025-09-24,Pending,54.6
d101929c-fb66-4abf-9b50-b5fbb41da663,C00502,Service,Low,2025-09-24,Resolved,49.3
b06b4ec8-1a50-4c62-a830-3f49ea2b9b89,C00434,Technical,High,2025-09-24,Pending,6.0
be9bab1a-769b-40ab-9300-f3dd5eb6b5bf,C00368,Technical,Low,2025-09-24,Pending,24.1
0d51524c-d8d4-425c-835c-6b32fa631e09,C00856,Technical,High,2025-09-24,Resolved,6.7
2c6336ba-1a02-4693-ac7a-4974bc4a171c,C00432,Technical,High,2025-09-24,Pending,64.3
e7940b08-78e0-49ac-a79c-e2d1507c2d8d,C00045,Network,Medium,2025-09-24,Pending,18.0
4bb47f88-164f-4b8c-bd7a-39501736aadc,C00257,Technical,High,2025-09-24,Open,25.3
157706e6-3fdc-448e-b257-1e92168f1a46,C00904,Service,Medium,2025-09-24,Open,50.4
321e746b-5cc9-4412-9b3a-4ee2a42000aa,C00120,Billing,Low,2025-09-24,Open,42.7
39347ab6-521b-4730-9011-d01af3c7f5f2,C00426,Network,Low,2025-09-24,Open,19.5
4bfd3801-4eab-4d0d-8ef7-b77e0f13280b,C00381,Billing,High,2025-09-24,Open,27.5
abf5c0bc-1683-4329-8867-260d70e22b70,C00622,Technical,Low,2025-09-24,Pending,10.1
fff3f7ef-9ddc-4c0b-8c25-db04e4c9bdec,C00972,Network,High,2025-09-24,Pending,31.5
8c8d33d0-9d29-4bd2-9c4d-d3e66842a80a,C00582,Technical,High,2025-09-24,Resolved,40.6
74e4f34c-51dc-4a8e-9017-bacec49f2e14,C00779,Technical,High,2025-09-24,Resolved,40.3
3cc4fe31-6ea1-476d-b53a-45c3d6e3965f,C00539,Technical,High,2025-09-24,Pending,45.6
e2e7855f-fcea-4251-9356-59374e307317,C00419,Network,Low,2025-09-24,Pending,31.2
f947e835-bdf2-4031-8ef0-cbccc87849c1,C00230,Billing,Medium,2025-09-24,Open,36.1
681791ea-2430-4bac-9928-e991974c934e,C00053,Service,High,2025-09-24,Open,28.6
44539a53-9913-4320-a7a3-8ff8db915ffd,C00897,Network,Low,2025-09-24,Resolved,58.8
af373150-4e89-4769-aabe-f1300e197c86,C00750,Billing,Medium,2025-09-24,Resolved,10.5
cdbeb893-bbd6-4d8c-aad8-2bb69e3d59f0,C00005,Billing,Low,2025-09-24,Resolved,21.0
eaef91c8-1ac9-49d3-b8c1-43756b5a9672,C00601,Billing,Low,2025-09-24,Resolved,28.7
616ac44a-a405-4f2d-bb71-9d0461e7eed9,C00997,Billing,High,2025-09-24,Open,41.5
e529f653-0f12-443f-846b-c3d717e16c8b,C00515,Technical,Low,2025-09-24,Resolved,71.7
ba09ad83-b3cb-4f5a-998d-f6a0d7177de4,C00668,Billing,High,2025-09-24,Resolved,48.4
4003d920-aa05-4bd5-a8f8-344e21e5eed2,C00232,Technical,Low,2025-09-24,Resolved,57.0
89199f95-678d-4bb9-9f9d-8ee5bd742407,C00178,Network,Low,2025-09-24,Resolved,14.4
203dfc74-ecd0-4b5a-80e2-9c59d30087ae,C00428,Technical,Low,2025-09-24,Pending,53.3
7fccf867-cf80-4983-a200-7835156e9644,C00503,Technical,Medium,2025-09-24,Resolved,45.0
a67f8850-2ba5-462a-a6f0-9429a3565dd0,C00297,Network,High,2025-09-24,Pending,23.0
c772e2ba-9187-445a-9e47-cedcd5edb0c8,C00067,Billing,Medium,2025-09-24,Open,60.5
318cac32-8771-4a3b-87cd-57062560f364,C00727,Billing,Low,2025-09-24,Pending,12.3
eeb1ae97-ccb4-4d2d-92ab-e1cb7f1f2b30,C00209,Billing,Low,2025-09-24,Open,22.9
5863229c-02d8-4b63-80fe-6cccbee9d208,C00537,Network,High,2025-09-24,Resolved,22.6
a25750d7-ccb6-4e9e-a97c-0644239f7c50,C00712,Technical,Low,2025-09-24,Pending,57.4
5a08afd7-a230-44a7-b27a-a368efde16bc,C00131,Network,Medium,2025-09-24,Resolved,6.7
a0968dda-8d1f-49e4-a1f6-9c30c2938347,C00571,Network,Low,2025-09-24,Open,60.3
255100c2-286c-4d47-b384-4055b415e6c8,C00554,Billing,High,2025-09-24,Resolved,61.8
769aff7e-a937-44c7-a538-2d43f5cd3fcb,C00689,Service,High,2025-09-24,Pending,70.9
9d9d817c-56f0-4bd9-8f11-3c8d446fd414,C00990,Network,High,2025-09-24,Open,40.9
30fdecec-ce18-4222-810b-f3d120fa3560,C00205,Billing,High,2025-09-24,Open,7.7
9c2ce814-250e-4556-9f41-b98bf0745dda,C00953,Network,High,2025-09-24,Open,34.1
e6a5cf84-2faf-465c-95ad-66554b94f3d9,C00815,Billing,Low,2025-09-24,Pending,28.8
feeffc7f-ad48-4174-94c8-633b0b7130f6,C00395,Technical,Low,2025-09-24,Resolved,47.2
05e7c959-a47c-45e7-8d87-0962ecedecb0,C00962,Service,Medium,2025-09-24,Open,37.0
f29e1da3-a1ba-435e-a9dc-f05e25bd4ead,C00666,Network,Low,2025-09-24,Resolved,68.6
0b3e32c1-614e-43e0-8e56-e8a604145aec,C00335,Service,Medium,2025-09-24,Open,14.7
ef70014e-ca92-4da8-ac6a-a91f0757912b,C00701,Technical,High,2025-09-24,Open,51.9
c87e332c-6b23-486b-8346-7306431c17b6,C00684,Service,Low,2025-09-24,Open,35.8
437414db-7a23-4fff-a2eb-b14a4ce95e09,C00224,Service,High,2025-09-24,Pending,15.1
facf99ff-b14d-44c0-a62d-ffb1cdfd1fe9,C00761,Billing,High,2025-09-24,Open,12.0
945ed196-b7cf-480b-8aaa-1a1857500fb7,C00257,Service,Low,2025-09-24,Pending,32.8
80af677b-a272-4eba-955b-c59adee14213,C00706,Service,Medium,2025-09-24,Resolved,60.0
6f86dcc9-549a-4833-814b-939a959cc9ce,C00597,Service,Low,2025-09-24,Pending,18.7
0907ec9e-3448-4c44-8274-2e66b0145cbb,C00379,Technical,High,2025-09-24,Resolved,40.4
d74b9eea-a083-4609-9448-58746390d5d3,C00468,Billing,Low,2025-09-24,Pending,61.9
83cb763e-3876-4632-a271-0801ce257693,C00408,Service,Low,2025-09-24,Resolved,61.3
82ace0dc-ed3f-4aff-8237-7bd087e555c1,C00638,Service,High,2025-09-24,Pending,6.1
6cf2059b-58fb-47c7-a183-c623e14c7ea0,C00365,Network,High,2025-09-24,Pending,68.9
9f99c8fc-9d04-4243-ba05-7940e94c700b,C00244,Network,Low,2025-09-24,Pending,6.2
a8b45926-63ac-407b-b4bc-a6b412f62dc7,C00124,Service,High,2025-09-24,Resolved,32.4
e292939c-20c3-48d5-a5ab-e7f96aac39e9,C00424,Service,High,2025-09-24,Open,18.5
e27d114a-05e5-4cf0-9771-ab1dd7e58438,C00744,Billing,Medium,2025-09-24,Resolved,32.3
de3e2bc2-ba17-4ab1-8ca3-24c619020277,C00860,Service,Low,2025-09-24,Pending,65.1
47898629-ec0f-4157-8255-c99461d73db1,C00171,Network,High,2025-09-24,Resolved,8.7
c0d4173b-aa58-40e6-86ef-a55196d0ae38,C00582,Service,High,2025-09-24,Resolved,51.3
93d1a873-c0f0-4632-9463-6298e1d852f3,C00578,Billing,Low,2025-09-24,Pending,22.6
3512902b-0444-4642-8249-dfeb36dd9d1e,C00877,Service,High,2025-09-24,Resolved,14.5
41a03734-baf3-42fb-b895-7c93c28aa3ec,C00873,Service,High,2025-09-24,Resolved,33.5
fd8629e2-cc32-4064-963c-ae6e8563e2f8,C00854,Technical,Medium,2025-09-24,Open,52.2
2b220ef0-8f63-4db2-bef2-c525bad79fa1,C00244,Technical,Medium,2025-09-24,Pending,25.1
12cb8302-4edb-40cb-8a33-7f1b91cd3af7,C00796,Billing,High,2025-09-24,Pending,61.4
75a870a1-4276-490d-9f3d-b3acc0e46ec7,C00715,Service,High,2025-09-24,Resolved,52.1
5c978975-f500-4058-8c3b-491fbb27dcbb,C00763,Technical,High,2025-09-24,Open,11.1
3d4740c7-8f90-464f-a0ce-29eb70c497ac,C00214,Service,High,2025-09-24,Open,28.2
bc44427f-f512-430d-97cd-4206e1f8f3f6,C00016,Billing,High,2025-09-24,Resolved,7.2
d1f055ba-0e69-40ed-a3bd-2289370db45e,C00653,Technical,Low,2025-09-24,Resolved,28.2
a8527165-2047-4bff-b897-9041ba8cecfc,C00576,Service,High,2025-09-24,Open,30.1
8e7ce430-cecd-476b-8200-eb7f7e510fa2,C00723,Technical,High,2025-09-24,Open,71.7
676d5654-845e-4f4e-8256-f22482b248b6,C00449,Network,Low,2025-09-24,Pending,10.9
69f37bf1-c52d-40fd-bf8a-ff19875a3a92,C00925,Network,High,2025-09-24,Pending,16.2
a92c1fd3-b053-4141-a147-89ed54ec2b91,C00963,Billing,Low,2025-09-24,Open,1.8
c6386ae0-5e18-48c9-aab3-5719e41342ec,C00935,Technical,Medium,2025-09-24,Resolved,31.4
2f8199c4-a9de-44a3-88e8-6648a994ddca,C00226,Technical,Low,2025-09-24,Open,15.2
2a2d0813-e7fe-467f-8689-9a0528aa6964,C00455,Network,Medium,2025-09-24,Resolved,36.7
c391af62-c298-4f2b-8069-8a2ae6ac8886,C00918,Technical,Medium,2025-09-24,Resolved,35.3
5f9ec8e9-3ed7-4432-a77d-bdc637e4b927,C00472,Billing,High,2025-09-24,Pending,50.5
83a52e89-828c-4bac-a5f5-883f6fd17141,C00356,Technical,High,2025-09-24,Resolved,35.8
ae7754d2-4c4b-4f67-ba3c-fc8489016a1b,C00294,Network,High,2025-09-24,Resolved,35.7
68d544a8-e81a-43f0-bc26-3cec6c22c110,C00035,Service,Medium,2025-09-24,Resolved,59.1
f2f79114-9c5e-4a3c-84ba-966f809c187c,C00207,Network,Low,2025-09-24,Resolved,18.8
3803fd7f-8d39-4b39-8d3c-e09052ee3db5,C00612,Billing,High,2025-09-24,Pending,71.6
93148969-47dd-4fc9-bbeb-c04344d02163,C00278,Technical,High,2025-09-24,Pending,38.8
2584e912-55b0-4753-b995-ec3f9328cf63,C00765,Network,High,2025-09-24,Pending,4.6
14c6f6aa-335e-4aa5-a2dc-95f55b7f7f66,C00363,Technical,High,2025-09-24,Open,5.1
af05977a-5838-4d77-a5b0-69f552875036,C00165,Service,Low,2025-09-24,Open,10.7
289cad9c-a0e5-4a70-9985-f511546ab1da,C00604,Network,Medium,2025-09-24,Resolved,10.1
46481f0d-7d11-443f-9f66-2738b3348662,C00279,Technical,High,2025-09-24,Open,49.7
1644b00b-46c4-42a7-b722-5aff751526df,C00578,Service,High,2025-09-24,Open,22.7
4a87aa78-a2d8-45c2-b4ac-4cd1107a8d83,C00870,Billing,Medium,2025-09-24,Resolved,9.7
fb962c66-e327-429d-af14-58cf62c1ef4c,C00324,Technical,High,2025-09-24,Open,3.9
c2b787b1-52bf-4c8a-b19a-704d6db4f3b8,C00073,Billing,Low,2025-09-24,Resolved,15.9
ca3778da-1e29-4577-a6e3-d14abf898112,C00519,Service,Medium,2025-09-24,Resolved,32.3
55ab4e6d-41d6-445c-aca5-87a37e368b30,C00777,Network,High,2025-09-24,Resolved,52.7
c981602a-5b08-4fac-a800-99bc9cf5fe16,C00290,Network,Medium,2025-09-24,Pending,17.5
a42df296-c755-46ad-9bb2-5e79c47b15e0,C00588,Billing,High,2025-09-24,Pending,20.6
673ed606-9c83-49b9-9c91-5117e3001ec4,C00216,Billing,High,2025-09-24,Pending,23.6
ef7419b8-3cd2-4aaf-ad40-a9b8994e594e,C00590,Technical,Medium,2025-09-24,Open,38.2
90d35298-0cc1-473e-8f16-f365e9dc1dbc,C00147,Billing,Low,2025-09-24,Open,25.9
d17403d2-811a-4804-bc84-93da59d8ac2f,C00129,Service,High,2025-09-24,Pending,13.4
c8c6cbbb-6560-4cc7-9c39-d22bd5c729d1,C00646,Billing,Low,2025-09-24,Open,69.6
bc853e82-c233-4baa-95fb-04bf09a2b826,C00597,Billing,Low,2025-09-24,Resolved,43.7
27bd668b-a3a9-41c1-a6f7-150479b3d03b,C00881,Billing,High,2025-09-24,Resolved,12.8
863a329b-2052-48cc-a503-6cd347e151e5,C00592,Service,Low,2025-09-24,Open,23.3
37080b78-bebf-4e40-8ab8-aadd8a9c7a82,C00460,Billing,High,2025-09-24,Pending,17.2
7ac6e470-2ada-4447-99a6-dd39a9ae7949,C00791,Network,Low,2025-09-24,Pending,39.5
a0e0c1c8-9156-4743-8c7f-758b8da4e2e5,C00459,Technical,Medium,2025-09-24,Resolved,61.5
b1b45409-a7a7-4955-af96-be804108c01f,C00038,Technical,Low,2025-09-24,Pending,38.2
dfce8001-a23e-44cb-8df1-60a1153335f8,C00961,Service,Low,2025-09-24,Open,56.5
cb2b9704-0213-4726-864b-cffb089918a2,C00852,Service,Low,2025-09-24,Pending,16.1
01483558-8db5-4f78-8ccd-97d3e8f50fb0,C00627,Technical,High,2025-09-24,Open,38.9
381bc235-ded6-4cef-9569-af97dab584bb,C00294,Service,High,2025-09-24,Pending,47.3
e192abec-cb68-4168-9fee-2bc93df46bd2,C00022,Billing,High,2025-09-24,Open,29.9
7c688e33-bf32-4d0d-bc9c-9a0f667676eb,C00165,Network,High,2025-09-24,Pending,63.0
45c6dc78-42de-4747-9388-2299588e3ff3,C00839,Technical,High,2025-09-24,Open,13.8
95f50f19-3ebb-4dfe-9855-37a30409aaeb,C00771,Technical,Low,2025-09-24,Pending,12.8
e3f9d5ff-9d74-421a-8a78-9cfd64986ec1,C00005,Technical,Low,2025-09-24,Resolved,67.3
bf6bcbd4-ee6f-46ca-846f-4fd0db15304f,C00573,Billing,High,2025-09-24,Resolved,9.3
2345f384-b354-45f5-a20b-c47d67247e29,C00229,Billing,Low,2025-09-24,Resolved,37.2
bfd7d03f-552f-4fed-a10e-6d9e0c4ed3f4,C00058,Service,Medium,2025-09-24,Resolved,29.8
cb164140-da41-445c-b25f-1f04ecd884c7,C00464,Technical,Low,2025-09-24,Pending,10.7
996bc6f2-1b69-451d-901e-92c692c965d1,C00722,Network,Low,2025-09-24,Open,5.2
fb418306-d22d-41da-87dc-fa74b5e9b522,C00160,Technical,Medium,2025-09-24,Resolved,20.2
ececb339-a064-40cc-bd27-9fd871c74f62,C00367,Network,Low,2025-09-24,Pending,60.4
bce49724-5d4b-4593-8055-f3c8cd92b0bb,C00215,Technical,Low,2025-09-24,Resolved,32.1
e1990278-e125-47f7-95e2-c230fb2a5d58,C00543,Technical,Low,2025-09-24,Pending,62.9
e2d54777-b8ff-48b1-922b-e5d5f848169c,C00174,Service,High,2025-09-24,Resolved,48.0
37ae9a19-a807-499a-96a3-6876a62562ca,C00180,Technical,Medium,2025-09-24,Resolved,54.3
7f43be26-ac6f-4539-8505-2c45dc63a396,C00477,Billing,Low,2025-09-24,Resolved,21.0
2385c221-8c8c-4dd5-91ed-328bdfefbce2,C00862,Technical,Medium,2025-09-24,Resolved,50.6
6ab26bc8-2eb1-4ec4-a2e3-129d28a189bc,C00098,Service,Medium,2025-09-24,Open,33.1
65cd5ee7-5eeb-48bf-9b7a-a110f140ab80,C00784,Network,Medium,2025-09-24,Resolved,52.1
bf966001-49df-4018-8459-c7bd83125577,C00996,Service,High,2025-09-24,Pending,38.8
c6d9d7fa-9c08-4e1b-8fa9-67a97220abf9,C00877,Service,Low,2025-09-24,Pending,30.8
57e8a949-d483-4b09-bb01-e4c2d4c8d608,C00864,Billing,High,2025-09-24,Open,59.0
b26c73c3-9005-442b-a4ca-37e3c801be4c,C00375,Billing,Low,2025-09-24,Open,23.3
108e7b32-813f-41fc-9b6e-2c87199d32d8,C00444,Technical,Low,2025-09-24,Open,39.6
27369729-118a-430f-9ecd-a3625fe8b045,C00353,Billing,Medium,2025-09-24,Resolved,31.4
1891f883-4c87-46bb-86ff-8b15b02044ec,C00754,Technical,Medium,2025-09-24,Open,47.1
56cc310a-2a4b-4ab3-87df-66009aa0bf74,C00062,Technical,High,2025-09-24,Open,69.9
468d3d28-eaeb-4c59-adf0-0b4e19adeec2,C00558,Network,High,2025-09-24,Pending,15.9
ac475be8-c263-4f0d-851f-9a502d871eb0,C00070,Network,Medium,2025-09-24,Resolved,24.0
561aa5be-a4e3-43db-87d6-f18b8471000d,C00062,Network,Medium,2025-09-24,Resolved,37.1
71e7ac0c-70a2-4023-85a9-37a979d28895,C00439,Billing,Low,2025-09-24,Pending,22.2
9514d18f-51b9-4a71-87b6-ba726115914c,C00764,Service,Medium,2025-09-24,Open,49.9
537e2657-5c94-4008-84cc-47737b3d9b73,C00875,Network,High,2025-09-24,Pending,11.7
cb35eba9-a60d-49d9-8369-33449cdda58c,C00308,Service,Low,2025-09-24,Resolved,55.6
38ffecca-4e50-4dce-95d9-211ea37e5f52,C00463,Billing,Medium,2025-09-24,Open,23.5
a8410ef7-7883-4ccc-897b-ae296e919cf9,C00902,Service,High,2025-09-24,Resolved,61.6
ccfae0aa-6918-4fe9-9c1d-63095616d07b,C00962,Network,Medium,2025-09-24,Open,39.0
00af2bad-b9d6-479b-a40f-aa2ff36450ac,C00008,Network,Low,2025-09-24,Resolved,71.7
dbccee78-9ccc-4ea8-8486-ca7144006cc6,C00757,Network,Medium,2025-09-24,Open,27.8
f30fe9da-f254-470f-a7a8-87ef7ca3f6b2,C00682,Technical,Low,2025-09-24,Pending,67.0
5884a8c3-1cd0-4b14-9d79-170f4c67c10f,C00524,Technical,High,2025-09-24,Resolved,69.1
1fff4d86-7774-4cd0-b6bc-70a097ff7fd8,C00257,Technical,Medium,2025-09-24,Pending,58.2
1f8178d2-1c1b-4fdd-8c38-9a24a9fb4275,C00976,Network,High,2025-09-24,Resolved,2.7
7471527a-765c-4768-8094-2f81a4b912f1,C00701,Service,High,2025-09-24,Resolved,34.3
f6003f09-9d53-47f8-89a9-17d6c43953ed,C00776,Technical,High,2025-09-24,Open,30.3
e4f96eed-d192-4cc4-925e-a338a9c84868,C00099,Network,Low,2025-09-24,Pending,12.0
222c8612-7bd7-4913-895b-f8a9b1b9585a,C00742,Service,Low,2025-09-24,Pending,69.4
f640ab28-77e2-47ad-9d83-25fff14d3410,C00956,Network,Low,2025-09-24,Pending,54.5
3926f68b-1a96-49d0-812a-fff666baff8a,C00001,Technical,Low,2025-09-24,Resolved,18.1
a245f5c0-bb31-407f-b766-3db2a5edab34,C00594,Service,High,2025-09-24,Open,65.7
542c2bf1-88b2-43b3-a4bc-ef25186109a9,C00370,Service,Medium,2025-09-24,Resolved,20.8
9e9c6f2a-36c8-4c6c-b7b4-2cd65fc487a2,C00864,Network,Medium,2025-09-24,Pending,64.7
25025d89-dc57-4f3f-bcdf-a05226d27228,C00910,Network,Low,2025-09-24,Resolved,55.4
8d7cf0c2-597a-44c4-9f75-047ef77c2763,C00053,Network,Medium,2025-09-24,Resolved,17.0
9502bcac-bff7-4b5c-ac95-2a16c6769625,C00208,Network,High,2025-09-24,Open,31.6
bf30bbb6-7c69-497c-9811-1179d6305b45,C00196,Service,High,2025-09-24,Resolved,62.8
ed8f2ec6-5cb4-4f8e-bce0-6759d5369970,C00010,Service,Medium,2025-09-24,Pending,58.7
0b57fc73-6707-4746-a8a6-143da753b685,C00560,Technical,Medium,2025-09-24,Resolved,8.1
c5fe5b58-87e9-4307-a8f2-6352e5de7e4f,C00849,Technical,High,2025-09-24,Open,7.6
c6d575e0-1e18-446b-a3e9-10bfa0c92f46,C00152,Service,Low,2025-09-24,Pending,30.7
bddda93f-36a1-44f7-bd03-994f2aeabc3a,C00871,Technical,High,2025-09-24,Resolved,28.4
4d4cb4c5-a359-4308-b65b-4437c97f4cbe,C00984,Network,Medium,2025-09-24,Resolved,28.4
1a0d12e1-770b-48a3-84ab-90e44cf30233,C00702,Network,Low,2025-09-24,Open,41.9
f9ce407a-ff41-4009-97c8-7e0fce8e9fda,C00872,Service,High,2025-09-24,Resolved,13.6
bac2b1e1-4125-44e2-9894-8127b76091df,C00613,Service,Medium,2025-09-24,Resolved,67.2
b869cac8-7d38-43c0-9701-89aaab607bb0,C00681,Network,Medium,2025-09-24,Open,6.5
f964bdab-3edc-410d-b18b-7838d20d468c,C00208,Network,Low,2025-09-24,Pending,21.8
51c06134-b6b1-46da-996b-b0ba8e541da7,C00043,Billing,Medium,2025-09-24,Open,53.8
b67e82c0-84a8-4b26-8aaf-7ae7fea44402,C00991,Network,High,2025-09-24,Open,17.7
b6c12525-5f73-4838-888c-fa0ff0572b06,C00213,Technical,Medium,2025-09-24,Pending,4.5
0680809e-7623-450e-9f66-b98f097e0cad,C00846,Service,High,2025-09-24,Resolved,21.0
04f08423-19cc-4183-a367-e39fd31bf9f1,C00083,Billing,Medium,2025-09-24,Open,19.0
07ff5498-ad84-48a2-9da3-68c959123e03,C00668,Network,High,2025-09-24,Open,17.2
70365ba0-1ad8-4d87-820a-e0f10a1075ef,C00098,Billing,High,2025-09-24,Pending,8.0
92a19e46-75c3-4754-a21a-8cbff0ab8589,C00422,Network,Medium,2025-09-24,Resolved,13.7
7d27519b-088f-41e1-931a-8fd8450bbc4f,C00770,Network,High,2025-09-24,Resolved,26.8
f1b46b8c-2d97-443a-98ee-0e5cb362fb84,C00326,Service,Low,2025-09-24,Resolved,54.3
65dab531-190d-4c47-ae0e-317d50563fa8,C00547,Service,Medium,2025-09-24,Pending,65.9
cc520538-bfcf-439e-9c1e-9a5a27f5e4d5,C00875,Technical,Low,2025-09-24,Open,64.5
aa2213a7-3c81-4b14-87d4-f9bacf77d5c0,C00361,Billing,Low,2025-09-24,Pending,1.1
6c99b726-95db-4721-ac60-7079ca9d32b9,C00320,Technical,Low,2025-09-24,Open,28.2
ff8afa10-5a5a-4071-bfff-2063ad466df0,C00793,Technical,High,2025-09-24,Open,53.5
3d7aa6a5-fff6-43fa-bc9f-62d96dae0002,C00810,Billing,Low,2025-09-24,Resolved,64.3
b406f1c1-5b25-41f1-8bab-5e74ac7e9900,C00304,Technical,High,2025-09-24,Open,46.2
0ecb845e-7d32-4d96-8ba4-475b68532e2e,C00453,Service,High,2025-09-24,Pending,24.8
36e2d60f-89d0-4d69-88b2-d0072201c388,C00524,Billing,High,2025-09-24,Resolved,64.3
3b00feb6-36b0-48a9-b78f-d86315db1e89,C00138,Service,Medium,2025-09-24,Open,69.5
31a0261e-c0d7-4f89-9b41-a626d1fd6684,C00427,Technical,High,2025-09-24,Resolved,39.7
0c109a7a-3087-4aa9-85a8-abb1130c93bd,C00295,Service,Medium,2025-09-24,Open,61.2
2a3b6003-4f54-490e-9b76-11cde9289668,C00152,Billing,Medium,2025-09-24,Resolved,5.0
3a09bb30-9d4e-4cd4-b9bf-a7ad4f4c2b42,C00182,Service,Low,2025-09-24,Open,56.0
399aa53f-ec42-4181-ac20-93d4d9df734f,C00586,Network,Medium,2025-09-24,Resolved,53.7
9159c84f-ba28-4777-859a-a49db657294f,C00868,Billing,Medium,2025-09-24,Open,57.8
1003a4ad-e26a-471b-91f7-8e4ec4c4a450,C00658,Billing,High,2025-09-24,Resolved,54.7
05b88314-f698-4180-8529-3585449d9f4f,C00632,Service,Low,2025-09-24,Open,18.3
e42c885a-f930-4a7e-9aa9-d91ac4844fcc,C00675,Billing,Medium,2025-09-24,Pending,67.0
74ce90ca-ea07-4d86-8d32-5a89aa088f0d,C00032,Technical,Medium,2025-09-24,Resolved,7.7
c6309f00-5d3c-4eab-8df9-c9d13a73a893,C00554,Service,Low,2025-09-24,Open,47.7
d052857e-8f8b-45d1-9d60-be10d7ee5d4f,C00795,Billing,Medium,2025-09-24,Open,19.1
2c923aa8-837f-4030-8672-d829d3096484,C00589,Service,Medium,2025-09-24,Resolved,53.2
fddd99ad-f2d6-4ef9-ae75-20e457bb861d,C00068,Network,High,2025-09-24,Pending,50.3
788b4ccd-babd-4fea-a59c-fdf43cbeaea2,C00300,Network,Low,2025-09-24,Open,59.3
c74577f9-b521-48c0-83b0-cd6af22b77ae,C00185,Billing,Medium,2025-09-24,Pending,13.9
dd2e033a-81af-4834-a2e8-396d2438b7fd,C00522,Service,Low,2025-09-24,Open,61.0
95517152-f060-4f3e-addd-b4ed63ed5635,C00894,Technical,High,2025-09-24,Open,9.5
20e04cd7-ac16-4dcc-a052-4c9acf6c678f,C00835,Network,Medium,2025-09-24,Pending,31.5
1357d2fe-2a8f-49ce-8d61-647ccbf8b7e9,C00343,Billing,Medium,2025-09-24,Open,34.9
dde27d0a-5280-4fbc-aa98-9e21a85d6083,C00234,Network,Medium,2025-09-24,Pending,66.2
1bb359e4-ec5b-4ce6-9525-d26e60ab19d9,C00065,Network,High,2025-09-24,Resolved,17.9
914ecec3-8bea-4a46-a454-4a75ca2af73a,C00253,Network,Medium,2025-09-24,Open,53.7
cf5cf1dd-5549-4a19-97c8-6ae22591316b,C00173,Technical,Medium,2025-09-24,Pending,29.2
c21aeb93-fa0c-41ac-a4f1-ca6b4e5ecba4,C00156,Network,High,2025-09-24,Open,36.9
a111bdbc-439c-425d-b6b9-0ae07395d3fc,C00289,Service,Low,2025-09-24,Pending,60.6
b3378e70-5f4f-4723-aa2a-aae960a69e36,C00494,Technical,Medium,2025-09-24,Resolved,15.9
512896b9-d1a8-470a-afba-959b5ff1e393,C00599,Service,Low,2025-09-24,Pending,40.9
85514ed6-1c00-4740-938f-aa8eecae4832,C00365,Billing,Low,2025-09-24,Open,71.0
aa6d7584-8846-49fb-b002-2232c5c04ac0,C00536,Technical,High,2025-09-24,Resolved,59.3
15d80f71-57b5-46ea-b23f-9a7ce7b3a985,C00295,Technical,High,2025-09-24,Open,59.9
82de9e73-3005-4231-b33c-bb95ebdeaaf9,C00605,Billing,High,2025-09-24,Resolved,58.7
0ed511e4-24f6-41b4-968f-84d5afe906ad,C00341,Billing,Medium,2025-09-24,Pending,37.3
8a353f73-a4ba-45b5-a5e7-c785d355e653,C00508,Billing,Medium,2025-09-24,Pending,3.0
d6667cff-71ce-4101-b765-305597d63070,C00323,Billing,High,2025-09-24,Open,65.7
c7c33f17-4d08-4264-8353-61856dc86ca7,C00478,Technical,Low,2025-09-24,Open,5.2
dca91aee-478a-44a7-a5d6-ce9fc751f523,C00054,Technical,Medium,2025-09-24,Resolved,19.3
abb6f922-61ca-4f6b-829a-8d6f148ca70b,C00587,Network,High,2025-09-24,Open,50.1
42d3388c-1312-4c2b-b234-d465072489f7,C00483,Billing,Medium,2025-09-24,Resolved,61.6
52da47ac-3e30-4d5e-b2c5-82ac3e6ba669,C00011,Billing,Low,2025-09-24,Pending,19.2
1c7da3b3-18f2-4779-a63f-174d0f4634ef,C00404,Service,High,2025-09-24,Resolved,24.4
e952b547-3501-4e80-8aad-06932b428873,C00956,Technical,Low,2025-09-24,Resolved,21.9
7b4f9914-8216-4806-806a-218f321284c4,C00285,Technical,Medium,2025-09-24,Resolved,68.1
77fd9050-4a84-45ed-ab8d-eb4e6517afcc,C00454,Network,Low,2025-09-24,Resolved,27.9
02b48699-92b0-47cd-bb78-f7a70bd46916,C00060,Service,Medium,2025-09-24,Resolved,8.4
6f7c4fd6-7bb0-4de3-aa3e-3c23a95186d0,C00007,Billing,High,2025-09-24,Open,14.7
770c5816-c685-44ec-bcbb-a6ad8b20658e,C00530,Network,High,2025-09-24,Pending,11.9
00a95273-5f88-4f61-9a8c-1761bd8ef507,C00861,Network,High,2025-09-24,Pending,68.0
d69d4bf7-b065-4d39-bb97-7dcea77a0637,C00641,Service,Low,2025-09-24,Resolved,16.3
1803e038-f55d-4579-af7f-aa736a815581,C00253,Service,Low,2025-09-24,Resolved,2.3
86078b10-8bac-439c-882d-26490ab32f56,C00406,Service,Medium,2025-09-24,Resolved,27.5
a8221fae-0ca0-4c81-8f98-1207650e7547,C00707,Technical,Medium,2025-09-24,Pending,21.6
93058303-d05d-4802-a3d2-848e8041ca31,C00573,Billing,Low,2025-09-24,Pending,53.6
abd96ad9-d3bd-4e0d-a2d4-0e2a39e77878,C00438,Network,Medium,2025-09-24,Resolved,38.2
54190014-a782-49d2-8c20-a369d84eaf52,C00471,Service,Low,2025-09-24,Resolved,60.2
779ee330-6ded-43f8-9d60-cc7341b74316,C00567,Billing,Low,2025-09-24,Resolved,18.3
66ba2851-1554-4a3f-9ce5-55f496bd0f63,C00395,Service,Low,2025-09-24,Pending,59.9
c0b30303-af47-4a0b-a7fd-3482b7c9debe,C00970,Network,High,2025-09-24,Open,1.8
c8dd57fd-630c-4e84-853b-1b94ae85e861,C00980,Service,Low,2025-09-24,Pending,27.0
087f29de-91b2-4d34-8c2f-c11fcbcc3488,C00759,Technical,Low,2025-09-24,Pending,47.4
7c8e107b-c02d-44a8-b5ab-f569b8253bbb,C00355,Network,Low,2025-09-24,Pending,58.2
56174d9e-2174-4b53-8c61-d5053abe6b28,C00857,Technical,Low,2025-09-24,Resolved,51.0
f61998ee-b485-4c54-9d4f-642cff8023e9,C00031,Billing,Low,2025-09-24,Resolved,45.0
8d644744-1f96-4458-8d96-abacaec3ec41,C00617,Technical,High,2025-09-24,Resolved,33.3
92e90654-8f03-4621-9fae-fa38dd063bad,C00337,Service,High,2025-09-24,Resolved,15.3
2467517c-8b79-4ccc-be54-0e0f65a8bdc1,C00891,Technical,Medium,2025-09-24,Open,20.6
765dfb30-02c2-4093-b459-1b8676ec8b23,C00603,Billing,High,2025-09-24,Resolved,33.6
ec1a1d25-5505-49a3-b5f2-1b991e2c723c,C00070,Service,Medium,2025-09-24,Resolved,70.3
e6bd7270-a33a-4286-bfbc-6187992e31ac,C00345,Technical,Medium,2025-09-24,Open,44.3
57471072-dfe7-4319-87ec-eb5e2377d43c,C00097,Billing,High,2025-09-24,Open,55.9
23fe1431-00e1-4bae-8bbf-77ab66ca9c9c,C00257,Billing,Medium,2025-09-24,Resolved,15.6
ede18254-bc27-4701-9246-67536c66ccf5,C00919,Technical,High,2025-09-24,Pending,42.2
749b5bee-8292-4f7f-b534-efc58ce73502,C00945,Billing,High,2025-09-24,Pending,2.4
243d9300-02ad-4dde-83af-a81546be81c7,C00830,Billing,High,2025-09-24,Pending,36.3
32f0cc06-3b5e-4089-9a7d-f010ed951bcc,C00905,Service,Medium,2025-09-24,Pending,46.4
c18990d5-3b15-4490-8b94-9c8b5e38ff70,C00912,Network,Low,2025-09-24,Resolved,61.7
d6d58e12-aeb4-44ff-b12f-0c124c4c83d0,C00934,Network,Low,2025-09-24,Pending,36.7
5cb1c89e-6883-4f57-8117-4bf8152ab4d9,C00813,Technical,High,2025-09-24,Resolved,57.9
d9edaf6a-5386-4606-8dae-0f08e2a8e2f8,C00694,Technical,High,2025-09-24,Pending,8.2
40f3de91-eb14-4767-968b-e1db4fbe5bf9,C00328,Technical,Low,2025-09-24,Open,30.1
b4bd9fca-b0b5-41e7-8580-424f37b95cc5,C00316,Billing,Low,2025-09-24,Open,19.7
bc01f14d-29b5-4963-a046-e5c806a7d305,C00880,Service,Medium,2025-09-24,Pending,66.1
c3e158e1-cecc-436e-a847-d6b70c0dc186,C00430,Technical,Low,2025-09-24,Open,28.3
307c68e0-3e9a-46d6-8b07-475ae92f924a,C00829,Technical,High,2025-09-24,Open,40.0
f396523a-8362-4be6-9e1d-dfb8549657d6,C00069,Network,High,2025-09-24,Open,12.8
94042b7f-90f6-4142-bb70-df10b4df649a,C00503,Service,High,2025-09-24,Open,19.3
c2245536-ceda-4cec-96c0-7f2b3875c569,C00979,Billing,High,2025-09-24,Resolved,2.8
edcf79dd-7e26-44ae-9997-6388742bf60d,C00543,Service,Low,2025-09-24,Pending,50.4
06de0c92-b302-411e-bc66-1196db65aeb8,C00694,Service,Medium,2025-09-24,Open,34.0
73afccd9-8014-46d0-a92a-8cc2586c1d23,C00233,Billing,High,2025-09-24,Resolved,16.2
12dee971-4daf-4e3f-92b8-9c2ae4ac24e1,C00921,Technical,Low,2025-09-24,Open,38.6
61c9e3d4-b2da-486e-aecf-dd43e8fabfb4,C00378,Technical,Medium,2025-09-24,Open,36.0
40dcdba4-6464-4fe2-b692-b9be17dd70d0,C00127,Technical,High,2025-09-24,Resolved,19.1
a1961c45-a274-45fa-82c1-925c3b5b1d47,C00728,Billing,Medium,2025-09-24,Pending,22.7
72be6ac8-3d33-4c19-b576-237c521d56b5,C00005,Billing,High,2025-09-24,Pending,20.3
8eaea75f-c18c-4413-9d84-848442452602,C00804,Technical,Medium,2025-09-24,Resolved,4.2
76fc5c77-751f-4dda-a759-a88bd52daf3f,C00245,Billing,Low,2025-09-24,Pending,31.0
02676114-0f86-4b69-9b92-cb576f82614d,C00993,Billing,Medium,2025-09-24,Pending,35.5
f1160667-5318-40ae-8f66-e8803974f1d9,C00599,Technical,High,2025-09-24,Pending,12.5
964da5b0-ee64-4bbf-b6e3-543cd7c13092,C00751,Service,High,2025-09-24,Resolved,11.9
ab1579aa-a290-43ac-ad23-75a1747dedaf,C00947,Network,High,2025-09-24,Resolved,19.4
c3370882-a398-460d-947c-c606d7bf0636,C00603,Technical,High,2025-09-24,Pending,43.5
39cdea83-3a47-4c64-8b6b-60bc3c80666f,C00918,Service,Low,2025-09-24,Pending,66.3
bf983f33-6b92-473a-8a8f-0a3a94845332,C00492,Network,Medium,2025-09-24,Resolved,45.8
e993a0e5-5555-4e00-b381-1b54b9ace500,C00899,Service,Medium,2025-09-24,Resolved,53.0
43974997-fae2-4ced-a569-3bb57ff7a5fc,C00376,Technical,High,2025-09-24,Pending,70.5
00151f29-c78c-4b73-9dc6-8494571cf96e,C00684,Network,High,2025-09-24,Resolved,65.6
dbd959b8-8888-4491-a59b-918547e9773e,C00933,Billing,High,2025-09-24,Resolved,14.3
fbb43d04-df8d-4ac1-b36e-ce454db03f46,C00602,Network,Medium,2025-09-24,Pending,51.7
1df8252e-d7fc-4bd6-b79b-8119cd4f66ac,C00057,Technical,High,2025-09-24,Resolved,33.6
05002962-6313-471a-982d-1e50fda6d971,C00572,Service,Low,2025-09-24,Pending,29.5
7bd06794-2985-4dd3-8a1d-5528d85a254f,C00787,Billing,Medium,2025-09-24,Resolved,66.9
956bccd5-d945-4f4a-878a-112598276b5e,C00718,Billing,Medium,2025-09-24,Open,69.4
b7d6a62f-9468-4f11-9150-190b5c21018d,C00162,Service,Medium,2025-09-24,Open,4.3
d4fb02df-69de-4796-ba31-942ccd80c7ae,C00124,Network,Low,2025-09-24,Resolved,49.4
f40f9b9c-7bef-4435-8d1d-14a01b8549f8,C00868,Technical,Medium,2025-09-24,Resolved,11.5
e1909c43-4e82-463e-a467-8700790003b9,C00796,Billing,Medium,2025-09-24,Open,71.3
59e14007-be41-46d0-ac71-c3d14a38da42,C00903,Technical,High,2025-09-24,Pending,53.2
90b5d26a-8301-4292-a65d-18f6761a0820,C00480,Billing,Medium,2025-09-24,Resolved,16.1
aee12e2d-632c-48db-aa9a-762526d5db2f,C00981,Service,Low,2025-09-24,Resolved,63.0
44b3725c-567d-4eb7-81c4-d9434bc97e36,C00780,Service,Low,2025-09-24,Pending,33.6
34061068-c21a-4ab3-8654-a5bfae282815,C00584,Billing,High,2025-09-24,Resolved,16.0
f4e63ead-4200-40a1-81e9-98609bdded0f,C00561,Billing,Medium,2025-09-24,Pending,29.9
bddc50ba-594f-4bf8-9bb7-ae2d8746d7c6,C00408,Network,Low,2025-09-24,Resolved,3.5
b93b8ca7-6103-4446-af12-5159d7c514e9,C00756,Service,Medium,2025-09-24,Open,68.5
dd918930-ec13-4367-ae97-4f7a98f314cb,C00406,Network,High,2025-09-24,Open,23.6
11536ed5-6860-433c-9ce7-2ef0b7c39f86,C00317,Technical,Medium,2025-09-24,Resolved,10.0
c8233e35-68e6-4ec7-ae75-ff6421d8f576,C00429,Billing,Medium,2025-09-24,Resolved,58.3
dcbfd53e-c47c-4413-9ff2-9cff08a526c6,C00913,Network,High,2025-09-24,Open,49.4
70647540-74ca-4521-a3ef-54b770d230e3,C00447,Billing,Medium,2025-09-24,Pending,65.5
a77d38ce-c1c2-47fd-8a77-201e77e83c58,C00328,Service,Low,2025-09-24,Pending,58.7
68012c50-d34e-4d4a-a4a0-e5ff90a3e4be,C00403,Billing,Low,2025-09-24,Resolved,3.1
96d9b70b-77eb-4995-bf3b-8cbb390ace15,C00639,Technical,Low,2025-09-24,Open,62.4
ec3c8084-c240-4b62-8ed2-57f8bed47280,C00159,Billing,High,2025-09-24,Resolved,28.3
0e1fe432-15dc-4535-890b-07d5ab8a5c06,C00446,Technical,Medium,2025-09-24,Resolved,47.6
5b8b0b44-fd04-45e7-bd05-5998c260ca06,C00333,Network,High,2025-09-24,Pending,13.7
2c21d58c-6b60-4d92-98d9-d65a8dcc4d11,C00161,Billing,High,2025-09-24,Resolved,70.4
8a25cb4a-6828-4956-8850-bdf6cb005473,C00285,Network,Medium,2025-09-24,Open,50.8
49945532-2afd-44e3-aa91-c395a7355dab,C00968,Technical,Low,2025-09-24,Resolved,40.1
f10f5e2d-af35-4d31-b14d-bbab3b591927,C00013,Service,High,2025-09-24,Open,18.0
37367c37-24a2-4a3a-89ac-d6350d486241,C00991,Billing,Medium,2025-09-24,Resolved,16.9
47a9087e-4092-48d6-bad3-34a6edd7c801,C00119,Network,Medium,2025-09-24,Resolved,61.9
b557ad80-d07c-4682-a6b0-d207c99979a6,C00776,Technical,Medium,2025-09-24,Resolved,24.6
f29941da-f3b1-4dda-9921-44bdd5a30080,C00382,Network,Medium,2025-09-24,Open,23.4
b52d00ee-4232-44f6-b96c-7d29fc231b0c,C00031,Technical,Low,2025-09-24,Pending,25.7
9caa3398-6619-40c8-8097-223feac90c4d,C00375,Technical,Low,2025-09-24,Resolved,69.4
700991ec-574d-4150-b0d3-a0de21696a07,C00161,Service,Low,2025-09-24,Pending,29.3
23fcb5bd-c74d-4c94-92b7-e822644c347a,C00505,Service,Medium,2025-09-24,Open,10.0
57f86ee9-817f-4667-a2f4-4bda1720c826,C00196,Service,High,2025-09-24,Pending,42.4
08731942-0c6e-403f-95ab-3fd6b7249d79,C00872,Technical,High,2025-09-24,Open,67.2
40f99662-43d0-4ed1-b0b1-5398dc8a56ad,C00326,Technical,High,2025-09-24,Open,63.1
498a6c25-5619-4679-8e41-7853d3f9a489,C00253,Service,Medium,2025-09-24,Open,3.5
3ed31eb3-5734-4c4d-b273-f4a4c7a5b755,C00664,Network,Medium,2025-09-24,Pending,25.6
c0e1ab61-a1ba-41ed-9422-e251f63b93bf,C00375,Billing,Medium,2025-09-24,Pending,63.0
41844e37-0282-40c6-8886-878d853135f4,C00458,Service,Low,2025-09-24,Pending,15.3
e78e3f5d-4f9e-4382-b68c-c63e599dbe1a,C00899,Service,High,2025-09-24,Resolved,16.5
3f617ca8-52f0-44d3-81a7-7438cd5a708a,C00856,Network,Medium,2025-09-24,Open,20.0
4d7ca70d-fe4c-43d1-8298-0d476902ad05,C00890,Service,Medium,2025-09-24,Pending,46.9
07a523cb-ccfb-4e47-9540-e2e15d7b5b55,C00686,Billing,High,2025-09-24,Resolved,31.0
6c9d65d4-f381-4e6b-b88e-b897dc115b32,C00164,Billing,Low,2025-09-24,Resolved,30.6
8b5af1d2-7256-4a3e-b5e8-ea6ea335edb8,C00092,Technical,Medium,2025-09-24,Pending,27.7
3a8b17bd-0ac3-4863-ae30-6a4aadc19d07,C00328,Network,High,2025-09-24,Resolved,55.7
1f51e3c6-2b35-4a41-a14b-b3fef371cfac,C00255,Network,Low,2025-09-24,Open,61.1
08c031d7-7b04-4535-aac3-ff36133dbc1a,C00810,Service,Medium,2025-09-24,Open,53.6
b792acbe-f805-4265-9f16-2c7017d0d0fc,C00523,Billing,Low,2025-09-24,Open,20.2
6a2a26fa-f6e6-4949-a6ba-881e8f68216d,C00708,Billing,Low,2025-09-24,Pending,52.2
93a1f127-c693-4901-9784-905ef3904b98,C00075,Service,Low,2025-09-24,Pending,43.7
90dc3842-78d3-4023-8fa4-e7648a39dfaf,C00991,Service,Low,2025-09-24,Resolved,55.5
e2b345ea-eb70-433a-a8d3-a7097be9cb19,C00972,Service,High,2025-09-24,Pending,55.3
b31d6e22-cc2e-4560-938c-bef333f6ac67,C00886,Billing,Low,2025-09-24,Resolved,37.6
4f497e7e-ce39-4ee9-a852-46aacd2b1777,C00500,Network,Low,2025-09-24,Pending,2.0
9386e7f1-2c76-4e0e-a8a0-072bcc158832,C00873,Billing,Medium,2025-09-24,Pending,39.5
93d2f0f6-aaa1-487b-aa6c-32b47950d1be,C00607,Billing,Medium,2025-09-24,Pending,65.5
0222b300-6d57-49ab-9d67-278f4ce821f1,C00521,Billing,High,2025-09-24,Open,20.0
8e84687a-8aba-4684-aec8-c9fac29f3369,C00198,Network,Medium,2025-09-24,Pending,60.6
52fd8d5b-04f6-4d68-8126-32587893f0a7,C00349,Billing,High,2025-09-24,Pending,9.0
7cd7d303-86ee-40c1-adc5-ab490a946f99,C00740,Billing,Medium,2025-09-24,Resolved,70.6
f0621680-266a-4733-944c-3815af4d65d4,C00728,Network,Medium,2025-09-24,Pending,37.8
b40c034b-bb0a-43e5-a8c2-0b8dae5cf007,C00844,Technical,High,2025-09-24,Pending,3.7
e32fb9b9-b920-4a47-950f-95db00eda9d7,C00189,Billing,Low,2025-09-24,Open,7.9
4586fcc2-f276-485b-9dd7-cb884c2cb985,C00719,Technical,High,2025-09-24,Resolved,30.7
9e9877f7-7f8f-41c6-87a2-c2ec46825e82,C00912,Network,High,2025-09-24,Open,12.4
0e38c346-1172-4478-b238-9847dd6952d9,C00979,Service,Medium,2025-09-24,Resolved,59.9
21b1107e-6a40-4034-a7e1-e6e744e12017,C00795,Service,Low,2025-09-24,Pending,9.1
0495845b-bd5e-428b-a675-bb7b51cd3d87,C00723,Service,High,2025-09-24,Pending,62.3
ae527935-67df-4ad3-abce-57b35b02d0e3,C00407,Network,Low,2025-09-24,Resolved,59.1
2bba374c-4699-4fb4-80bb-96717283555d,C00274,Service,High,2025-09-24,Pending,52.4
65f340f1-b8a7-4f81-9e22-f95d3ad4f204,C00614,Billing,Low,2025-09-24,Resolved,1.3
5776a917-c45a-40ac-a896-941f88d8845d,C00593,Network,Low,2025-09-24,Open,16.9
ce151855-f058-4da7-ae97-d7258af8689b,C00742,Service,High,2025-09-24,Resolved,27.2
5f59bdec-f7b4-43f5-92a7-4604036df96e,C00992,Service,Medium,2025-09-24,Pending,65.0
3ce7845d-e6ef-4a35-a44a-4cc27e50337b,C00123,Technical,Medium,2025-09-24,Resolved,35.9
b50c39ce-88ef-46f6-a5dc-8a7e3756befe,C00882,Billing,Low,2025-09-24,Open,21.3
168238e9-cbad-40cc-8c89-956d6d1e5ed7,C00589,Service,Low,2025-09-24,Resolved,17.7
982bd35c-fa52-4fce-b207-fa0d55e81c69,C00514,Technical,Medium,2025-09-24,Pending,8.1
13527b16-7c44-4a59-a6bd-f3812273fa05,C00278,Service,Low,2025-09-24,Pending,28.4
800afc1e-579d-46cc-8812-0589a9e59b45,C00897,Service,Low,2025-09-24,Open,55.6
01c89c55-75d6-4196-a25f-60269ef7497f,C00868,Network,Low,2025-09-24,Resolved,71.7
90c45d25-1b5b-4268-b8ed-09330b563fd8,C00278,Technical,Medium,2025-09-24,Resolved,7.7
f9b5dc89-d8d6-4519-bb31-02279bfb5f8a,C00191,Technical,Low,2025-09-24,Open,48.5
210e7075-9e0f-4375-8717-ec4721da1e34,C00583,Service,Medium,2025-09-24,Resolved,18.8
1e812495-0bd5-45dd-a175-47ed924b0644,C00558,Technical,Low,2025-09-24,Pending,54.0
b88af834-b94c-4fd1-8cb9-b57e279cdef7,C00705,Service,High,2025-09-24,Open,41.9
263eb969-b47c-49be-ba12-7eae3cff9604,C00320,Billing,High,2025-09-24,Open,27.2
d4d2beb8-00f5-40cc-977e-b5b77330cb0e,C00649,Service,Low,2025-09-24,Pending,46.4
c102ec3b-329c-4d35-99da-ea9da5bef82e,C00528,Service,High,2025-09-24,Pending,66.9
97e864ca-2959-4968-8169-d0cf5728c50d,C00128,Network,Low,2025-09-24,Resolved,44.4
f01ac6cb-f6f4-4272-8918-3f4257fad2ab,C00382,Technical,High,2025-09-24,Open,13.6
cf80790b-529d-4142-aa1b-ba425f3860e3,C00681,Technical,Low,2025-09-24,Resolved,31.9
cd549bfa-3604-4be1-97a2-24916dea4b87,C00168,Network,Low,2025-09-24,Resolved,39.3
99fea79b-484c-45ce-9551-f6cf7191d9b0,C00085,Network,Medium,2025-09-24,Resolved,17.4
777614d6-c99d-47c8-a76f-04bc04f73813,C00261,Billing,High,2025-09-24,Open,44.5
b22c79f6-4d7e-4130-b5a1-2a1aefb2ad6b,C00622,Service,Medium,2025-09-24,Pending,71.3
4f4d4844-f692-4421-8aad-ece3feb3034b,C00856,Billing,Low,2025-09-24,Open,64.5
77be1204-cf8a-460c-8fb0-98f94c8d03f6,C00019,Billing,Medium,2025-09-24,Resolved,6.7
62aebdb6-2890-440c-a97b-cee79533f25d,C00997,Billing,Medium,2025-09-24,Open,41.0
ecf91c93-8462-4a57-9469-153999ee2665,C00372,Billing,Low,2025-09-24,Pending,28.4
4ce5a613-2d85-4e37-91f1-68ffb16f0ae5,C00777,Service,Medium,2025-09-24,Resolved,16.8
caae8f1a-f7c4-46ab-ba0b-14f4f3d50d58,C00374,Network,Medium,2025-09-24,Open,71.6
c27d5571-3c52-49ca-b314-834eba451fa6,C00860,Service,High,2025-09-24,Open,45.1
7609dca4-ca16-4cd7-b551-d7766f2a9106,C00032,Network,Low,2025-09-24,Open,53.3
4c0c94ed-4204-4e6c-8062-0e1ce1c22249,C00127,Technical,High,2025-09-24,Pending,31.3
e222af50-a131-4298-b292-d4d14e437186,C00480,Billing,Medium,2025-09-24,Resolved,46.4
766274f1-e590-4906-9f65-10f54de6a5f1,C00983,Service,Medium,2025-09-24,Resolved,46.9
ddf4576b-f977-4e47-9a85-9d272a2fbccd,C00140,Billing,High,2025-09-24,Open,6.6
e76cc750-566a-4ae3-9c3d-c6fd79ff5f76,C00894,Billing,Medium,2025-09-24,Open,40.1
39097369-4eb0-4bac-99f5-fadeb6045b36,C00522,Service,Low,2025-09-24,Pending,34.2
0b02be16-a5c8-4c04-ad25-34edddd62795,C00572,Network,Medium,2025-09-24,Open,57.3
0c000432-9244-479f-aa71-2e4e9d06b0ab,C00658,Technical,Medium,2025-09-24,Pending,34.8
88b05aaf-ed97-4f62-852c-863439f4fc02,C00636,Service,High,2025-09-24,Open,14.4
4b02cd01-2017-4988-8bfc-fba0a40566ac,C00956,Service,Low,2025-09-24,Open,24.0
0cf1ce3a-f604-4b96-ab33-f714dd388a74,C00606,Network,High,2025-09-24,Open,10.5
497e1b15-914f-4104-8cc2-44a5b89320a0,C00132,Service,Medium,2025-09-24,Resolved,33.0
5ab5cea8-b2f1-46db-ab40-521810d9493e,C00186,Technical,Medium,2025-09-24,Resolved,26.7
49b94f84-20a0-48fc-aa4a-86767a567dd0,C00691,Service,Low,2025-09-24,Open,71.7
c77a0940-b1cc-4f7c-a1c7-041e67cfffa0,C00675,Service,Low,2025-09-24,Open,8.1
5db00973-203a-404d-a36f-8f92d55273ef,C00948,Service,High,2025-09-24,Resolved,31.7
3887e814-0876-48b5-ac3f-6c13275ec353,C00036,Network,High,2025-09-24,Resolved,14.5
986e4827-0d94-45c9-bb1e-27d9997f14d6,C00236,Technical,High,2025-09-24,Pending,35.7
ec469e83-44b7-454b-b51c-6ebcb7c3dd6c,C00853,Service,Low,2025-09-24,Open,54.8
19aa5d3f-e991-4230-8f03-842ef97b9c71,C00815,Service,Medium,2025-09-24,Resolved,64.9
1bd5f014-3de1-4ef6-b77d-a5d025f78b6f,C00641,Network,Medium,2025-09-24,Pending,36.7
2f3157fa-75ca-45dc-808c-62fc1d1817f6,C00609,Service,Medium,2025-09-24,Resolved,5.0
10da782b-e954-4e99-8f8c-99466560624f,C00393,Network,High,2025-09-24,Pending,13.6
6bcd7ba3-5408-4506-9dc4-c146f5c2aa4a,C00349,Network,Low,2025-09-24,Pending,46.4
02f35565-e0f9-4b39-8343-77e6c9b7b6e0,C00154,Service,Medium,2025-09-24,Resolved,6.8
eb1cad69-2039-4286-8411-b5a6858e59fb,C00430,Technical,High,2025-09-24,Resolved,30.2
547833ab-fa98-40fe-b7a9-56913907bb02,C00456,Technical,High,2025-09-24,Pending,57.3
72c8b629-45dc-4a48-bca9-864afc2c64e0,C00533,Technical,Low,2025-09-24,Pending,30.4
89e88154-9340-4e4b-a86d-17da29e0a292,C00942,Billing,Low,2025-09-24,Pending,24.1
c2fc1353-f67b-4794-8b3f-5768d58539af,C00736,Service,High,2025-09-24,Resolved,70.4
af344e9d-6ad1-4f02-9dd0-1cdb52b2e02a,C00600,Network,High,2025-09-24,Open,9.1
7a06cd74-c99a-408f-bb36-7176b18bcf04,C00574,Service,High,2025-09-24,Resolved,13.3
3fcb545c-5a58-4ba4-bba1-d51b151979a1,C00976,Service,High,2025-09-24,Open,7.2
2a89bad4-2b37-4e07-8a26-1add0516cbbc,C00288,Technical,Low,2025-09-24,Resolved,35.6
4d1b1b51-bde3-44b1-a9dc-d31ee9ababc8,C00433,Network,Medium,2025-09-24,Pending,15.0
530ef98a-6716-4d37-bc7c-b085c784f38b,C00938,Technical,Medium,2025-09-24,Resolved,55.4
9ae8be7a-24ac-4060-b3ea-336cb83e7321,C00577,Technical,High,2025-09-24,Resolved,41.5
f8acffb4-b403-43c4-89b6-258c931c387a,C00725,Technical,High,2025-09-24,Pending,45.8
740a5464-d7a9-4992-8cf5-09eb6eacc868,C00830,Network,Low,2025-09-24,Open,40.1
4fcfc66c-a519-4e6f-9738-d6eddd5ab402,C00661,Billing,Low,2025-09-24,Open,7.9
3fd9f587-7d27-4dc0-80d4-36f6739cb832,C00262,Network,High,2025-09-24,Resolved,48.4
4282c052-516e-4ddc-932b-bb65b4a6747e,C00611,Billing,Medium,2025-09-24,Open,23.7
48bd6976-ebcb-4289-b6e2-d3440d7079bd,C00330,Technical,Medium,2025-09-24,Pending,25.2
9e86b8f8-668a-4942-9ffc-21233fa33888,C00260,Billing,High,2025-09-24,Pending,29.2
bffb163b-b490-48bd-b95f-d28824c382be,C00101,Billing,High,2025-09-24,Pending,1.6
5d1a71a6-f34b-4820-b160-3b596ed06ef9,C00731,Service,High,2025-09-24,Resolved,37.6
39819a9d-9226-4970-b232-e8714484051d,C00496,Network,Medium,2025-09-24,Open,47.8
af14b802-3b2f-4527-b4b9-a6d84e47671d,C00496,Service,High,2025-09-24,Pending,42.8
51c8709f-46f5-4bca-84eb-e955966539d0,C00404,Technical,Medium,2025-09-24,Pending,47.8
9707e14c-abff-4892-8722-acc4bd457fdb,C00635,Service,High,2025-09-24,Open,61.6
58c53d09-b05b-4220-bdc8-9a97ca8b116c,C00973,Service,Low,2025-09-24,Resolved,9.8
38f14f3d-b1a4-4be9-8ed4-e35b7803ec73,C00476,Network,High,2025-09-24,Resolved,5.5
cc5322e3-d3c5-445d-bf84-ca5232b88480,C00669,Network,Medium,2025-09-24,Open,54.9
3f0bc49b-38a8-4aaa-a455-f625193e5f90,C00241,Service,Low,2025-09-24,Resolved,33.9
572398eb-46f8-4203-bb81-6a017b3d2792,C00692,Technical,High,2025-09-24,Resolved,36.3
354c087f-ade0-4a8c-9698-06a3e5ece8fb,C00218,Service,High,2025-09-24,Open,28.5
4f6afb49-6c50-420b-bae1-7621fc5ac906,C00853,Service,High,2025-09-24,Resolved,23.9
c2165055-4b09-4df3-a70c-03022dc028f3,C00212,Billing,Low,2025-09-24,Resolved,51.3
91ef3fa5-a22f-4ed1-858a-1ecf40e54037,C00605,Technical,High,2025-09-24,Open,19.2
75692fd5-d1a5-43c4-b6ee-ac6130dd57bd,C00482,Technical,Low,2025-09-24,Pending,64.6
0b797acf-58ca-4e2a-baeb-35623de1dade,C00643,Network,High,2025-09-24,Open,68.8
2021a70d-0c56-4028-a656-bec212976a45,C00423,Billing,High,2025-09-24,Pending,43.3
d1a0635e-1888-4fc2-939f-916e21cf4640,C00493,Service,Medium,2025-09-24,Resolved,64.0
f27c592d-5d9a-4b90-96fb-74d5b56d7ac7,C00423,Technical,High,2025-09-24,Resolved,34.7
0ddc0d6e-7fa7-407d-9bf4-7ef788c949cb,C00813,Billing,Medium,2025-09-24,Open,54.3
a2511820-444b-4ea4-b763-42bcf4bdde6b,C00175,Service,Low,2025-09-24,Resolved,28.7
26fdf58f-26e1-4756-85fc-6aff0d65519e,C00513,Network,High,2025-09-24,Open,16.5
4c95575d-acd3-47e7-afe4-4754d15ca103,C00357,Network,Medium,2025-09-24,Pending,27.4
14256fbe-123a-4587-8e38-6be364ad5c24,C00148,Service,Medium,2025-09-24,Pending,32.6
5f4c8833-d021-41ac-9f0f-dbea2801461d,C00754,Technical,Medium,2025-09-24,Open,23.7
82bcb1ee-3b89-48ca-921c-242821b044fc,C00011,Technical,High,2025-09-24,Open,54.0
c54c409e-7c7f-44c5-b0fe-4ca8091ca4c7,C00678,Technical,Low,2025-09-24,Pending,49.9
3fdd0452-d82f-4ff4-9754-7fcd961d2aae,C00669,Service,Medium,2025-09-24,Resolved,20.0
5862ea56-e2cc-4c67-b945-8ce6bb962969,C00744,Technical,High,2025-09-24,Pending,69.5
39248a1a-be30-4bfe-b72a-ccc6596b7f24,C00074,Network,High,2025-09-24,Resolved,7.3
41017319-f603-4719-9c7a-3fb54f601dfd,C00625,Network,High,2025-09-24,Resolved,48.6
b683ee69-9dd1-40f6-9181-7582f95f0b2f,C00243,Billing,High,2025-09-24,Resolved,13.5
7f494f83-b127-46fd-954b-631f1c2de327,C00986,Technical,Medium,2025-09-24,Resolved,50.6
f30b79dc-7f05-4f98-9ba2-1b8c50662b04,C00262,Network,High,2025-09-24,Open,42.4
cc2bb3da-6ea7-451c-a46f-dc80ee8bc68b,C00066,Service,Medium,2025-09-24,Resolved,16.5
a64bddd8-a1bd-41ac-83d2-863ef5736bb8,C00017,Billing,High,2025-09-24,Resolved,15.3
047790cc-3efb-496d-a8da-3509471531d4,C00149,Billing,Low,2025-09-24,Resolved,49.2
6917a9fb-beb7-4b53-9ecd-97f56e3ab4ad,C00399,Service,Low,2025-09-24,Resolved,37.2
ab6be073-abdd-48c5-930e-1283da2187c8,C00892,Billing,Medium,2025-09-24,Pending,8.7
f2cfea1d-e44b-447c-9d5b-ec72a839e062,C00210,Service,Low,2025-09-24,Pending,52.8
025ebdbb-21a4-4525-90e1-9f953cc94bec,C00767,Network,High,2025-09-24,Resolved,26.9
f08633fd-6f91-4bb3-b54c-b07d0032d8f6,C00164,Technical,High,2025-09-24,Open,55.3
0e031c36-2762-4cda-8a06-819d0aa212d9,C00610,Service,High,2025-09-24,Pending,39.6
803fe303-62aa-416f-a8d6-fd038ff7f0ad,C00452,Technical,Medium,2025-09-24,Pending,5.3
987c48d7-6b86-4231-a6f2-0f6aaaeac217,C00370,Service,High,2025-09-24,Pending,42.5
3099d7f6-4e5a-4b0e-93cc-fa78e094675d,C00789,Billing,Medium,2025-09-24,Open,71.0
0623778d-6c26-48ac-b6df-ca85b156c74e,C00711,Technical,High,2025-09-24,Pending,67.1
c3f54f4f-bec2-4f04-8ac2-aa3d8153e500,C00334,Service,High,2025-09-24,Pending,14.0
ea9d2a40-1422-49d6-8b4c-30c01bfb5dbf,C00842,Technical,Low,2025-09-24,Open,47.6
189688fe-bb94-477a-aae7-b0b1c11a7ae5,C00588,Network,Low,2025-09-24,Pending,59.6
2617b8ea-9992-4403-b76f-c21dbb90e31c,C00218,Network,Medium,2025-09-24,Pending,41.6
8ea91fc9-8036-43d8-8642-07018371151c,C00483,Service,Medium,2025-09-24,Open,12.1
47f2bc0d-09cb-4a81-b506-14d298099f12,C00256,Technical,High,2025-09-24,Pending,21.4
1d552067-a80c-4095-a407-7b44e55531d8,C00369,Technical,Medium,2025-09-24,Open,50.2
1d275978-85e3-41a2-8e0b-79913e3a0808,C00760,Billing,High,2025-09-24,Resolved,13.3
8920cd4d-b52d-4d21-b91f-308c821d138f,C00641,Service,Low,2025-09-24,Pending,42.9
af5f8913-d13a-462d-8706-741a16ae2932,C00816,Technical,Low,2025-09-24,Resolved,31.9
0bb6014a-988b-434c-ae53-a2ef6ba388ae,C00929,Service,Medium,2025-09-24,Pending,43.6
9759ac2c-a92c-43ec-8901-db16a0b1a2d9,C00159,Network,High,2025-09-24,Resolved,26.7
8e8abaa4-c23d-4381-a677-6c0cfe465a13,C00133,Service,High,2025-09-24,Resolved,48.4
2d14b4e2-7a87-407c-a154-5cec290a3795,C00891,Technical,Low,2025-09-24,Open,56.7
27f5042b-f301-4fca-baaa-b71203147f77,C00155,Network,High,2025-09-24,Pending,13.6
b9583979-0074-4f3f-92f9-a8de28167a6f,C00951,Network,Low,2025-09-24,Resolved,68.5
ab3426b9-ac58-45d2-9cbd-0fb28dd15aeb,C00557,Technical,High,2025-09-24,Pending,36.3
a1dcaf26-2782-4e78-b28a-ae314a568c93,C00384,Network,Medium,2025-09-24,Pending,47.1
486032b2-6b83-4aae-9a09-550f35f591b7,C00308,Technical,Low,2025-09-24,Resolved,38.4
b9743fb4-ba26-4dde-b928-9fd084092d5c,C00318,Technical,Medium,2025-09-24,Resolved,20.7
38d16511-8891-4fbf-b59d-079f075e03ed,C00369,Service,Low,2025-09-24,Resolved,49.6
f3c9ee87-7185-45d1-9a89-7dbd667cd512,C00919,Network,Low,2025-09-24,Open,66.6
a0f9bfd0-9580-41aa-9931-ba4cc29ec3a9,C00126,Service,High,2025-09-24,Pending,4.5
415b8dad-a43c-4d7b-9a6d-f3445f08d24c,C00560,Billing,High,2025-09-24,Resolved,23.4
3454d6fa-8c72-4b40-9b89-5f0148b7de64,C00758,Service,Medium,2025-09-24,Open,54.0
63350ca2-429d-4602-9455-9383e4465eb1,C00347,Billing,High,2025-09-24,Open,23.7
6f4dd75a-f19e-44ab-890a-a3c69075e069,C00011,Billing,Low,2025-09-24,Pending,65.2
730e8658-6af8-41a0-b924-cc7b83ddbc2c,C00570,Technical,Medium,2025-09-24,Pending,35.9
c34ae3df-566e-4d36-8fa9-ef09de4f495b,C00990,Service,Medium,2025-09-24,Resolved,31.9
4de80b73-6ccb-4b85-9581-184d19d99470,C00603,Network,Medium,2025-09-24,Pending,58.6
9b8cfe0e-ab38-4a29-99e1-50a50ba18cf1,C00748,Technical,Medium,2025-09-24,Open,59.9
ff35a7c0-350c-4885-a6f4-a892d22ed018,C00805,Service,Medium,2025-09-24,Resolved,18.2
80f7c5f0-16e3-4c1d-8020-6118ed16bee5,C00225,Network,Medium,2025-09-24,Resolved,32.4
35a262f7-705b-4572-a7e3-e464a03587be,C00762,Technical,Low,2025-09-24,Open,68.6
08498f04-b842-431b-8429-73a92584470c,C00592,Network,Low,2025-09-24,Pending,31.6
589a15bd-f619-42af-95bb-a4bc877d51d2,C00914,Network,High,2025-09-24,Open,44.7
3d7f7a91-36c3-4d85-8a7f-7244c227ed50,C00077,Service,Low,2025-09-24,Open,16.5
cb6b078b-7b6b-4fc1-ba10-b865b418f5ac,C00298,Network,High,2025-09-24,Pending,36.4
60e73853-1973-42bd-b337-521cad5052a4,C00296,Service,Low,2025-09-24,Resolved,69.4
9786eef2-1bb7-4787-bb24-df018ea54843,C00119,Service,Low,2025-09-24,Resolved,65.5
5f056ef9-1b94-4560-aa6a-3a88d6f34114,C00004,Service,Medium,2025-09-24,Open,54.4
033ac08a-2758-404f-ac5d-3cf57b012a15,C00028,Technical,High,2025-09-24,Pending,31.3
0ebd5e22-aa2f-4040-833b-244024c17bb6,C00610,Billing,Medium,2025-09-24,Resolved,68.4
4a422ebd-d16c-4d10-b48e-dce45ffca038,C00499,Technical,Low,2025-09-24,Resolved,27.8
ff2d79ad-0ecc-459f-a87e-c29006161fb0,C00586,Service,High,2025-09-24,Open,44.1
81dd27f3-0806-498b-be17-e8f39700abb0,C00096,Technical,Medium,2025-09-24,Resolved,70.4
90471f74-aa72-4452-8956-9f9bb84cc165,C00238,Technical,Medium,2025-09-24,Resolved,15.6
916a50b7-3572-497c-97ca-54218cf198e3,C00452,Service,High,2025-09-24,Resolved,58.2
3ca5948f-754f-47dd-a18f-996866c62fc8,C00519,Service,High,2025-09-24,Resolved,33.1
60a444b8-4f52-4f21-a296-37607a728c7a,C00251,Billing,High,2025-09-24,Pending,39.0
cc5f9dc1-33c3-4d8c-8360-64a336ed1588,C00983,Service,Medium,2025-09-24,Pending,43.7
38422031-86b1-444d-bfac-cfab48379aac,C00400,Billing,Medium,2025-09-24,Open,60.9
948c1f80-07a8-480d-870a-0bcc0f37649d,C00328,Network,Medium,2025-09-24,Resolved,18.8
9d766868-284a-4c8d-9018-56273930d972,C00489,Technical,Medium,2025-09-24,Open,32.1
048bed80-fc64-4a81-b9dc-cd07efd4a45f,C00162,Billing,Low,2025-09-24,Open,37.0
1b3a2f89-4729-4d77-b6c0-2711f941aaad,C00528,Technical,Medium,2025-09-24,Resolved,28.2
a4d14188-f636-4085-90ff-2afd91718c7e,C00835,Billing,High,2025-09-24,Open,66.9
c12d2090-69ce-45a3-857f-0cf1fd88dd38,C00775,Technical,Medium,2025-09-24,Resolved,36.0
b174b4a5-7f1c-43dc-9e83-b5ce83116d02,C00892,Network,Low,2025-09-24,Pending,14.3
cc670a1f-9b0a-4c94-8599-3420198aed06,C00609,Billing,High,2025-09-24,Open,66.2
73cca92d-27bb-407f-963a-14f625308df2,C00332,Billing,Medium,2025-09-24,Resolved,25.9
0111c814-0e41-4d6d-a77a-fddca1c00760,C00117,Technical,Low,2025-09-24,Resolved,23.9
3975ddc5-2130-4a3f-8990-18a33ff3a8e4,C00374,Service,Low,2025-09-24,Resolved,52.8
61da969f-5f4d-437c-89f8-d2524976dd3c,C00069,Network,Medium,2025-09-24,Resolved,66.7
f9c084d4-d916-4abe-9a65-c703739c937a,C00298,Technical,Low,2025-09-24,Pending,53.5
a8c7916a-142d-4e7c-9c03-53172f384264,C00481,Billing,Low,2025-09-24,Open,44.3
d3790bc3-0b21-4f94-bc90-6e5e905942c5,C00253,Billing,Medium,2025-09-24,Resolved,17.8
a1085513-d9d0-40a2-843e-c442ec4b8bb4,C00381,Network,High,2025-09-24,Resolved,44.5
e880d4cf-e1ef-401f-81c0-5491dcafc9fa,C00484,Service,High,2025-09-24,Pending,39.5
6e6d605a-670d-40ef-a9ae-6c7511c77537,C00585,Technical,Low,2025-09-24,Pending,14.2
d98c8a46-1d60-4fb3-8d10-d54c8ad1e07b,C00721,Billing,High,2025-09-24,Resolved,66.1
86f6de0b-7ce0-4d69-a088-f3d09440dce1,C00538,Technical,High,2025-09-24,Resolved,55.2
a287dd10-7c64-4f0e-8681-54a7c5757f5b,C00334,Technical,High,2025-09-24,Pending,62.0
ccb6588f-61b1-4d35-8e8f-4854956d92e2,C00150,Technical,Low,2025-09-24,Resolved,61.5
79402a7e-23fa-4b2b-938d-f8261538c711,C00436,Network,Low,2025-09-24,Pending,67.2
cf70b5e7-8d39-4846-9441-b7f052ad723f,C00467,Network,High,2025-09-24,Pending,58.7
4d8ce279-4d80-450f-8827-3422db974cb1,C00743,Network,Medium,2025-09-24,Resolved,30.2
fa21fb69-cc9b-4d6f-a8fa-6446250e2e39,C00583,Technical,High,2025-09-24,Pending,71.7
896496a9-4045-4b31-a630-59b78e298b11,C00516,Service,Medium,2025-09-24,Open,57.2
120c108e-b964-4021-b0ff-1f0f649431d1,C00773,Billing,High,2025-09-24,Pending,21.8
13a9c831-7647-4dce-bc15-a84376242c71,C00373,Billing,Medium,2025-09-24,Pending,11.0
12dc4248-f169-42ce-b9f2-f9ac0aa32d3b,C00410,Network,High,2025-09-24,Pending,71.3
887393d3-e9d4-41ba-9c20-e230df19cede,C00792,Billing,High,2025-09-24,Open,2.2
61722d0c-add5-401e-a158-a7f8270a3676,C00453,Network,High,2025-09-24,Open,50.0
437956f8-eb8a-4d15-9f2d-3573cfea9738,C00152,Technical,Medium,2025-09-24,Open,32.9
ab66b8e7-3fa0-44a2-8321-bb829ab246ad,C00163,Service,Medium,2025-09-24,Resolved,17.9
06461bf3-15d4-4d73-a21b-acb101a380e5,C00341,Service,High,2025-09-24,Open,53.4
17af0e28-c9b7-4e59-8852-aaa4ee4100c0,C00436,Technical,Low,2025-09-24,Open,33.6
1fc7aa60-be8e-40d1-9553-f769915f5514,C00328,Network,High,2025-09-24,Pending,60.7
ccb23d6e-cde2-4131-9485-709ad0887e04,C00981,Technical,Low,2025-09-24,Resolved,57.9
f2b10b8d-d8d4-4b99-90b9-5cecbbcfae06,C00324,Billing,High,2025-09-24,Pending,56.8
249c9a6e-9968-484e-ad31-d280a8641b7c,C00868,Technical,High,2025-09-24,Open,70.7
8f69321e-68c1-497e-bc77-bbedb9ed8eee,C00688,Service,Low,2025-09-24,Resolved,24.4
103a5cbe-4a1a-4220-b61f-83dac6ed940c,C00323,Network,High,2025-09-24,Pending,58.3
47e94dea-1418-4cac-8307-877f386f0c33,C00374,Network,High,2025-09-24,Resolved,25.0
1a8873ec-8402-4ccf-91db-d376c17036d2,C00642,Technical,Low,2025-09-24,Resolved,38.0
8ff704ce-dada-4c99-bfda-04dadb9d101b,C00892,Service,Low,2025-09-24,Resolved,53.6
fbb7ce92-f2e3-4228-827c-30264fe28a28,C00998,Billing,Medium,2025-09-24,Open,57.6
3b40b13e-b430-4a3c-b289-4d9115ff1b10,C00873,Billing,Medium,2025-09-24,Pending,30.5
dfb63993-71e7-4672-9da7-f6dca2dcc03b,C00187,Billing,Low,2025-09-24,Pending,8.6
734fc539-4fd3-40ea-8f49-a94a0091e9b1,C00398,Network,High,2025-09-24,Resolved,56.5
9290f966-0059-4cd2-aa00-86475c74e1da,C00848,Network,Medium,2025-09-24,Pending,67.5
ffd3b087-ce82-40ec-8c3a-6af0cad9bca9,C00230,Technical,High,2025-09-24,Pending,55.7
a91be945-4bc0-46a0-999f-558274073b46,C00115,Service,High,2025-09-24,Pending,13.1
11b7adc0-3672-4491-86cd-19b575720920,C00087,Network,Medium,2025-09-24,Open,35.0
cea74981-cf2f-4f29-833e-bdf61ac4de35,C00003,Technical,High,2025-09-24,Open,41.2
50905784-4592-496f-a3c5-0cd3e9119ba1,C00849,Service,High,2025-09-24,Open,3.4
752d7125-2708-463d-83ba-e478f24509a5,C00573,Service,High,2025-09-24,Pending,15.5
44cfa196-9982-4cb4-b8ee-fa7afa0a1acb,C00882,Technical,High,2025-09-24,Open,31.1
06fe88d3-4489-442c-b9c3-cc98747a7bac,C00166,Network,High,2025-09-24,Resolved,31.2
7321bdcb-eff6-441c-be3d-9753db9c26cb,C00683,Technical,Low,2025-09-24,Resolved,34.7
9d0a32c7-94a3-4dd2-a09c-79939e44c5af,C00381,Service,High,2025-09-24,Resolved,32.9
9ab158f3-00f3-42d0-b324-9fa986779fb4,C00250,Service,Medium,2025-09-24,Open,58.6
b540baba-1b46-4088-9bc3-f1403f36f300,C00327,Technical,Medium,2025-09-24,Pending,10.3
9d682957-ffb6-46e4-b83c-5357bf6f6cc4,C00013,Service,Low,2025-09-24,Open,24.3
678ea787-a14c-4086-90d9-9a252f9209fe,C00845,Billing,Low,2025-09-24,Pending,39.4
62a39105-d55d-49ed-811a-436112207f72,C00328,Service,High,2025-09-24,Resolved,11.7
cf1ede3f-c252-47c3-ad37-72522af6e2d8,C00351,Technical,High,2025-09-24,Resolved,54.7
b3ec3680-10bb-4ed7-b0b7-b5773bd6916f,C00804,Technical,High,2025-09-24,Open,4.3
eceaec62-7d29-4be2-9901-bfc50ba42309,C00022,Network,Medium,2025-09-24,Open,2.2
d625e7cd-af79-4462-966c-3d7f3dcebe0c,C00294,Billing,Medium,2025-09-24,Open,57.0
9a416b16-88a8-4092-bf17-662b06d9e391,C00753,Service,High,2025-09-24,Open,9.3
c96c14c6-6831-44ff-8b9a-44b65510c77a,C00389,Billing,High,2025-09-24,Pending,9.4
099671b7-656b-4e99-b9d1-ec1c527666d3,C00785,Billing,Low,2025-09-24,Resolved,46.1
47e8fc2a-0fba-4017-8575-1e1f49e30733,C00645,Technical,Medium,2025-09-24,Open,17.4
76c0c89e-6666-4620-8563-c5b4f3596c29,C00292,Billing,High,2025-09-24,Resolved,32.3
c65fad0a-60ea-47dc-8fb9-eb30e076e169,C00671,Service,Low,2025-09-24,Open,3.9
9747f9e1-84d1-4d4b-90f9-994d95790a83,C00850,Service,Medium,2025-09-24,Pending,22.4
77a0c83f-11c0-4766-844a-ad904098699c,C00972,Network,Low,2025-09-24,Pending,34.9
cee13087-67c0-4c07-bf17-c3c3a64e3e94,C00416,Billing,High,2025-09-24,Resolved,23.0
e45c500e-ebdd-4d37-8db5-ed45fcfc7f44,C00809,Service,High,2025-09-24,Open,24.6
12628861-c0e4-444d-8101-78e977f1ee38,C00665,Service,High,2025-09-24,Pending,61.5
dc934c4f-c3e5-442f-b4ac-6197f31e8081,C00666,Billing,High,2025-09-24,Open,57.0
e84ed94e-92f9-48fd-902d-c9167b002e16,C00404,Network,High,2025-09-24,Open,29.6
d0dd1259-33b5-4ba1-8f17-0059328054eb,C00499,Network,Low,2025-09-24,Resolved,26.8
1a6f78bd-871e-4cfe-b1b3-e4d6097703b3,C00790,Billing,Medium,2025-09-24,Open,38.2
1b4b41ec-713d-454e-92ea-1618e28d3518,C00227,Network,Medium,2025-09-24,Open,56.5
0d548373-d507-4c79-ac51-dcadc24697a3,C00792,Service,High,2025-09-24,Pending,14.1
2b939dd7-060c-4b62-9db7-e77f472d1ac2,C00279,Technical,Medium,2025-09-24,Pending,18.6
160cae64-4b31-4a03-895f-8947449ee4c0,C00623,Billing,Low,2025-09-24,Pending,3.5
d965b593-558d-4177-9b4e-e0c5cf663bc3,C00366,Network,High,2025-09-24,Pending,40.0
3b7c1560-3a3a-4365-8781-41fd729f0472,C00280,Technical,Medium,2025-09-24,Pending,12.8
a9e128a6-4d93-4735-84dc-0f43a9777c3a,C00324,Billing,Medium,2025-09-24,Open,49.8
ecf5497e-b38a-4783-bc24-2bde683b729a,C00386,Billing,High,2025-09-24,Resolved,4.6
914ac113-3a93-48d1-a969-02d3f0abe9c8,C00594,Technical,Low,2025-09-24,Open,36.3
06c99a0a-ae01-46cc-86b2-16df7ae4395e,C00015,Billing,Medium,2025-09-24,Resolved,69.1
3e69e129-5c35-4d67-bbf0-7cc4ba15a44a,C00933,Billing,Low,2025-09-24,Open,17.3
0e2ec67c-c1d3-4b07-afd2-27d6e05dfbdc,C00642,Service,Medium,2025-09-24,Pending,8.7
95674542-95ee-4ecb-8c06-0bbfb1d9f12d,C00185,Billing,Medium,2025-09-24,Open,8.2
591574b4-fadd-49f0-a77a-dc61a062cf97,C00259,Service,Medium,2025-09-24,Resolved,28.3
f50dffc0-1c96-48c1-b7b6-ccaf62cb71fc,C00158,Service,Medium,2025-09-24,Open,8.9
74d42426-d4db-44a3-a5c8-c0727a457841,C00887,Service,Low,2025-09-24,Resolved,8.7
f626c43a-3769-4784-b455-8592fe943ff1,C00452,Technical,High,2025-09-24,Pending,33.1
b1c8d325-6d75-4a78-836a-d3354dae2693,C00177,Network,High,2025-09-24,Resolved,66.9
b7b85d66-7ecc-41bc-81ae-5c2645e65ca3,C00811,Service,Medium,2025-09-24,Resolved,26.8
caf39eb8-3232-4b6d-ab12-5723edd92249,C00569,Billing,High,2025-09-24,Pending,47.0
d8862f93-5957-4cf6-929b-5e258f667b4d,C00632,Technical,Low,2025-09-24,Resolved,65.2
a947f157-f841-46db-945e-aa79db9a437a,C00668,Network,Low,2025-09-24,Resolved,56.0
7aaa6336-dda2-4bfd-a747-70a19f29f7df,C00097,Technical,Low,2025-09-24,Resolved,13.2
a9ed947f-7407-45e4-8dac-278463554c2b,C00961,Billing,Medium,2025-09-24,Resolved,32.8
ece64222-fdb4-45e7-9407-983fb388181a,C00919,Technical,Medium,2025-09-24,Open,61.2
ca810028-3364-43a6-9395-f5874602c1f6,C00269,Billing,Medium,2025-09-24,Open,31.5
9be4acb1-eadb-4253-bb4a-77e6c3ddff02,C00291,Service,High,2025-09-24,Pending,36.5
018046d5-6e30-43a1-888b-7879efee0434,C00649,Network,High,2025-09-24,Resolved,53.4
7a49f42b-19ec-4589-a41e-13208f28b7a8,C00293,Service,Medium,2025-09-24,Open,47.9
9b86c124-7666-44c8-91c6-2a30d3233e73,C00860,Billing,Low,2025-09-24,Pending,59.1
637a0e52-1f16-4fde-b793-c642e17e7d37,C00572,Billing,Medium,2025-09-24,Pending,36.9
cfbc4cd9-b28e-40a8-a4a8-da03064579c8,C00849,Technical,Low,2025-09-24,Open,43.8
e07d0865-ef38-43cc-b01f-54339cc35555,C00831,Network,Medium,2025-09-24,Open,43.2
66909ced-4d60-4385-a4a5-252643523aff,C00954,Service,High,2025-09-24,Open,23.2
98917f7e-b1a7-4885-88fd-480e97b0056d,C00178,Technical,High,2025-09-24,Resolved,1.2
a9a19284-4bc4-4b44-b04c-c6bb1a040d33,C00821,Technical,Medium,2025-09-24,Pending,49.0
7c6a5738-5c51-4a84-93e1-5e86a558edb3,C00319,Technical,Medium,2025-09-24,Resolved,1.2
b7a4129c-996b-45dc-bb14-2b23dfb9f1db,C00175,Technical,High,2025-09-24,Open,14.5
b21382b1-79b6-4e01-a1df-bdc3a9524bf2,C00196,Service,Low,2025-09-24,Resolved,26.1
fc4df640-8a7f-45ab-b96b-a20a195bc096,C00395,Billing,High,2025-09-24,Open,11.2
f7024b30-954c-44f8-bf53-30fef429eb12,C00968,Technical,High,2025-09-24,Open,60.0
d570b471-9ab5-401b-a04a-eb785278b2fc,C00213,Service,Low,2025-09-24,Pending,26.6
9f02e5f4-061b-4492-944a-d8e50e04c7fc,C00075,Billing,High,2025-09-24,Pending,26.0
01d084a2-0db8-470c-bc23-322e63b1b181,C00953,Network,High,2025-09-24,Resolved,55.9
cbd880b8-f55b-4385-88a5-41c6148845ca,C00888,Technical,Medium,2025-09-24,Open,27.1
0e2d90cd-bff5-470e-854d-c556aacf1558,C00925,Billing,High,2025-09-24,Resolved,47.0
6a4fab5f-12e4-4780-ac93-f0c153a2cdf5,C00539,Network,High,2025-09-24,Open,32.1
8fd54714-3149-49e5-b5ad-231b95de12d5,C00483,Billing,Low,2025-09-24,Resolved,14.4
bf3a6a3a-c574-480a-b7cb-1a77409be03d,C00315,Billing,High,2025-09-24,Pending,14.1
f293373b-23aa-46eb-94f7-714d83a73323,C00634,Network,Medium,2025-09-24,Pending,67.5
ac2e97b2-0c00-4f75-804f-1f843b2208ea,C00751,Network,Low,2025-09-24,Resolved,34.4
c3872f7d-a7b7-40fd-a3d2-8f8f83120665,C00463,Network,Low,2025-09-24,Open,63.4
f8b51be4-aa7f-47c6-8d8e-7abcda8bb7f5,C00129,Technical,Medium,2025-09-24,Pending,31.5
c3a01f7d-0d1d-4b82-9fde-ce0e92ad8dc7,C00299,Technical,High,2025-09-24,Resolved,65.7
b5798280-e9c7-4673-a3c0-8f2df33a86db,C00813,Billing,High,2025-09-24,Pending,61.0
20bb37ad-7a62-41a7-a7a6-269fda4a606c,C00781,Technical,High,2025-09-24,Resolved,46.5
0fb5600a-12d5-46b5-b7d2-358beea28bbb,C00469,Service,High,2025-09-24,Pending,11.7
7e690956-1ff7-4911-877b-4f5b432c9b31,C00589,Service,Medium,2025-09-24,Pending,44.4
f2dd2f15-7759-42fd-baa1-3694f1a5c20b,C00807,Billing,Low,2025-09-24,Resolved,35.7
db27f241-69a6-4dc2-bdea-45bba0cd1abb,C00653,Technical,Low,2025-09-24,Pending,54.3
b981f6a1-5127-4037-b82c-5ff05ce08030,C00413,Technical,High,2025-09-24,Resolved,51.4
fce22776-205e-464b-a374-eca29b1cd046,C00619,Billing,High,2025-09-24,Resolved,17.3
22ded5d0-8c04-4012-87c2-272ffdc6d159,C00665,Technical,Medium,2025-09-24,Pending,36.6
c02ac9eb-369c-4408-a921-0f59055faefc,C00782,Network,Low,2025-09-24,Open,6.4
d26b24e9-65cb-4c63-bbea-a781ba2c1329,C00127,Network,Low,2025-09-24,Resolved,33.0
a358e201-1029-4209-a268-76b67b0ea5cd,C00016,Service,Low,2025-09-24,Resolved,3.9
d4169bcc-392d-47cc-b7c0-b19af9890d55,C00213,Network,Low,2025-09-24,Open,8.2
c3bb526b-4305-48f2-a9d8-83ab308887f9,C00327,Billing,High,2025-09-24,Open,8.5
3d1dcaab-9b88-4152-afb5-6ab0a0b6ef8e,C00413,Service,High,2025-09-24,Open,12.2
a02c4af1-e9be-4b38-911e-0267307445de,C00434,Network,High,2025-09-24,Open,62.7
76628ff6-d8fd-4875-a9f0-92d810ed1570,C00893,Network,High,2025-09-24,Pending,60.4
25b83368-3e6a-4edb-962b-7e3603d3cc49,C00756,Service,Low,2025-09-24,Open,8.8
b68848ea-1156-45d0-aa9a-d6c593d0d346,C00283,Network,High,2025-09-24,Resolved,39.6
fa3e2697-2dff-43ce-a899-4d623a65ceed,C00097,Service,Medium,2025-09-24,Open,19.5
2630fc95-889d-469c-a652-b0c1c9d42fd3,C00089,Service,High,2025-09-24,Open,2.5
ce1750ce-66fe-4c34-8e17-2f75a29397c0,C00387,Technical,Low,2025-09-24,Pending,30.8
e358200f-616a-4234-acc0-03361a08f156,C00188,Network,High,2025-09-24,Resolved,26.1
9ae22856-4291-4441-954a-d961760a58a6,C00297,Technical,Low,2025-09-24,Open,30.1
dc2dede7-d87d-45e7-9225-12929152da10,C00669,Network,Low,2025-09-24,Resolved,62.3
e830fc29-2f5c-4178-9022-2a432fbe7816,C00507,Network,Low,2025-09-24,Resolved,8.4
4d20ffce-4215-485e-81db-fd14c2f8e4f9,C00801,Network,Medium,2025-09-24,Pending,8.1
3f916981-f620-4a2b-8297-43ab47469b2f,C00812,Network,Medium,2025-09-24,Open,68.8
c4495462-6de0-4a39-a13a-2a59bf3aebc4,C00129,Billing,Low,2025-09-24,Pending,21.5
1ceb5092-81de-404a-af5c-920e8ac8f037,C00080,Service,Medium,2025-09-24,Pending,64.2
4f21d95e-130a-4dd1-9dbb-cbc3e2404e6f,C00509,Billing,Medium,2025-09-24,Open,51.3
6d13f398-0bdc-4cea-b885-75fd38f9e101,C00906,Billing,Low,2025-09-24,Pending,71.9
06470faf-850d-4003-b520-d86a9ae14459,C00490,Service,Low,2025-09-24,Resolved,38.7
d745f3fb-15cd-4409-ba99-5fba7feb2b41,C00429,Service,Low,2025-09-24,Pending,16.2
acc0a059-9805-429a-9904-2da3b3d5c359,C00566,Billing,Medium,2025-09-24,Pending,67.0
a3eb3fb3-c55b-4cc0-8e48-0297b1ba7e62,C00690,Network,Low,2025-09-24,Resolved,4.0
c7adff65-2ab9-4c20-a386-f348b2d77a42,C00977,Network,Medium,2025-09-24,Open,4.8
0d586c75-9c18-40b3-add7-9dd87a99cb22,C00703,Technical,Low,2025-09-24,Resolved,54.6
b02705d7-1914-4e3a-93be-9d515b387e32,C00593,Billing,Low,2025-09-24,Pending,1.7
f45c0ef6-4435-48d0-bacf-f210b696d9a5,C00916,Network,Low,2025-09-24,Open,25.2
1dc13d33-2b15-422c-b7cc-5cc93c41e680,C00810,Technical,Low,2025-09-24,Resolved,57.5
65971bbc-f774-4909-b977-6607e2e6290c,C00494,Billing,High,2025-09-24,Open,70.9
30b4ff64-2550-45dd-b763-a3b105c1bac4,C00959,Service,Medium,2025-09-24,Resolved,37.5
cbda94f6-8902-4a97-928c-c17a4c055b0a,C00335,Technical,High,2025-09-24,Pending,51.9
a86bbcdb-583e-4b4b-91c9-1bec9f5b6c70,C00864,Network,Low,2025-09-24,Open,12.9
77e9873b-7d5d-4d25-b38e-28cc9159a174,C00234,Billing,Medium,2025-09-24,Open,11.8
eabd4666-f85d-4605-b493-51dcb8b32bad,C00804,Network,Low,2025-09-24,Open,41.8
5be79eb4-d4a0-4827-9a05-5c863210925b,C00687,Network,Medium,2025-09-24,Resolved,3.6
c37df7f9-50db-4bbb-9430-c2bbda4b866e,C00304,Network,High,2025-09-24,Pending,68.5
d0ed7c33-a4bc-456b-b630-095390779aec,C00915,Service,Medium,2025-09-24,Resolved,21.7
aea3faec-44f9-44a1-b391-81a3b84593aa,C00657,Billing,High,2025-09-24,Pending,29.5
377139d3-ace7-4566-babf-7b49107be716,C00319,Service,High,2025-09-24,Resolved,33.3
030890e2-74bf-4ad3-ac23-8cc1f692a870,C00054,Billing,Medium,2025-09-24,Pending,60.0
f617ce26-25fe-42ff-acfa-72878717be6d,C00588,Network,High,2025-09-24,Resolved,54.5
dce36cb8-7688-4ea9-a726-d089f5351e2b,C00222,Technical,Medium,2025-09-24,Pending,60.3
f2b50570-5d61-4d41-a90a-407f1a791525,C00248,Technical,Medium,2025-09-24,Resolved,70.4
348da480-290d-4be4-99a4-3ccdbaf3d8e5,C00666,Service,High,2025-09-24,Open,20.9
0aff8196-8b04-4338-83b0-9dadcbe64a16,C00941,Service,High,2025-09-24,Open,39.3
be3ccfac-0835-45f4-bfce-807bf4cc3062,C00370,Billing,Low,2025-09-24,Pending,36.5
f6c92f7c-93fa-4320-a56a-463eb30d8a03,C00476,Billing,High,2025-09-24,Pending,4.8
8f01af8f-a332-4b8c-be85-9d3340b3f87f,C00193,Billing,Medium,2025-09-24,Open,7.7
e8bb9e50-f628-4c5f-b921-c69d7761e77a,C00900,Billing,Low,2025-09-24,Resolved,71.4
0a1092c7-1c52-4935-8ca3-94412bd93d32,C00724,Billing,Medium,2025-09-24,Open,15.9
8656eee4-858e-4a7e-b753-6d18aed5efa8,C00113,Service,High,2025-09-24,Resolved,42.2
3ac25464-70fe-4138-a2fd-3e962bf8c7bd,C00271,Billing,Low,2025-09-24,Open,6.9
eb6e803d-c332-4ba9-9a67-81f9fb49795c,C00416,Billing,Low,2025-09-24,Pending,49.1
00aef0aa-2f13-4be4-a63b-88605953d9c0,C00944,Network,Medium,2025-09-24,Open,1.5
72fe0ed8-9dff-4ff5-9065-cdf601af74cc,C00959,Technical,Low,2025-09-24,Open,58.5
8b760ba9-2342-4f4b-8b80-507d8ce7e0f2,C00393,Billing,High,2025-09-24,Pending,15.7
6fd5a204-11c1-4bae-ac65-1eb4d460f4be,C00398,Service,Low,2025-09-24,Resolved,29.3
b2bc6344-9cf2-495b-bd74-5b8c29009faa,C00960,Network,Low,2025-09-24,Open,27.9
65436a8c-a115-426c-b597-58bae3557ffe,C00300,Billing,High,2025-09-24,Open,14.5
bb0caefb-bb3a-4e69-9fec-b5232831d156,C00008,Billing,Medium,2025-09-24,Open,50.1
b5999215-af36-4286-9764-503454ff0f8d,C00124,Service,Medium,2025-09-24,Resolved,66.4
14acf41c-e28f-4b29-9d09-e409f4fda0c0,C00257,Billing,Medium,2025-09-24,Open,43.9
b04a6c09-4db7-4043-9e52-4f171d6511c5,C00653,Service,Low,2025-09-24,Pending,6.2
20fa6f11-20ff-44c5-b5c2-e83d4184d045,C00918,Billing,Low,2025-09-24,Resolved,30.3
0c3335d6-b0a9-41d1-b53e-e9c42c445e5f,C00452,Network,High,2025-09-24,Resolved,12.2
73a8f499-fefb-4ce1-82bf-8d3f6b186f2f,C00428,Network,Medium,2025-09-24,Pending,27.2
274e7204-09cd-4208-927e-3dea3d99bd15,C00484,Technical,Low,2025-09-24,Resolved,13.9
b494668f-00b8-4921-bb1d-2a83876913e0,C00113,Network,High,2025-09-24,Open,11.7
2470c0cd-aecc-4ae1-858f-3771ab6f339f,C00191,Technical,Medium,2025-09-24,Open,4.9
feea6e19-328e-4b96-864f-fd1fa3c6533c,C00425,Service,High,2025-09-24,Resolved,2.5
1d5ed0df-9306-49ad-b467-f70cce8f984b,C00302,Network,Low,2025-09-24,Resolved,63.7
d973a25c-243c-48a2-92b8-7a83c47c31f6,C00451,Technical,Medium,2025-09-24,Open,48.2
1ca2acb5-9b2c-4bf0-9d4d-d3c607b6fbf7,C00594,Billing,Medium,2025-09-24,Resolved,7.1
1fbc5bde-389a-4591-a57a-2952b59f726f,C00346,Network,Low,2025-09-24,Open,51.6
9cba354d-6d20-41ba-88d8-e631e65cb372,C00885,Technical,High,2025-09-24,Pending,55.6
ad125a76-ba15-459b-b8a3-8a818ee30925,C00168,Technical,Low,2025-09-24,Resolved,38.4
005e0b17-dbae-47c4-b4d2-c8b83facb825,C00967,Billing,Medium,2025-09-24,Pending,40.3
10747f51-40b2-423d-a8ee-009b4748610e,C00256,Billing,Medium,2025-09-24,Open,23.5
641632b9-6f96-4190-997e-be4d63b88d2b,C00981,Billing,Low,2025-09-24,Open,19.3
af8ee6b2-07d7-466f-8118-c4c776dcdfcc,C00741,Service,Low,2025-09-24,Open,21.8
54cf479f-bc00-4136-89ed-6ad34a4742f6,C00826,Service,Medium,2025-09-24,Resolved,69.6
a7e84991-ba97-4ae8-9446-4f1f198fecf0,C00451,Network,Low,2025-09-24,Pending,67.4
9481e18a-2488-4228-8ca0-7a68683f5c0c,C00455,Billing,High,2025-09-24,Resolved,64.6
8406828e-2b82-4325-b17b-f67bd483c353,C00907,Service,Low,2025-09-24,Pending,64.3
1e77c934-188c-4b94-8bb4-2f61212d115e,C00001,Technical,Medium,2025-09-24,Pending,23.8
a7797368-04a6-47d5-9170-133e515eb10e,C00927,Service,High,2025-09-24,Open,39.5
92b9ad7b-9d82-4658-a86f-1c8ece598832,C00488,Billing,Low,2025-09-24,Resolved,1.5
b805bdc2-bb16-49d3-9945-6b0a6a6b77f8,C00126,Billing,Medium,2025-09-24,Resolved,63.7
2994ec2d-d622-4037-9474-13c11f467860,C00092,Technical,Low,2025-09-24,Resolved,8.4
3e9a521d-b2b8-44de-a8e8-78985f5ab599,C00666,Billing,Low,2025-09-24,Open,48.7
fac84269-cb0e-4fe6-a920-f1462216b759,C00463,Network,High,2025-09-24,Open,61.9
d66356a1-80d2-4793-930a-62630c49591b,C00681,Billing,Medium,2025-09-24,Open,3.1
71ef0947-a5de-4158-b4be-52b3fbee6066,C00251,Service,Medium,2025-09-24,Pending,28.0
4561200c-ebd5-4bb2-998f-35b13c29b921,C00978,Technical,Medium,2025-09-24,Open,3.2
b68e494d-d9d0-45e3-b30e-4822f463beb7,C00584,Billing,High,2025-09-24,Pending,67.0
f03c4306-2ca2-4592-a793-559ffebc2729,C00933,Service,Medium,2025-09-24,Open,56.5
98874aa7-32cf-4862-ad26-1275ded04f4b,C00741,Billing,High,2025-09-24,Resolved,40.3
1da5d22d-1641-4cc1-9b44-09c9c586cf84,C00983,Network,Medium,2025-09-24,Open,9.7
531a8c16-d12b-469e-a8be-894ac6bb2bbc,C00891,Service,Low,2025-09-24,Resolved,55.1
2e7bd3eb-d5b7-4660-af76-8057af921b49,C00177,Service,High,2025-09-24,Pending,71.1
89ce380d-8d5a-42b4-8b15-91b5b4417e12,C00072,Billing,Medium,2025-09-24,Resolved,23.5
fbb14c02-151b-4690-b896-ac170a5622ec,C00299,Technical,Medium,2025-09-24,Open,20.5
f8289fda-04c8-4743-966a-66e98811f899,C00771,Network,Low,2025-09-24,Open,68.6
5bd6ac09-f6be-47b1-a891-e1314135cb68,C00064,Technical,Medium,2025-09-24,Open,53.7
81eb7136-cc2a-48df-a411-a1a6889d12fc,C00816,Billing,Medium,2025-09-24,Pending,19.6
1e23be53-788c-4b36-97cf-6e6dc25d0c74,C00057,Network,High,2025-09-24,Pending,58.4
e38b784d-cc9d-4242-9141-95206e883ea0,C00101,Service,High,2025-09-24,Open,17.9
21995bc3-e6ad-4df6-93aa-4c7a4f3b4759,C00942,Technical,Medium,2025-09-24,Resolved,11.4
5e33afef-385e-4055-a493-5ca8fddd0dbc,C00866,Technical,Medium,2025-09-24,Resolved,19.3
c4a69c4a-b12f-4aef-b5a9-f00c54170dd9,C00193,Network,Low,2025-09-24,Resolved,54.4
e11899a3-98a4-40f1-9d4d-9a70bb1828f1,C00277,Service,Low,2025-09-24,Resolved,3.4
5a45984f-cb1f-4573-bc88-22085373c073,C00332,Service,Low,2025-09-24,Open,50.1
7ef4f758-71e6-4a36-9238-893071657a26,C00219,Technical,High,2025-09-24,Open,67.1
1b62b2bb-1698-4cb8-9a43-5139fb88afc8,C00658,Service,High,2025-09-24,Resolved,53.7
97a8754d-fd4b-4fec-b2ff-9ea2c906705d,C00809,Network,High,2025-09-24,Open,54.7
4e31fb70-b569-4260-84b0-b6c139374669,C00013,Technical,High,2025-09-24,Pending,61.2
248e47d7-f8b8-4a89-a963-acba77bd8a18,C00047,Technical,High,2025-09-24,Resolved,41.9
de3412aa-c45d-4b85-933c-46b140077ab1,C00701,Service,Medium,2025-09-24,Pending,27.7
0024da9c-6399-4571-bf50-62f31677a532,C00115,Network,Low,2025-09-24,Resolved,8.6
5b4d16ab-d94f-4dc9-a467-5db4fa99952a,C00690,Service,High,2025-09-24,Resolved,46.3
f2d70179-e95c-4d29-b6fa-2bea92085d6e,C00501,Service,Medium,2025-09-24,Open,17.9
593fd9f4-e0d1-4b70-9be9-5f76c1aad010,C00719,Network,Medium,2025-09-24,Pending,59.9
1dc4e66e-2e79-4459-aafa-a00ef6d9c8d4,C00878,Technical,Low,2025-09-24,Resolved,54.9
858d56ab-b595-4d4c-a100-9e1c33901997,C00490,Billing,Low,2025-09-24,Pending,31.3
ea58867e-01fc-4776-8f8f-cbaf603efb14,C00791,Service,Low,2025-09-24,Resolved,60.4
ae463402-6ec0-40ce-b560-acc345b51947,C00079,Technical,Medium,2025-09-24,Open,19.0
a2b7fb16-81f1-4dd0-abef-394621416f4e,C00005,Network,Medium,2025-09-24,Open,6.9
b8b5658f-9e0f-4cff-9632-ba728426ab76,C00766,Billing,High,2025-09-24,Resolved,45.1
7eef8149-ebb1-4c2f-bd07-14feafd5ffa4,C00571,Technical,Medium,2025-09-24,Pending,2.3
1de8b35f-bd8f-4d35-9b17-809de70a7e3c,C00636,Service,Low,2025-09-24,Pending,2.5
9ab34526-927e-455a-964c-495bbb0387cd,C00742,Service,Low,2025-09-24,Pending,25.9
dc3c9f65-e244-416d-93ca-fcc87aaa842c,C00944,Network,High,2025-09-24,Open,38.7
a22694a6-1ae9-4778-b76f-5126206bdc56,C00458,Network,Medium,2025-09-24,Resolved,36.9
ef5edd66-64d9-4a92-b228-9434540f6345,C00407,Network,High,2025-09-24,Pending,44.0
386754a2-d955-4c9a-9b36-86fec87c3d8f,C00914,Network,Medium,2025-09-24,Open,31.2
8a7f2ee3-bf87-44cc-bc5a-1cacad40134e,C00651,Billing,Low,2025-09-24,Pending,25.6
d4279c0e-e1ec-4d8b-9a4e-dcb7ad375eb6,C00276,Billing,High,2025-09-24,Pending,52.4
f6969b4b-a488-4a3a-bbdf-95735d911692,C00921,Technical,Low,2025-09-24,Pending,35.6
6585384b-8319-4a97-9d61-89fddc5c18a4,C00662,Billing,High,2025-09-24,Pending,71.8
c459668e-c5e1-4ccc-8bcd-17a31adb9a9f,C00764,Billing,Medium,2025-09-24,Pending,57.7
77a849ff-934c-4107-b81a-821c3c1f43db,C00092,Billing,Low,2025-09-24,Pending,59.3
e8cc5248-b636-4ed3-8d18-231e3e226bfe,C00472,Service,High,2025-09-24,Open,63.4
78633824-010a-4ac9-a521-fd3b02308614,C00153,Network,Low,2025-09-24,Open,68.8
9517abab-9d8f-4ea8-88d9-6494965ee5ad,C00190,Service,Medium,2025-09-24,Resolved,36.4
ba5e1e3d-f150-4dea-886f-cbf7d982df8c,C00355,Billing,High,2025-09-24,Pending,60.2
5008b651-46d5-4a99-8826-42584c14927c,C00532,Service,Medium,2025-09-24,Open,31.1
40adbe1d-a8d1-4eb0-a47f-7b58e6915476,C00706,Technical,High,2025-09-24,Open,69.0
d9998911-1c3d-4334-86f0-460b4f48f2e6,C00268,Billing,Low,2025-09-24,Resolved,57.2
e7d72613-94df-4d06-a72a-7bae73afaf28,C00509,Technical,Low,2025-09-24,Open,15.3
62b6c581-22ac-4bed-ad11-2b4cbe6ad03d,C00667,Technical,Low,2025-09-24,Pending,35.8
a7792314-48e9-4238-97e6-6dd9ed1ed84b,C00261,Network,Low,2025-09-24,Pending,64.6
5acac401-d491-46a0-b3b1-5452c4c27619,C00740,Network,Low,2025-09-24,Pending,18.9
07ef20f7-6418-461e-b07a-810a1befa085,C00036,Technical,High,2025-09-24,Open,64.6
57441456-3fde-4aa3-8255-65b6bbcee7a3,C00268,Billing,Medium,2025-09-24,Pending,37.1
ebc034a5-3594-4d20-83f0-c495eb6b1d5e,C00068,Service,Low,2025-09-24,Resolved,4.6
a3075150-a06d-401f-b46e-15835452e43e,C00881,Service,High,2025-09-24,Open,48.1
7649a52a-0ddf-4858-bda3-3e0d91543f8b,C00868,Service,Low,2025-09-24,Pending,58.3
f7541038-9282-4cd8-8866-a193b43c259c,C00003,Service,Medium,2025-09-24,Pending,61.2
73500035-5071-4923-9ae6-004b819bab05,C00701,Technical,Medium,2025-09-24,Pending,57.9
7f337abf-ac03-4d01-ac03-ca00391473c7,C00724,Network,Medium,2025-09-24,Resolved,48.7
8d5a9e8d-cc20-42af-bc79-0fffaa7e86f0,C00187,Technical,Low,2025-09-24,Resolved,42.5
fef9b10b-4f36-4e79-86b8-2a3d7a197bbb,C00465,Network,Low,2025-09-24,Pending,52.2
09f82ed3-ad5c-4b51-8e7c-39c2fdb1080f,C00102,Technical,High,2025-09-24,Open,10.1
0e89bc5f-35e4-4ef6-b184-368cf48af1d5,C00153,Billing,Low,2025-09-24,Resolved,8.4
ce6e4938-190d-4681-ab80-2329a6f39cfe,C00676,Billing,Low,2025-09-24,Pending,15.7
634f589e-f511-46f4-b737-92bd7749de00,C00110,Billing,Medium,2025-09-24,Resolved,14.3
dc212415-a306-42fe-afa3-153cebd425cb,C00969,Billing,Low,2025-09-24,Resolved,29.8
a05cefa3-a454-4767-8689-d440a857bfab,C00591,Service,High,2025-09-24,Resolved,51.5
634db084-37c9-44dc-88db-a48782032ecd,C00898,Billing,Low,2025-09-24,Open,10.9
b72ac824-3286-4c32-b0d4-d1a6260b7370,C00747,Network,Low,2025-09-24,Open,61.8
3c7dea5f-037e-44db-8853-4f2b5250e4da,C00929,Billing,High,2025-09-24,Resolved,56.8
9aa0b64c-967e-4e7b-94e6-8bda68a721b5,C00537,Service,High,2025-09-24,Resolved,5.2
ae9f4772-5541-4f43-8de8-48d5f4351ab7,C00787,Service,Low,2025-09-24,Pending,60.0
1645864a-3965-477d-aff2-0b42ba612f2d,C00108,Network,Medium,2025-09-24,Open,70.9
d244bf37-ee00-4943-a363-ffd7f645fab6,C00999,Service,High,2025-09-24,Resolved,69.1
289b73ce-3210-4523-90a7-d6a76480a4f2,C00211,Technical,High,2025-09-24,Open,9.8
b5ffd964-abc4-4e1c-b1c1-4c7c504598f7,C00973,Billing,Medium,2025-09-24,Pending,40.3
73535551-9f81-4220-88e4-f2df1e6efe84,C00144,Technical,High,2025-09-24,Open,37.6
303950c0-0dba-43c3-b0a2-0005981fd1de,C00633,Network,Medium,2025-09-24,Open,27.4
7b69082f-4491-4d46-bee4-09a120c1ea7c,C00640,Network,Low,2025-09-24,Resolved,60.8
9cc48e9c-cace-410f-ac83-75b54ac1c505,C00309,Service,High,2025-09-24,Pending,39.7
b5da3a96-3e36-4dc5-95cd-0cb9088b9499,C00806,Network,High,2025-09-24,Open,15.0
73947e22-b1e2-440c-983c-b7cb5e3eb6ea,C00654,Service,High,2025-09-24,Resolved,64.0
26178762-fb61-4e63-a9ca-8e130aba10ff,C00824,Network,High,2025-09-24,Open,7.8
4060c2c4-7863-4078-9d11-5c12693c1915,C00813,Network,Medium,2025-09-24,Open,48.7
43f5c5f3-4f25-444b-b970-a4486b0861f2,C00589,Service,Medium,2025-09-24,Open,22.7
462b1275-9048-4468-9c46-876ccaffe132,C00376,Service,Medium,2025-09-24,Open,32.2
c416b278-1c74-4a36-a441-babdcc981235,C00500,Billing,Low,2025-09-24,Resolved,65.9
ed5b1d52-3fd0-4a2a-904f-da438d0f24a5,C00941,Service,Medium,2025-09-24,Pending,68.0
25c0eac3-a286-4f80-b4e0-958b17ded331,C00532,Network,Low,2025-09-24,Resolved,40.2
03a72479-c923-47a7-817d-bbdbbb7fd088,C00104,Billing,High,2025-09-24,Open,48.4
bc253805-7006-44a7-8798-0ab9532e76cc,C00831,Network,High,2025-09-24,Pending,54.0
de8aadf1-2b3a-47bf-a760-d682e7f7ebfa,C00530,Service,Low,2025-09-24,Open,52.8
3ca28c66-a62b-474f-8a80-4fd5fa7a07d7,C00548,Service,Medium,2025-09-24,Resolved,43.0
62de3811-5d5b-4543-86c3-1d4da1dfc05c,C00567,Network,Medium,2025-09-24,Pending,35.5
5a4a9f63-b1e9-4c4b-8eb5-848f6b53ba4e,C00363,Network,Medium,2025-09-24,Open,71.4
5ef87075-41b5-4e5b-afd2-c655011e747b,C00437,Service,Low,2025-09-24,Resolved,63.8
94a451d7-5711-4854-b088-2b40cfaff2cb,C00827,Network,Low,2025-09-24,Pending,3.4
3655c0ac-686b-497f-b832-cee9204612c0,C00791,Billing,Medium,2025-09-24,Resolved,30.5
7f98638d-7fed-4e8a-81b1-a6056dbf8a01,C00914,Technical,Low,2025-09-24,Pending,64.2
ac12f441-cd50-483a-9b10-25a389f78cf7,C00715,Technical,Low,2025-09-24,Open,7.4
a56b22a2-3b6a-4a85-b765-2bf7cb286bab,C00587,Billing,High,2025-09-24,Resolved,50.5
3112585d-fc75-4dd6-9b9a-770768f1fe4e,C00107,Service,Medium,2025-09-24,Pending,16.6
ada9ee55-434a-44ac-8fcc-a5cc99c1510c,C00610,Network,Medium,2025-09-24,Open,52.6
2d8dafc0-8501-42e2-877b-bb90090db92f,C00862,Network,Medium,2025-09-24,Pending,5.1
90c8e07d-667a-4b94-be83-a8f0d326bcb2,C00500,Technical,High,2025-09-24,Open,70.0
d5cc22ca-d1d2-4d82-bba9-38bca922f180,C00009,Network,Medium,2025-09-24,Pending,45.8
eddb870a-e3c9-482b-ac91-1671f5bb6837,C00217,Billing,Medium,2025-09-24,Open,58.6
2f0aff9d-af86-424e-b26b-0d7d2f09b22c,C00595,Network,Low,2025-09-24,Open,21.4
