task_id,employee_id,project_id,description,priority,status,due_date
T00001,E00218,P0145,Discover keep middle set cut.,Medium,Completed,2025-02-25
T00002,E00117,P0012,American generation occur television nearly fish.,Medium,Blocked,2025-01-14
T00003,E00075,P0057,Person raise audience suffer our wall.,Medium,Completed,2025-06-17
T00004,E00497,P0021,Agency similar something.,Low,In Progress,2025-03-02
T00005,E00419,P0063,They family executive ten executive cultural true.,Low,Completed,2025-09-05
T00006,E00004,P0185,Imagine buy child father scene pattern.,High,Open,2024-10-24
T00007,E00166,P0188,Claim stock not half.,Medium,Blocked,2024-12-02
T00008,E00354,P0117,Less it idea war.,Medium,Completed,2024-11-26
T00009,E00490,P0023,Sound attorney federal three small paper ahead.,High,Completed,2025-05-17
T00010,E00008,P0164,Bill case head thus able.,Low,Open,2024-10-31
T00011,E00233,P0119,Miss bad Congress agency the wind hotel lot.,High,Open,2025-08-31
T00012,E00491,P0093,Tell standard real war suffer.,Low,Completed,2025-08-19
T00013,E00484,P0005,Movement ok instead.,Medium,In Progress,2025-01-23
T00014,E00180,P0187,Same stuff strong owner attack also act.,High,Completed,2025-07-11
T00015,E00495,P0150,School evening recent south.,High,Completed,2024-10-16
T00016,E00309,P0044,Environment these find management.,Low,Blocked,2024-11-05
T00017,E00443,P0193,Though opportunity ground arm community.,Medium,Completed,2024-11-13
T00018,E00194,P0169,Future view hundred sort manager day.,Low,Open,2024-11-01
T00019,E00444,P0164,Room wait dream action above someone hundred rate.,Low,Open,2025-08-19
T00020,E00136,P0023,Mind who including smile foreign.,High,Completed,2024-12-30
T00021,E00388,P0166,Long about cell idea word idea participant between.,Medium,In Progress,2024-12-06
T00022,E00186,P0118,Single quite region stage.,High,Completed,2025-04-12
T00023,E00268,P0022,Help son oil toward short.,Low,In Progress,2025-02-08
T00024,E00002,P0036,Agree thank hospital guess miss medical trouble.,Medium,Open,2025-07-30
T00025,E00209,P0005,Quality this choose purpose.,Medium,Open,2025-08-31
T00026,E00434,P0083,Where really mean large personal manager.,High,In Progress,2025-05-22
T00027,E00278,P0002,Brother use likely walk.,Low,Open,2025-07-08
T00028,E00173,P0198,Apply season maintain deep able may.,High,In Progress,2025-03-10
T00029,E00025,P0068,Spring wall blood find model capital.,Medium,Blocked,2025-09-29
T00030,E00059,P0004,Technology piece respond animal again none.,Low,Open,2025-01-07
T00031,E00205,P0118,Both social when identify.,Medium,In Progress,2024-10-26
T00032,E00098,P0073,Try support house special week there much kid.,Low,Blocked,2025-08-14
T00033,E00109,P0082,Do despite own sit beyond light.,High,Completed,2025-09-23
T00034,E00267,P0007,First month you under cut pull just.,Medium,Open,2025-06-22
T00035,E00015,P0098,Challenge lose foot anyone know technology.,High,Completed,2024-11-27
T00036,E00197,P0168,Identify change father nearly moment face perform care.,High,In Progress,2025-02-12
T00037,E00459,P0041,Thousand office rich point.,High,Open,2025-06-20
T00038,E00204,P0032,Against economy condition what.,Low,Completed,2025-01-07
T00039,E00155,P0142,Night send thought information medical.,Low,Completed,2025-04-06
T00040,E00319,P0043,War hour exactly history mother free finally old.,Medium,Completed,2024-11-09
T00041,E00378,P0183,Last although democratic word suddenly office.,Low,Completed,2025-07-25
T00042,E00163,P0086,Particularly federal affect executive trade service bit.,Low,Blocked,2025-08-04
T00043,E00432,P0177,Section reveal compare result whether design argue agent.,Medium,In Progress,2025-06-13
T00044,E00040,P0071,Opportunity resource bill fight crime up only.,Medium,Completed,2025-02-26
T00045,E00407,P0027,Care standard other down.,High,Open,2025-06-14
T00046,E00169,P0014,Drug toward sometimes open.,Medium,Blocked,2025-04-15
T00047,E00252,P0185,Available international government only what begin both.,High,In Progress,2025-06-18
T00048,E00489,P0120,Ask agree late lot reflect after end.,Medium,Open,2025-04-30
T00049,E00417,P0068,Machine statement send exist.,Medium,Open,2025-01-12
T00050,E00426,P0126,Fish degree about follow environmental teacher.,Low,Blocked,2024-11-02
T00051,E00477,P0125,Town card war thus deep.,High,In Progress,2025-05-05
T00052,E00035,P0130,Maintain bit executive case.,Medium,In Progress,2025-07-26
T00053,E00225,P0099,Owner single medical its game month fight.,Medium,Blocked,2024-10-16
T00054,E00437,P0177,Couple visit score would television factor some.,Medium,Open,2025-07-07
T00055,E00402,P0077,All life for mind turn.,Low,Open,2025-01-20
T00056,E00301,P0013,Exactly also idea send suffer attention me.,Low,Open,2024-11-17
T00057,E00163,P0183,Nothing seat capital instead various.,Medium,In Progress,2024-10-07
T00058,E00219,P0161,Model or arrive save fast across.,Medium,Blocked,2025-07-23
T00059,E00048,P0130,Science his exactly energy hit.,Medium,Completed,2025-02-19
T00060,E00379,P0066,Prepare hard forward position.,Medium,Blocked,2025-06-02
T00061,E00124,P0083,Course move development anything.,High,In Progress,2025-05-30
T00062,E00455,P0172,Through wrong explain go my pretty small.,Low,Blocked,2025-02-16
T00063,E00396,P0030,General news physical whole floor travel design.,Medium,In Progress,2024-11-17
T00064,E00200,P0189,Trade save back tree down.,High,Completed,2024-12-26
T00065,E00125,P0098,Entire season carry and look past exactly TV.,Medium,In Progress,2024-11-18
T00066,E00289,P0065,Development reality people.,High,In Progress,2025-08-23
T00067,E00249,P0061,Company any north down share vote garden knowledge.,High,Blocked,2025-03-31
T00068,E00490,P0158,Describe country middle well onto rather.,High,In Progress,2025-08-27
T00069,E00226,P0025,Heavy close world product.,Medium,Completed,2024-10-27
T00070,E00434,P0160,So group miss bit appear nation.,High,Open,2025-02-06
T00071,E00282,P0073,They movie hard.,Low,Blocked,2025-06-16
T00072,E00239,P0128,Wide will do rate effort.,High,Open,2025-09-25
T00073,E00453,P0113,Food turn growth political cup contain.,Medium,Blocked,2025-04-03
T00074,E00494,P0199,Commercial line Congress guess yes reality.,Low,Completed,2025-01-17
T00075,E00494,P0192,Somebody perhaps attention knowledge daughter science former.,High,Completed,2025-08-07
T00076,E00031,P0053,President space loss several.,High,Blocked,2025-07-11
T00077,E00339,P0073,Mind kind possible expert tough.,Low,Open,2025-02-13
T00078,E00449,P0087,Which quality public history air.,High,Open,2025-07-24
T00079,E00166,P0128,Necessary again into people do try information.,Low,Blocked,2025-04-04
T00080,E00497,P0153,Provide audience husband close.,Low,Blocked,2025-08-01
T00081,E00039,P0052,Your clear start suddenly.,Medium,In Progress,2025-05-04
T00082,E00497,P0068,Serious energy professor government smile find loss interest.,Medium,In Progress,2025-05-11
T00083,E00388,P0146,System city decade three explain our.,Medium,Blocked,2025-05-22
T00084,E00179,P0105,Age growth morning boy green move range.,High,Completed,2025-07-25
T00085,E00196,P0126,From director style theory figure process various.,Low,Blocked,2024-12-18
T00086,E00374,P0194,Idea watch argue inside.,High,Completed,2024-10-05
T00087,E00449,P0137,Money job safe choice.,High,Open,2025-07-06
T00088,E00430,P0187,By newspaper role.,High,Completed,2025-05-19
T00089,E00079,P0129,Skin school money church main dark begin.,Medium,Open,2025-05-08
T00090,E00429,P0176,Financial seat fund weight operation walk.,Low,In Progress,2025-07-01
T00091,E00070,P0014,Fight until method these participant against shoulder.,High,In Progress,2024-11-01
T00092,E00166,P0038,Lay material system see business media.,Low,In Progress,2025-08-28
T00093,E00026,P0134,Discover college offer improve.,High,In Progress,2025-07-17
T00094,E00431,P0166,Light accept report after instead.,High,Open,2025-07-06
T00095,E00161,P0091,Body smile sister care particular I.,High,Blocked,2025-06-15
T00096,E00005,P0063,Political six ok security her.,High,Completed,2025-05-30
T00097,E00030,P0094,Investment music large.,Medium,Blocked,2024-11-19
T00098,E00353,P0012,Someone cause tonight address between.,Low,Open,2024-10-18
T00099,E00217,P0003,Environment peace even listen series attack.,Low,Completed,2024-10-22
T00100,E00239,P0152,Night white share gas serve technology.,High,Completed,2025-05-16
T00101,E00087,P0071,Should along teach return old behavior focus.,Low,In Progress,2025-06-02
T00102,E00303,P0160,Your dark suddenly consumer bar.,High,Blocked,2024-11-06
T00103,E00137,P0014,Suggest recent current Mr.,High,Open,2024-12-16
T00104,E00128,P0186,Manager another term sign give.,Medium,In Progress,2024-10-26
T00105,E00099,P0039,Rock blood maybe bar force character between.,High,Blocked,2025-04-24
T00106,E00143,P0079,Likely shake wind full themselves.,Low,Completed,2024-10-23
T00107,E00371,P0069,End else senior fund television report.,Medium,Blocked,2024-10-17
T00108,E00415,P0093,Claim prevent single attorney would strong record worker.,Medium,Completed,2025-07-01
T00109,E00396,P0138,Sense believe popular expert seek simple.,Low,Completed,2025-09-30
T00110,E00388,P0167,Data five night experience.,Medium,Blocked,2025-08-24
T00111,E00230,P0139,Them budget guess study ball and.,Medium,Blocked,2025-01-04
T00112,E00486,P0043,From region whose executive like kind next land.,Low,In Progress,2025-09-13
T00113,E00251,P0072,Receive prove room first.,Low,Completed,2025-04-11
T00114,E00088,P0104,Training design instead yard.,Low,Open,2025-02-16
T00115,E00349,P0152,Example include board morning federal.,Low,Completed,2025-08-30
T00116,E00378,P0148,Decision season serve.,Medium,Open,2025-03-21
T00117,E00192,P0060,Never yeah loss.,Low,Completed,2024-10-25
T00118,E00224,P0103,Again truth seek benefit trouble.,Low,In Progress,2025-03-15
T00119,E00495,P0072,Growth world bank bag.,High,Open,2025-10-01
T00120,E00322,P0002,Feel true stock standard value firm education.,Low,Open,2025-01-22
T00121,E00211,P0095,History try camera.,Medium,Completed,2025-07-01
T00122,E00393,P0001,Industry expect sound artist feel.,Medium,Open,2024-10-17
T00123,E00170,P0114,Gun cover he act.,Medium,Completed,2025-03-07
T00124,E00133,P0183,Walk account finally because.,Medium,Open,2024-11-29
T00125,E00458,P0102,Wait middle set throw surface.,Medium,Completed,2025-08-08
T00126,E00188,P0155,Current clearly consumer key personal street open though.,High,Blocked,2024-11-17
T00127,E00348,P0097,Actually unit room.,Medium,Open,2025-05-12
T00128,E00254,P0016,Daughter anyone assume left.,Medium,Open,2024-12-20
T00129,E00147,P0195,Raise writer kid.,High,Completed,2025-05-17
T00130,E00443,P0068,Put write kitchen first unit event in woman.,Medium,Completed,2024-12-13
T00131,E00173,P0083,Position thought vote be adult significant.,High,Blocked,2025-01-29
T00132,E00287,P0114,American food price hour.,Low,In Progress,2025-01-07
T00133,E00049,P0158,Early finally church necessary where trouble return.,Medium,Open,2025-03-19
T00134,E00303,P0173,Watch wonder federal high nearly.,Low,Open,2025-05-23
T00135,E00282,P0074,Mean business stop history know.,Medium,Open,2025-06-03
T00136,E00470,P0044,Civil country blue consider own.,High,Blocked,2025-04-14
T00137,E00083,P0028,Itself mouth method left kid sometimes drop camera.,High,In Progress,2025-01-21
T00138,E00398,P0163,Position institution marriage fire other wrong big.,Medium,Open,2024-12-23
T00139,E00190,P0200,Cut event down worry again beautiful speech.,Low,Open,2024-11-16
T00140,E00396,P0041,No hospital drug like.,High,In Progress,2025-07-24
T00141,E00472,P0064,Candidate while home face partner.,High,Open,2025-01-07
T00142,E00393,P0106,Type throughout too writer.,Low,Completed,2025-09-17
T00143,E00279,P0170,Wish home begin phone choose agency.,Medium,In Progress,2024-12-02
T00144,E00174,P0156,Attention few put debate cost owner yet.,High,Completed,2025-09-11
T00145,E00360,P0020,Pay too word the.,High,Open,2024-10-08
T00146,E00006,P0111,Report sort everything none season note.,Medium,Blocked,2025-03-06
T00147,E00070,P0127,Force goal article statement set above end business.,Low,Open,2025-09-27
T00148,E00440,P0113,Still soldier American past owner.,Low,Open,2024-12-28
T00149,E00499,P0052,Decide yard education skill pass sister admit call.,Medium,Open,2025-07-26
T00150,E00202,P0105,Serious admit sure challenge right production.,High,Open,2025-01-16
T00151,E00251,P0021,Quickly any many expect operation news discussion.,High,Open,2025-08-10
T00152,E00375,P0197,Challenge strategy condition film produce message clear single.,High,In Progress,2025-03-13
T00153,E00296,P0006,According issue democratic ground future process.,Low,Open,2025-04-24
T00154,E00293,P0120,Stock morning deal beautiful yes wall.,Low,In Progress,2025-01-20
T00155,E00099,P0156,Station then project happen page more.,High,Blocked,2024-11-11
T00156,E00496,P0082,Somebody him American sing consumer key.,Low,Blocked,2025-08-12
T00157,E00117,P0016,Usually after southern way.,Low,Open,2025-08-20
T00158,E00057,P0185,Raise this when chance.,Low,Completed,2025-01-05
T00159,E00163,P0124,Perform statement force check when.,Medium,Open,2025-07-31
T00160,E00403,P0144,Continue investment hot finally statement.,High,In Progress,2025-04-28
T00161,E00149,P0158,National project something best couple laugh here sea.,Low,Blocked,2024-12-21
T00162,E00318,P0052,Mission fly involve Democrat center participant but.,High,Completed,2025-04-06
T00163,E00336,P0146,Decade thing describe set exactly another.,Low,Blocked,2025-09-11
T00164,E00466,P0095,Bar west father may hundred hotel himself.,Medium,In Progress,2024-10-15
T00165,E00382,P0007,Catch old yes political conference hot among.,Low,Completed,2025-06-12
T00166,E00171,P0053,Play west American land relationship industry meet himself.,Low,Open,2025-05-02
T00167,E00146,P0094,Each citizen rock kitchen less expert.,Medium,In Progress,2025-07-27
T00168,E00440,P0177,Young development task wrong home specific bank.,High,In Progress,2025-05-28
T00169,E00378,P0036,Concern American behind conference friend budget interview.,Low,Open,2025-09-11
T00170,E00016,P0015,Anything important theory wrong wrong direction child.,Medium,Open,2025-01-06
T00171,E00454,P0183,Manage bar environmental.,High,In Progress,2024-12-29
T00172,E00409,P0130,Produce game check production my find.,Medium,Open,2025-06-26
T00173,E00388,P0038,Town finally professional plan message.,Low,Open,2025-08-31
T00174,E00481,P0117,Age east accept authority fact.,High,In Progress,2025-09-26
T00175,E00414,P0147,Up budget other cause.,High,Completed,2024-12-30
T00176,E00008,P0019,Measure kind phone race everybody weight almost.,Medium,In Progress,2024-10-20
T00177,E00309,P0030,Artist his raise trial.,Low,In Progress,2025-01-24
T00178,E00456,P0002,News capital wrong though section pressure property.,High,Completed,2025-03-08
T00179,E00453,P0068,American the almost agree prevent decision fund.,Low,In Progress,2025-01-10
T00180,E00385,P0096,Suddenly here north behind film.,High,In Progress,2025-05-05
T00181,E00289,P0129,None his control bank everyone popular suffer.,Medium,Completed,2025-09-14
T00182,E00390,P0174,North raise top would leader little new player.,Medium,Blocked,2025-04-03
T00183,E00011,P0134,Six think base live.,Low,In Progress,2025-08-18
T00184,E00150,P0034,Best training word.,Low,Blocked,2025-02-10
T00185,E00188,P0136,Turn college professor what hope choice still.,Medium,Open,2025-10-04
T00186,E00195,P0106,Other look body interesting evening.,Medium,Open,2024-10-09
T00187,E00145,P0187,Later hot gun expect drop focus.,High,Completed,2025-05-19
T00188,E00482,P0107,Summer need first despite.,High,Open,2025-06-18
T00189,E00165,P0014,Style food could together lot.,Low,Completed,2025-06-04
T00190,E00082,P0037,Reveal none food leave themselves.,Medium,Open,2025-07-07
T00191,E00399,P0179,Group consumer community son possible explain there book.,Medium,In Progress,2025-07-09
T00192,E00185,P0084,Only prevent matter trial.,Medium,In Progress,2025-06-12
T00193,E00343,P0070,Last collection professor claim open election.,Medium,Blocked,2024-10-30
T00194,E00295,P0091,Fast the win administration eye minute under.,High,Completed,2025-09-27
T00195,E00397,P0148,Cause open since something heart kitchen on minute.,Medium,In Progress,2025-05-18
T00196,E00005,P0055,This off notice section strategy.,High,Blocked,2025-08-12
T00197,E00158,P0091,Own the she thought might air.,Low,Completed,2025-02-13
T00198,E00024,P0074,Wait morning education small thank hotel big.,Low,Open,2025-01-18
T00199,E00156,P0082,Member decision similar blue style carry.,Low,Open,2025-08-31
T00200,E00462,P0091,Career this find whether sign adult.,High,Open,2025-04-16
T00201,E00499,P0191,Pattern deep different.,High,In Progress,2025-02-08
T00202,E00120,P0002,Say goal society civil.,Low,Open,2025-03-25
T00203,E00207,P0062,Worker consumer skill own card democratic goal drive.,Low,Completed,2024-12-17
T00204,E00450,P0048,Apply beyond star section realize.,High,Open,2025-01-14
T00205,E00391,P0155,Middle have risk remain great know.,High,Open,2024-10-14
T00206,E00356,P0024,Real get movie true back.,Medium,Completed,2025-09-19
T00207,E00402,P0049,Office ever citizen food personal decade be.,High,Completed,2024-11-09
T00208,E00305,P0017,Start vote edge contain.,High,Open,2025-01-13
T00209,E00200,P0009,Few ball kid agency middle name although media.,Medium,Completed,2024-12-06
T00210,E00325,P0090,Treatment on past wind herself.,Low,Open,2025-03-24
T00211,E00442,P0200,Owner which bad risk detail.,Low,In Progress,2025-07-07
T00212,E00004,P0040,Entire success financial impact.,Medium,Open,2024-11-15
T00213,E00412,P0169,Message turn natural control different term cost.,Medium,Open,2025-04-17
T00214,E00367,P0077,Shoulder economic watch describe commercial.,High,Blocked,2025-02-21
T00215,E00338,P0069,Environment experience next range relate ready.,High,Completed,2025-03-31
T00216,E00353,P0124,Part message cell former recognize their language.,Low,Open,2025-02-26
T00217,E00448,P0163,Mean consumer yeah somebody top film.,Medium,Completed,2025-05-17
T00218,E00085,P0093,Deal community company leg.,Medium,In Progress,2025-04-23
T00219,E00265,P0036,Include end begin girl bar talk capital.,Low,Open,2025-08-09
T00220,E00379,P0168,Order which include piece listen support past.,High,Completed,2025-01-24
T00221,E00267,P0099,Whole find far magazine field.,High,Open,2025-09-20
T00222,E00027,P0122,Look like number call agency.,High,Blocked,2025-06-17
T00223,E00498,P0061,Main summer field owner.,Medium,Blocked,2024-10-28
T00224,E00010,P0041,Student animal it everything reveal yet speak.,High,In Progress,2024-12-25
T00225,E00010,P0087,Begin month mouth picture should attention mention stop.,Medium,Blocked,2025-01-29
T00226,E00368,P0106,Education especially throughout blood can general.,High,Completed,2025-07-09
T00227,E00007,P0122,Security thousand police.,High,Blocked,2025-07-27
T00228,E00193,P0157,Finally agreement tree key around should where allow.,Medium,In Progress,2025-05-31
T00229,E00350,P0035,Beat similar knowledge kitchen represent cultural age.,Medium,Completed,2025-08-04
T00230,E00081,P0043,Gas true character travel kitchen stuff.,Medium,Blocked,2025-06-06
T00231,E00179,P0085,Why goal message better after.,High,Blocked,2025-03-18
T00232,E00022,P0015,Draw move gun.,Low,Blocked,2025-03-04
T00233,E00253,P0088,Western ball service speak pay line.,Low,Completed,2025-08-10
T00234,E00180,P0162,Write stuff also.,High,Blocked,2025-08-21
T00235,E00122,P0179,Social nature financial mind along give clear anyone.,High,Completed,2025-07-24
T00236,E00436,P0160,True view election authority.,Medium,Open,2025-08-02
T00237,E00498,P0066,Above bill nothing contain move head.,Medium,In Progress,2024-10-21
T00238,E00183,P0028,Simply nothing moment myself me imagine forget gun.,Medium,In Progress,2025-03-02
T00239,E00370,P0136,West measure good area church.,Medium,In Progress,2025-06-16
T00240,E00427,P0197,Rate hope develop although produce ability.,High,Open,2025-07-18
T00241,E00448,P0179,Move push school themselves she law.,High,Open,2025-03-25
T00242,E00209,P0128,Card official exist newspaper knowledge.,Medium,In Progress,2024-12-15
T00243,E00393,P0100,Possible realize bank green space book effort.,High,In Progress,2025-07-07
T00244,E00152,P0166,Way week store remain great administration.,High,Completed,2025-08-26
T00245,E00214,P0065,Mouth social truth.,Medium,In Progress,2025-05-16
T00246,E00174,P0174,Say leave whom environment.,High,In Progress,2025-06-14
T00247,E00290,P0159,Husband bank across outside memory senior.,Medium,Open,2025-04-08
T00248,E00073,P0118,Bit each include easy.,Low,In Progress,2025-06-02
T00249,E00470,P0009,Compare perhaps break certainly almost effect.,High,In Progress,2024-10-20
T00250,E00333,P0029,According team just able experience him month.,Low,In Progress,2025-01-07
T00251,E00099,P0014,Already its case energy seven worker one either.,Medium,Blocked,2024-10-30
T00252,E00496,P0111,Save nice production front.,Low,Open,2025-06-11
T00253,E00438,P0023,Individual down yeah reflect.,High,Completed,2025-07-31
T00254,E00377,P0099,Region tend fear necessary say itself indeed.,Medium,Completed,2024-10-08
T00255,E00387,P0155,Someone would reality gun.,Low,Blocked,2025-09-11
T00256,E00103,P0075,Threat simple air reality can reality thousand.,Low,Open,2025-02-09
T00257,E00042,P0138,Image growth not professional different structure.,High,Completed,2024-11-22
T00258,E00457,P0141,Look structure account development wear population.,High,Blocked,2025-09-25
T00259,E00144,P0059,Environmental month feeling area.,Medium,Open,2025-03-28
T00260,E00444,P0073,Theory today six child.,Medium,Open,2025-01-28
T00261,E00201,P0004,Feel society leg.,High,Completed,2024-12-29
T00262,E00215,P0171,Keep hundred cost per Democrat computer.,High,Completed,2025-04-16
T00263,E00286,P0022,Out bill when standard.,Medium,Completed,2025-05-15
T00264,E00060,P0106,Room owner feeling wide tree ever public.,High,Open,2025-05-19
T00265,E00382,P0047,Message economy audience receive race feeling.,High,Blocked,2025-03-15
T00266,E00431,P0017,Involve either give line whatever every store.,Low,In Progress,2024-12-13
T00267,E00251,P0043,Magazine push add wear item film head.,High,In Progress,2025-07-10
T00268,E00174,P0074,Who natural level actually.,Medium,Open,2024-11-25
T00269,E00482,P0176,Miss minute ready recognize floor boy control.,Medium,Open,2025-04-11
T00270,E00090,P0034,Stuff would seek similar.,Medium,In Progress,2025-09-13
T00271,E00313,P0150,Offer out world among.,Low,In Progress,2025-09-06
T00272,E00241,P0141,Technology significant half land history hand big.,High,Open,2024-10-27
T00273,E00471,P0071,Oil central no few political game buy.,Low,Completed,2025-06-20
T00274,E00152,P0200,Future card thought prepare deal arrive.,High,Open,2025-05-03
T00275,E00066,P0008,This but bill hard.,Low,Blocked,2025-03-23
T00276,E00230,P0181,Doctor read argue really.,Medium,In Progress,2024-12-25
T00277,E00057,P0151,Care hair crime.,Medium,In Progress,2025-01-05
T00278,E00394,P0101,Serve almost simple read public.,Low,Open,2025-03-18
T00279,E00432,P0195,Site detail media cover.,Medium,Blocked,2024-11-15
T00280,E00456,P0176,Here thus these fish.,Medium,Blocked,2025-03-06
T00281,E00143,P0153,Decade certain major TV the.,Low,Blocked,2024-12-18
T00282,E00382,P0121,Compare room personal cup mind help build.,Low,Blocked,2024-12-15
T00283,E00151,P0198,Identify staff follow high pretty.,High,In Progress,2025-03-23
T00284,E00024,P0102,Ability may everybody support.,Low,In Progress,2025-08-21
T00285,E00183,P0026,Science senior modern stop.,Medium,In Progress,2025-08-29
T00286,E00165,P0167,Push institution magazine almost.,High,Blocked,2025-06-11
T00287,E00439,P0033,Perhaps soon heart effect human.,High,In Progress,2025-04-24
T00288,E00376,P0166,Employee usually fine most finish deal.,High,Completed,2025-06-29
T00289,E00223,P0185,Art state fall themselves himself state.,Medium,Blocked,2025-03-06
T00290,E00488,P0067,Rock school gun challenge especially nature vote.,Medium,In Progress,2025-06-05
T00291,E00495,P0059,Education high man month you long.,Medium,Completed,2024-11-24
T00292,E00041,P0029,At instead her process test end leave.,High,In Progress,2025-07-19
T00293,E00224,P0105,Where human real local.,Medium,Open,2025-06-26
T00294,E00119,P0009,During edge stage less other.,Medium,Open,2025-05-14
T00295,E00388,P0055,Mrs especially return woman star staff.,Low,Blocked,2025-02-01
T00296,E00033,P0069,Seem us crime catch source government garden story.,High,Open,2024-10-05
T00297,E00381,P0108,Control win issue interesting sign lawyer here.,High,Blocked,2025-09-26
T00298,E00015,P0111,Other around military beautiful.,Medium,In Progress,2025-04-27
T00299,E00145,P0014,Be improve old daughter point product first arm.,Low,In Progress,2025-06-12
T00300,E00410,P0146,Cut avoid Mrs network recently suggest.,High,Blocked,2025-01-22
T00301,E00191,P0189,Build husband research feeling of use.,Medium,Completed,2025-07-23
T00302,E00126,P0034,Program water source off.,Medium,Open,2025-04-13
T00303,E00487,P0011,Certainly before especially figure enough church each.,Medium,In Progress,2024-12-13
T00304,E00352,P0191,General enjoy huge stage together hold at.,Medium,In Progress,2025-03-24
T00305,E00215,P0189,Computer paper subject.,Medium,Blocked,2024-11-09
T00306,E00110,P0068,Discussion different we.,Medium,In Progress,2025-06-26
T00307,E00192,P0123,Wait those knowledge group base.,Low,Completed,2025-01-14
T00308,E00223,P0105,Most him hot group least.,High,Open,2025-05-24
T00309,E00183,P0004,Teacher role wrong network.,High,Completed,2025-02-15
T00310,E00380,P0120,Impact be involve work common night already cup.,Low,Open,2025-07-28
T00311,E00012,P0183,Land grow she with different world open.,High,Open,2025-04-14
T00312,E00152,P0036,Writer international someone.,High,Completed,2025-02-10
T00313,E00035,P0148,Model manage yard big go could accept.,Medium,Blocked,2025-09-13
T00314,E00051,P0147,Best without old eight.,High,Open,2025-01-22
T00315,E00122,P0200,Home drop nor.,Medium,Completed,2025-05-29
T00316,E00104,P0011,Event politics management theory author race.,Low,Open,2024-11-27
T00317,E00105,P0010,Theory ground wear home.,Medium,Open,2025-07-08
T00318,E00368,P0045,Base difference board hit behavior born.,Medium,Open,2025-02-26
T00319,E00315,P0025,Race option different receive.,Low,In Progress,2025-07-27
T00320,E00303,P0046,Light sometimes challenge add.,Medium,Open,2024-11-27
T00321,E00360,P0189,Develop computer choose age parent modern art.,Medium,Blocked,2025-01-18
T00322,E00056,P0169,Citizen picture religious station east.,Low,Completed,2024-12-02
T00323,E00297,P0164,In various present detail still forget feel prepare.,High,In Progress,2025-04-15
T00324,E00078,P0137,Take pass institution difference.,High,Blocked,2024-12-22
T00325,E00388,P0061,Husband put write trial address.,Low,In Progress,2025-04-29
T00326,E00320,P0040,Movement discussion common these since.,High,Open,2024-10-27
T00327,E00409,P0197,Hair price at five thing explain.,Low,In Progress,2025-08-21
T00328,E00082,P0029,Process establish matter many.,Low,Completed,2025-09-06
T00329,E00298,P0039,Reflect low hear risk machine.,High,Blocked,2025-09-22
T00330,E00131,P0194,Chair as debate consumer participant join camera member.,Medium,Open,2025-03-12
T00331,E00328,P0164,Particularly morning goal question.,Low,Blocked,2025-02-27
T00332,E00092,P0027,Be hold within American.,High,Open,2025-08-07
T00333,E00219,P0185,Well down produce bag win minute subject important.,Low,Open,2025-09-22
T00334,E00409,P0017,Current exist nature level view development though.,High,In Progress,2025-08-15
T00335,E00437,P0072,Actually natural bad majority deal number court because.,Low,Open,2025-03-16
T00336,E00180,P0141,Effort reduce treat clearly shake fish.,High,Completed,2025-04-23
T00337,E00147,P0028,Rather everybody leader suggest Congress material.,High,In Progress,2024-11-06
T00338,E00134,P0027,Building put democratic enjoy deep partner.,High,Open,2025-07-31
T00339,E00099,P0124,Shake road much decide game well.,Medium,In Progress,2025-02-20
T00340,E00310,P0097,Say knowledge behind writer cost expert.,Medium,Blocked,2025-01-31
T00341,E00140,P0138,Professional yard something let body start live.,Low,In Progress,2024-12-23
T00342,E00160,P0086,Arm trial magazine assume boy special family all.,High,Blocked,2025-01-02
T00343,E00205,P0149,To as late long one above stand.,Medium,Completed,2024-12-07
T00344,E00263,P0025,Commercial laugh car glass pressure.,Medium,Blocked,2025-08-17
T00345,E00044,P0113,Strong candidate expert too size.,High,Blocked,2025-07-23
T00346,E00070,P0134,Church both them serve color usually part.,Medium,Blocked,2025-07-22
T00347,E00010,P0168,Nature cell message third line month team good.,Low,Blocked,2025-04-14
T00348,E00070,P0046,Hope above of staff goal.,High,Open,2025-07-31
T00349,E00034,P0132,Treat issue then TV page build.,High,Open,2024-10-20
T00350,E00240,P0088,Final step but couple body.,Low,Completed,2024-10-21
T00351,E00248,P0158,According step huge return always smile.,Medium,Blocked,2025-02-13
T00352,E00134,P0043,Put later fill arm yet.,Medium,In Progress,2024-11-21
T00353,E00119,P0094,Rest night never assume.,Low,Open,2025-04-22
T00354,E00234,P0063,Town thank season room federal night.,High,In Progress,2025-02-23
T00355,E00455,P0034,Practice fill maybe level grow model traditional.,Medium,In Progress,2025-03-26
T00356,E00093,P0150,Material career home space newspaper hit.,Medium,Blocked,2025-08-13
T00357,E00274,P0143,Picture act alone practice director source.,Low,Open,2025-05-14
T00358,E00413,P0034,Almost stuff out rate price stage number.,Medium,In Progress,2024-12-03
T00359,E00410,P0124,Require health son kid.,Low,Completed,2025-09-24
T00360,E00422,P0126,Food owner nice at.,Medium,In Progress,2025-04-29
T00361,E00256,P0086,Professional actually cover four expect.,High,Blocked,2025-08-30
T00362,E00279,P0076,Officer feel outside blue image mother run.,High,Blocked,2025-03-22
T00363,E00383,P0002,Again camera someone reality vote new.,High,Completed,2025-01-28
T00364,E00254,P0158,Choose she evidence cause increase generation owner main.,Medium,In Progress,2025-04-28
T00365,E00096,P0171,Father responsibility run style economy style natural.,Medium,In Progress,2025-03-31
T00366,E00350,P0005,Among American nature sit.,High,In Progress,2025-03-09
T00367,E00465,P0141,Music for professor those purpose option any.,Low,Open,2025-08-27
T00368,E00347,P0007,See artist on why compare.,Medium,Blocked,2024-10-09
T00369,E00068,P0005,Third stock west cost appear defense.,High,Open,2025-08-12
T00370,E00499,P0121,Our seem Congress eat.,Low,Blocked,2025-09-05
T00371,E00382,P0180,Look care responsibility.,High,In Progress,2025-03-09
T00372,E00393,P0156,Area reveal recently.,High,Blocked,2025-07-20
T00373,E00264,P0170,Wall administration social yeah take.,Low,Open,2025-08-07
T00374,E00128,P0187,Employee want near great attack usually million.,Low,Blocked,2025-05-02
T00375,E00285,P0178,Man fall benefit hand understand.,Medium,Blocked,2024-11-14
T00376,E00340,P0029,Line seem evidence could former interest available.,Low,Completed,2025-09-05
T00377,E00296,P0076,Down successful standard.,Low,In Progress,2025-09-07
T00378,E00106,P0184,Mind goal whom medical point indicate.,Medium,Open,2024-11-21
T00379,E00132,P0137,Affect performance plant.,High,In Progress,2025-05-31
T00380,E00227,P0133,Boy whether list too never do.,High,Open,2025-02-09
T00381,E00025,P0057,Card level and wonder.,High,In Progress,2025-04-14
T00382,E00119,P0136,Election east no bring imagine painting.,Medium,Blocked,2025-01-07
T00383,E00035,P0165,Change us both somebody pull per myself.,Medium,Open,2024-12-27
T00384,E00117,P0086,Success parent before response human.,High,Blocked,2024-11-28
T00385,E00174,P0074,Really pay relationship spring probably shoulder.,Low,Open,2024-11-27
T00386,E00373,P0135,Tough population family speech become nearly much director.,Medium,In Progress,2025-08-06
T00387,E00422,P0156,Dinner mother high show state science.,High,Blocked,2025-07-13
T00388,E00110,P0060,Itself first however possible half at.,High,In Progress,2025-04-10
T00389,E00003,P0191,Through behavior yard fire technology measure.,Medium,Open,2025-03-30
T00390,E00199,P0097,Mission director that.,High,Open,2024-11-15
T00391,E00339,P0110,Crime on of party.,Medium,In Progress,2025-04-15
T00392,E00088,P0130,Give catch personal street.,Low,Completed,2025-07-10
T00393,E00094,P0088,Run agency employee customer.,Low,Blocked,2025-02-25
T00394,E00455,P0044,Weight body least himself rate evening.,High,In Progress,2025-08-01
T00395,E00183,P0052,Idea set American simple health whom performance.,Low,Blocked,2024-10-07
T00396,E00048,P0010,Writer fill career site quite.,Low,Completed,2025-09-14
T00397,E00051,P0124,Pick health people should.,Low,Completed,2024-12-25
T00398,E00253,P0149,Politics feel pay finally word work stuff.,High,In Progress,2024-10-10
T00399,E00211,P0064,Tell dream course anything responsibility group.,High,Completed,2024-10-13
T00400,E00264,P0021,Prevent young move suggest pass.,High,Blocked,2025-01-07
T00401,E00448,P0025,Become bag soon score really.,Low,Open,2025-06-13
T00402,E00127,P0030,Expert size produce another choice.,High,Blocked,2024-10-27
T00403,E00460,P0156,Act detail look federal goal fast.,Medium,Blocked,2024-12-05
T00404,E00187,P0107,Reflect cost media any garden idea.,High,Open,2025-05-01
T00405,E00462,P0110,Court particular see himself nature sense analysis expect.,High,Completed,2024-10-21
T00406,E00213,P0011,Ask that open student campaign how.,Low,Completed,2025-01-12
T00407,E00473,P0174,If loss behind hit region every.,High,Blocked,2025-01-11
T00408,E00211,P0017,Policy nearly enough evidence price now.,Medium,In Progress,2024-10-22
T00409,E00499,P0041,Rock blue board year have.,High,Open,2025-04-19
T00410,E00469,P0078,For operation together establish model firm.,High,Open,2025-04-26
T00411,E00192,P0077,Class themselves smile daughter child.,High,In Progress,2025-06-06
T00412,E00199,P0094,But community possible gas property believe.,Medium,Completed,2024-11-07
T00413,E00022,P0165,Early crime once affect together.,Low,Completed,2025-05-27
T00414,E00066,P0177,White hold check in.,Medium,Blocked,2025-08-08
T00415,E00195,P0116,Maintain usually test happy allow class.,Low,In Progress,2024-12-04
T00416,E00144,P0190,Hotel local laugh inside on second.,Low,Completed,2025-04-22
T00417,E00003,P0068,Ahead turn two throughout remain throughout.,High,In Progress,2024-11-12
T00418,E00303,P0067,Lay weight true tax without popular career.,Low,Blocked,2025-07-05
T00419,E00154,P0016,Meeting them herself difference little view news him.,Medium,In Progress,2025-04-21
T00420,E00326,P0156,Rate single safe that early inside.,Low,Blocked,2025-01-17
T00421,E00348,P0018,Forget ahead traditional thing.,Medium,Open,2025-04-12
T00422,E00086,P0029,Modern tax well eye evidence plant Democrat before.,Low,In Progress,2025-03-06
T00423,E00264,P0033,Standard wish imagine moment.,Low,Completed,2025-03-27
T00424,E00020,P0126,Relate idea market among serious.,Medium,Blocked,2025-01-16
T00425,E00084,P0062,Believe article establish bring.,Medium,Blocked,2024-10-09
T00426,E00118,P0043,Affect heavy write right.,High,In Progress,2025-04-14
T00427,E00319,P0151,Whole at keep everything trip.,Low,Completed,2025-04-13
T00428,E00054,P0089,Environment group too election carry.,High,Open,2025-05-19
T00429,E00256,P0111,Heart share painting cold.,Low,In Progress,2025-02-27
T00430,E00320,P0112,Customer development easy through.,High,Completed,2025-07-26
T00431,E00263,P0182,Time power board apply research.,Medium,In Progress,2025-02-27
T00432,E00339,P0162,Foot believe guy raise training else.,Low,Completed,2025-04-17
T00433,E00115,P0026,Account blood teach light physical talk purpose.,High,Completed,2025-03-03
T00434,E00494,P0058,Spend time easy discover exist some seven.,Medium,Completed,2025-05-19
T00435,E00408,P0149,Set certainly may responsibility close star her.,Medium,Open,2025-03-07
T00436,E00079,P0112,Catch other health military eat.,Medium,Open,2025-09-24
T00437,E00074,P0100,Glass no state other.,Medium,Open,2024-11-16
T00438,E00440,P0071,Note official edge close art seem need.,High,In Progress,2025-03-20
T00439,E00465,P0089,That collection generation without.,High,Open,2025-04-04
T00440,E00103,P0097,Thought difference rich scene notice newspaper apply.,Low,Open,2025-08-21
T00441,E00210,P0093,Interesting mention speak machine tell best.,Medium,Completed,2025-07-18
T00442,E00425,P0014,Imagine media white course poor full talk.,Medium,Blocked,2025-05-14
T00443,E00423,P0034,Local amount education successful leader.,Low,In Progress,2025-06-08
T00444,E00311,P0074,Store visit return enjoy toward.,High,Blocked,2025-06-11
T00445,E00145,P0066,From create TV ask election.,Medium,Blocked,2025-09-24
T00446,E00298,P0163,Participant while range party behind bit.,Medium,Blocked,2024-12-05
T00447,E00188,P0042,One you vote toward produce eight.,Medium,Blocked,2025-08-18
T00448,E00156,P0174,Record likely matter investment open man.,High,In Progress,2025-06-23
T00449,E00449,P0036,Room together during remember term.,Low,Open,2024-10-04
T00450,E00097,P0069,Yeah concern do song fear.,High,In Progress,2025-05-02
T00451,E00101,P0166,Majority religious ready share station leave.,High,In Progress,2025-05-05
T00452,E00345,P0017,Summer measure social dream.,Medium,In Progress,2025-06-30
T00453,E00478,P0022,Ten billion probably minute imagine short simple share.,Medium,Blocked,2025-02-09
T00454,E00218,P0168,Serve cell fight concern particularly those.,High,Open,2025-09-07
T00455,E00128,P0154,Structure decision nature step recognize.,Low,In Progress,2025-05-15
T00456,E00133,P0034,Western not night technology allow difficult amount certain.,Low,Blocked,2025-01-05
T00457,E00203,P0112,That standard southern student watch agency.,High,Open,2025-04-29
T00458,E00254,P0156,Big reduce three.,Low,Completed,2024-12-28
T00459,E00058,P0144,Test else themselves.,Low,Blocked,2025-08-08
T00460,E00177,P0107,Democratic choose leave.,Low,Blocked,2024-10-07
T00461,E00360,P0146,On beat study analysis share watch summer.,Medium,Open,2025-08-12
T00462,E00134,P0067,Improve real his attention.,Low,Open,2024-12-22
T00463,E00041,P0144,Trip level note officer.,Low,Open,2025-04-11
T00464,E00145,P0110,Above image forward skin.,Low,Blocked,2025-03-31
T00465,E00205,P0116,Big full somebody sound international this hundred.,Low,Completed,2025-02-07
T00466,E00193,P0025,Story when whose customer.,Low,Blocked,2025-09-22
T00467,E00322,P0031,Administration add project though energy magazine.,Low,Completed,2025-02-17
T00468,E00127,P0033,Room drop begin such go base.,Low,In Progress,2025-01-16
T00469,E00228,P0087,Situation hair force wife article pick family toward.,Medium,Completed,2025-01-13
T00470,E00219,P0163,Employee teach religious professor hit similar even continue.,Medium,Completed,2025-08-26
T00471,E00326,P0078,Effect time part.,Medium,In Progress,2024-10-18
T00472,E00376,P0084,Including traditional remain rock.,High,In Progress,2025-08-27
T00473,E00066,P0105,Major thus research expect.,Low,Completed,2024-10-17
T00474,E00038,P0038,Operation nature attack newspaper.,Medium,Open,2025-05-06
T00475,E00232,P0161,Whom seat wrong anyone power.,High,Blocked,2025-02-20
T00476,E00087,P0061,Ask here TV.,Low,Blocked,2025-04-16
T00477,E00355,P0092,Stock relationship case.,High,Blocked,2024-12-06
T00478,E00056,P0022,Against six grow for nearly loss.,Medium,Blocked,2025-07-27
T00479,E00438,P0056,Health family five.,Medium,Blocked,2025-05-27
T00480,E00227,P0096,Fly time plant over.,High,Blocked,2025-09-16
T00481,E00444,P0187,Already majority paper themselves so.,Low,Open,2024-10-11
T00482,E00311,P0004,Anything PM night choice a tree key.,High,In Progress,2024-12-24
T00483,E00058,P0010,Final majority into short.,Medium,Completed,2025-03-06
T00484,E00215,P0003,Camera you effect thought protect.,High,Completed,2025-08-13
T00485,E00135,P0067,Between woman whom first onto no.,High,Completed,2025-09-26
T00486,E00444,P0062,Give training situation would heart idea second.,Medium,Completed,2024-11-15
T00487,E00416,P0153,Well watch then surface.,Medium,In Progress,2025-06-27
T00488,E00435,P0130,Way general agreement direction.,Low,Completed,2025-01-23
T00489,E00427,P0187,Despite himself pattern grow fund.,High,Open,2025-09-05
T00490,E00426,P0071,Beat say represent similar.,Low,Blocked,2025-06-24
T00491,E00170,P0190,Place poor table region without citizen.,High,Open,2025-03-03
T00492,E00278,P0172,Perhaps news thing there director tree member.,Medium,In Progress,2024-11-16
T00493,E00163,P0110,Important avoid member store station report.,Medium,Open,2024-12-25
T00494,E00284,P0107,Share try right generation tend house.,Medium,Blocked,2025-01-27
T00495,E00021,P0149,Build energy forward.,Medium,Completed,2025-06-12
T00496,E00301,P0199,Determine western mission campaign think read return.,Low,Blocked,2025-01-30
T00497,E00296,P0011,Interest TV high then.,High,Completed,2025-07-27
T00498,E00480,P0093,Wife reflect nearly service color paper eye home.,Medium,Blocked,2024-10-20
T00499,E00031,P0125,Glass several involve medical pressure.,Medium,Completed,2025-02-18
T00500,E00347,P0195,Today next direction find political style agency.,High,Blocked,2024-12-15
T00501,E00314,P0151,Side tree center important.,High,Open,2025-07-22
T00502,E00419,P0143,Exist beautiful growth your.,Medium,Open,2025-04-28
T00503,E00108,P0029,Travel market training outside what foreign fact develop.,High,In Progress,2024-12-16
T00504,E00197,P0115,Left travel man final.,Low,Blocked,2024-10-22
T00505,E00041,P0171,Crime likely reason.,High,Open,2025-04-16
T00506,E00297,P0188,Career pressure nation protect say simple thing young.,Medium,In Progress,2025-08-22
T00507,E00427,P0196,General child skin minute step two make arm.,High,Open,2024-12-01
T00508,E00138,P0124,Anything open important political rock majority.,Low,In Progress,2025-06-04
T00509,E00189,P0199,Arrive do build others.,Low,In Progress,2025-07-30
T00510,E00023,P0098,Now view you very sea American.,Medium,In Progress,2025-05-06
T00511,E00108,P0101,She heavy plant.,Medium,Blocked,2024-11-22
T00512,E00295,P0114,Reduce no forward take boy.,High,Completed,2024-10-11
T00513,E00258,P0154,Campaign matter point probably.,Low,In Progress,2025-08-19
T00514,E00266,P0084,Difficult once on better.,Medium,Open,2025-08-23
T00515,E00461,P0085,It behind size city song.,Low,Blocked,2025-06-27
T00516,E00067,P0065,Response hour still sign peace worker.,High,Completed,2025-02-16
T00517,E00408,P0072,Rock sing organization prove medical million represent.,Medium,Open,2025-01-03
T00518,E00034,P0030,Might wear especially see travel religious later.,Low,Open,2024-12-10
T00519,E00317,P0007,Challenge mind movement particularly.,High,Completed,2024-11-30
T00520,E00478,P0068,Only organization leg available behavior measure.,Low,Open,2025-02-14
T00521,E00118,P0095,Down such avoid yard friend large.,High,Completed,2024-11-19
T00522,E00430,P0197,Community reach lawyer poor get.,Low,Open,2025-01-05
T00523,E00271,P0049,Television attack nearly data area stuff hundred.,High,Completed,2024-11-11
T00524,E00277,P0171,Political nice another.,Medium,In Progress,2025-06-29
T00525,E00003,P0151,Budget to rock television employee.,Low,Blocked,2024-12-17
T00526,E00098,P0109,Food up page their suffer.,High,Open,2024-12-26
T00527,E00413,P0045,Water speech per law say research.,Medium,Blocked,2025-01-15
T00528,E00093,P0179,Doctor pay national.,High,In Progress,2025-02-28
T00529,E00044,P0174,Still nearly threat purpose short friend.,Low,Blocked,2025-08-17
T00530,E00213,P0136,He moment top subject fly all only.,Low,Open,2024-12-25
T00531,E00405,P0022,Purpose serve suddenly discover.,Medium,Completed,2025-07-04
T00532,E00403,P0171,Actually democratic travel return.,High,Blocked,2025-08-18
T00533,E00298,P0027,New member property good office present.,High,In Progress,2025-01-04
T00534,E00440,P0168,How response establish account seem happen offer.,Medium,Completed,2025-09-11
T00535,E00236,P0174,Person wonder challenge both unit mouth.,Low,Completed,2025-09-12
T00536,E00308,P0185,Standard already turn.,Medium,Blocked,2025-08-15
T00537,E00142,P0162,White early culture TV key glass.,Low,Completed,2025-04-30
T00538,E00358,P0094,Talk long south develop really piece process.,Medium,Open,2025-04-15
T00539,E00465,P0080,Course it attorney forward never ability.,High,Open,2025-07-11
T00540,E00013,P0153,After research follow deal.,High,Completed,2025-03-17
T00541,E00274,P0040,Teach quickly why the quickly sea others.,Medium,Blocked,2025-07-28
T00542,E00035,P0097,Light receive subject cell conference then.,Low,Open,2025-05-16
T00543,E00420,P0075,Message sense less senior religious spring.,Low,Blocked,2025-07-09
T00544,E00160,P0101,Help next able figure low information large which.,Medium,In Progress,2025-03-09
T00545,E00490,P0027,Event great its choice nation.,High,Open,2025-01-23
T00546,E00116,P0084,Message system draw chance book boy window enter.,Low,Open,2025-01-29
T00547,E00424,P0156,Happen those speak almost.,Low,Blocked,2025-08-31
T00548,E00014,P0030,Policy indeed build radio mission when.,High,Completed,2025-02-13
T00549,E00500,P0142,Skin professional room sometimes seek specific.,Medium,Completed,2025-05-20
T00550,E00331,P0083,Remember another radio responsibility item practice.,Medium,Blocked,2025-07-22
T00551,E00133,P0102,Themselves dark language performance.,Low,In Progress,2024-12-28
T00552,E00247,P0071,Get quality again last set pressure.,Medium,Completed,2025-06-25
T00553,E00336,P0057,When a itself staff.,High,Blocked,2025-08-11
T00554,E00164,P0124,Security story successful voice sister far improve.,Low,Blocked,2025-08-09
T00555,E00487,P0156,Tree from white hour.,Low,Blocked,2025-07-27
T00556,E00403,P0148,Six program foreign including Mr help indeed.,Medium,In Progress,2024-10-26
T00557,E00057,P0075,Measure collection anyone cultural go work laugh understand.,Low,In Progress,2024-12-02
T00558,E00151,P0077,Job bag my lose describe.,Low,Open,2025-02-21
T00559,E00368,P0017,Imagine ready government traditional to billion Mr.,Medium,Completed,2025-08-27
T00560,E00484,P0071,Trouble specific decide expert water.,Low,Completed,2025-06-13
T00561,E00226,P0163,Receive PM almost agree else.,Medium,Completed,2025-05-22
T00562,E00324,P0012,Southern a environment half less rather.,Low,In Progress,2025-02-09
T00563,E00078,P0144,Bad relationship bill picture people per indeed audience.,Medium,In Progress,2024-10-16
T00564,E00296,P0086,Interview speak dark career.,High,Completed,2025-08-15
T00565,E00142,P0027,Center civil big push every himself.,Medium,Completed,2025-09-24
T00566,E00121,P0168,Book conference onto amount present foot such life.,Low,Open,2025-03-27
T00567,E00033,P0071,Little too street travel include.,Low,In Progress,2025-09-28
T00568,E00413,P0003,Military thank run rock ask.,Medium,In Progress,2025-01-08
T00569,E00477,P0191,Nor I party save member rich visit red.,Medium,Open,2024-12-22
T00570,E00070,P0167,Body could medical age eye well.,Medium,In Progress,2025-04-15
T00571,E00448,P0079,Debate hope heavy.,Medium,Completed,2024-12-21
T00572,E00220,P0086,Baby learn American garden language record.,Medium,In Progress,2024-10-28
T00573,E00293,P0164,Movie base some on.,Medium,In Progress,2024-11-05
T00574,E00475,P0117,Record something deep child.,Medium,Blocked,2025-05-09
T00575,E00074,P0125,Large court reflect.,Low,Open,2024-10-12
T00576,E00424,P0188,Since while prepare green candidate leg read.,High,In Progress,2025-04-18
T00577,E00278,P0192,Ever little security responsibility speech idea.,High,Open,2025-09-24
T00578,E00412,P0108,Everybody this able.,High,In Progress,2025-07-19
T00579,E00473,P0035,Leader left under want.,Low,Open,2025-03-18
T00580,E00281,P0169,Job provide plant citizen fire rather that.,Low,Completed,2024-12-29
T00581,E00420,P0061,Security while animal protect beautiful none.,High,Open,2025-03-13
T00582,E00036,P0119,Remain thing lot entire feeling.,Medium,Open,2024-11-10
T00583,E00168,P0105,Pm single scene spring.,Medium,Completed,2025-06-25
T00584,E00328,P0186,Dream old floor.,Medium,In Progress,2025-05-11
T00585,E00024,P0129,Painting sit arrive red tend health.,Low,Blocked,2024-11-29
T00586,E00325,P0179,Poor south store else room coach.,Medium,In Progress,2025-05-22
T00587,E00043,P0191,Bed response professor participant teach father operation.,Medium,Blocked,2025-07-09
T00588,E00020,P0122,Well seven system.,High,In Progress,2024-12-14
T00589,E00431,P0062,Professional true performance side church role sister.,High,Blocked,2025-05-12
T00590,E00086,P0181,Choose already raise board outside on.,Low,In Progress,2024-10-24
T00591,E00084,P0131,Maintain who such ability central.,High,Open,2024-12-03
T00592,E00332,P0108,Power attack establish see low board.,Medium,In Progress,2025-01-22
T00593,E00351,P0109,Lay head scientist two best similar.,Low,Completed,2024-10-08
T00594,E00162,P0114,Whom need theory line method serious then.,Medium,In Progress,2025-07-27
T00595,E00182,P0015,Rock exist drive make trip.,Medium,Completed,2025-05-07
T00596,E00498,P0051,Toward guess really education personal unit.,Low,In Progress,2025-04-08
T00597,E00096,P0094,About mind make around two stop.,High,Blocked,2025-01-29
T00598,E00359,P0141,Hotel north really end.,Low,Open,2025-04-03
T00599,E00407,P0147,Quality office machine dog.,High,Open,2025-03-23
T00600,E00258,P0128,Money song wrong.,Low,Completed,2025-07-22
T00601,E00211,P0136,Perhaps arm professor well into water manage.,Low,Completed,2025-09-23
T00602,E00063,P0141,Sit as Mr world do expect media.,High,In Progress,2025-04-18
T00603,E00080,P0033,Mission process important really finish Republican themselves eat.,Medium,Completed,2024-10-18
T00604,E00308,P0014,Hear care certain language decade.,Medium,Blocked,2025-06-14
T00605,E00225,P0004,Sea computer future yet draw beat.,Medium,Blocked,2025-01-28
T00606,E00379,P0127,Medical institution raise word.,High,Open,2025-03-22
T00607,E00489,P0075,Could street growth list child owner or.,Low,Blocked,2025-07-06
T00608,E00363,P0181,Would staff police.,High,Open,2024-12-20
T00609,E00061,P0093,Foreign arrive particularly keep ball draw.,Medium,In Progress,2025-01-27
T00610,E00091,P0095,Model service with relationship power else network.,High,In Progress,2025-01-25
T00611,E00432,P0074,Same need kind man improve always way.,Low,Open,2025-03-22
T00612,E00047,P0055,Near seat key involve value.,Low,Blocked,2025-02-19
T00613,E00277,P0096,Environment political sing nature.,Low,Open,2025-03-26
T00614,E00384,P0130,Talk throughout eat just particularly include name.,Low,In Progress,2025-03-11
T00615,E00224,P0033,Natural most position without table local act.,Low,Blocked,2025-01-01
T00616,E00249,P0047,But our player toward identify seven near.,High,Completed,2025-08-27
T00617,E00200,P0007,Music describe stuff.,Medium,Blocked,2025-01-30
T00618,E00201,P0154,Seat remain order cause difference clearly.,High,Blocked,2024-12-04
T00619,E00263,P0075,Other no wonder artist answer.,Medium,Blocked,2025-03-14
T00620,E00374,P0067,May pay community old alone.,Medium,Open,2025-05-21
T00621,E00066,P0140,Return exactly college feel both with.,High,Blocked,2024-11-12
T00622,E00403,P0039,Law wonder certain short.,High,In Progress,2025-04-25
T00623,E00066,P0075,Building hot prevent feel enter woman.,Low,Completed,2025-09-07
T00624,E00389,P0147,Into experience ground current firm.,High,Blocked,2025-08-17
T00625,E00367,P0093,Spend since put debate.,Low,Completed,2025-09-27
T00626,E00183,P0134,I western especially less on truth system.,Low,In Progress,2025-07-31
T00627,E00098,P0067,Serve home once rich such that of.,High,Completed,2024-11-07
T00628,E00473,P0042,Agency seek a expert anyone what almost.,Low,Blocked,2025-02-03
T00629,E00036,P0155,Everyone financial various town.,Low,In Progress,2024-11-13
T00630,E00343,P0083,Fund consider fact campaign top send.,High,Blocked,2025-01-30
T00631,E00435,P0186,This minute nation type its.,Medium,Blocked,2025-02-23
T00632,E00026,P0144,Base pick owner his.,Medium,Completed,2024-12-25
T00633,E00426,P0155,Table player speech type professional.,High,Open,2024-11-30
T00634,E00352,P0192,Majority red serve.,Medium,Open,2024-11-07
T00635,E00306,P0007,Car TV majority claim provide now.,High,In Progress,2024-12-31
T00636,E00149,P0112,Plant sometimes medical guy.,Medium,Blocked,2025-02-10
T00637,E00370,P0024,Push not seat understand.,Low,Completed,2024-11-17
T00638,E00385,P0064,Message teacher by spring right economy.,Low,Blocked,2025-03-07
T00639,E00005,P0140,Past program former rich.,Medium,In Progress,2025-09-10
T00640,E00457,P0107,Outside ground how series she you really likely.,Medium,Completed,2025-08-20
T00641,E00475,P0139,Heavy while of condition order often.,High,Open,2025-09-02
T00642,E00287,P0049,Yeah space view firm industry success feeling order.,Medium,In Progress,2025-04-25
T00643,E00404,P0169,Do expert any company attention area military.,Low,Completed,2024-11-29
T00644,E00058,P0015,Room at never bit.,Low,Open,2025-01-23
T00645,E00372,P0100,Firm case education standard.,Low,Open,2025-09-29
T00646,E00052,P0171,Mother stand last war size.,Low,Open,2025-08-29
T00647,E00040,P0184,Upon his finally memory cup vote.,Low,Completed,2025-03-11
T00648,E00089,P0124,Weight first garden fine issue.,High,Completed,2025-08-29
T00649,E00498,P0197,Avoid edge teacher leader cold newspaper.,Medium,Completed,2025-03-25
T00650,E00313,P0156,Community response produce return guy.,Medium,In Progress,2024-11-03
T00651,E00161,P0145,Out poor summer or.,High,Open,2024-10-16
T00652,E00121,P0157,Open drop day outside down beautiful between.,Low,In Progress,2024-12-13
T00653,E00032,P0120,Offer our daughter example serious.,High,Blocked,2025-01-24
T00654,E00053,P0192,Money matter style city.,High,Blocked,2024-11-01
T00655,E00418,P0150,Family lay institution how dinner maybe challenge.,Low,Completed,2025-06-16
T00656,E00315,P0035,Few soon TV put.,Low,Completed,2025-09-23
T00657,E00481,P0073,Apply though four green director out.,Medium,In Progress,2025-04-27
T00658,E00132,P0049,Throw book more throw.,Medium,Completed,2025-01-18
T00659,E00401,P0080,Real staff avoid later soon.,Low,Completed,2025-09-30
T00660,E00371,P0100,Collection question against mention collection there.,High,Open,2025-01-14
T00661,E00043,P0053,Name certain thank serious.,Low,In Progress,2024-11-29
T00662,E00401,P0198,Responsibility meeting institution everyone factor product.,Low,In Progress,2025-05-08
T00663,E00330,P0023,Score case truth you tree.,High,Open,2024-10-14
T00664,E00324,P0173,Degree every realize.,High,Open,2025-08-06
T00665,E00042,P0197,Film present simple writer whom test shoulder seek.,Low,Completed,2025-05-24
T00666,E00206,P0101,Above election seem.,Medium,In Progress,2024-11-07
T00667,E00367,P0049,Staff per increase may forget create.,High,Completed,2024-12-05
T00668,E00258,P0115,Different choose mother design share.,Low,In Progress,2025-08-27
T00669,E00174,P0194,Story quality mention after serve radio.,Low,Open,2025-05-30
T00670,E00450,P0151,Box north room.,Low,Completed,2025-03-28
T00671,E00388,P0072,Manage of as.,High,Blocked,2025-06-02
T00672,E00421,P0116,Spend better its again anything improve.,High,Completed,2025-06-27
T00673,E00181,P0013,Get between conference produce recognize prepare.,Low,Blocked,2025-08-28
T00674,E00020,P0038,Market strong someone worry give billion name.,Medium,Open,2025-07-20
T00675,E00257,P0156,Capital seek leader big choice.,High,Completed,2025-08-25
T00676,E00212,P0127,Prove political address today system.,High,Blocked,2024-11-20
T00677,E00417,P0025,Itself resource training soldier stuff conference tonight.,Medium,Blocked,2025-08-30
T00678,E00493,P0068,Behind network health language lot occur use.,Medium,In Progress,2025-05-19
T00679,E00266,P0054,Cover explain act for.,Low,In Progress,2025-09-06
T00680,E00397,P0092,Behavior of suddenly reveal.,High,Open,2025-09-13
T00681,E00073,P0020,List none collection build.,Low,In Progress,2025-02-08
T00682,E00047,P0041,Quality build against high want movement door.,Medium,Blocked,2024-12-17
T00683,E00321,P0149,Difference agreement skin concern low sometimes.,High,In Progress,2025-04-22
T00684,E00358,P0007,Manager employee father drop.,Medium,Open,2025-04-18
T00685,E00423,P0133,Along face instead.,High,Blocked,2024-10-10
T00686,E00472,P0063,Time too experience like left.,High,Completed,2024-12-21
T00687,E00497,P0096,Hundred fine prepare.,High,Blocked,2025-01-06
T00688,E00180,P0152,Product ability against receive machine.,Low,Open,2024-12-23
T00689,E00101,P0002,Agency protect let company.,Low,Open,2025-02-17
T00690,E00276,P0100,Among need arrive head.,Medium,Completed,2025-06-27
T00691,E00250,P0033,Sea that individual fall south.,High,In Progress,2025-07-07
T00692,E00099,P0073,Public smile hair wish answer sound woman.,Low,Completed,2025-07-21
T00693,E00419,P0040,Require many news realize within produce production.,Low,Blocked,2024-12-07
T00694,E00292,P0006,Include budget traditional civil card citizen sea.,Medium,In Progress,2025-08-05
T00695,E00500,P0111,Life including wall face.,Low,In Progress,2024-11-22
T00696,E00170,P0186,Art one but under.,Medium,Open,2024-12-01
T00697,E00390,P0035,Quickly they hospital serve now fish ten.,High,Blocked,2024-10-18
T00698,E00023,P0156,Against son remember total trip movement grow.,Low,Open,2025-01-01
T00699,E00047,P0083,Magazine property staff real fight.,High,In Progress,2025-09-10
T00700,E00196,P0190,Throughout box apply level bit.,High,In Progress,2024-12-09
T00701,E00197,P0104,But senior the ago local almost campaign today.,High,Completed,2024-10-24
T00702,E00182,P0059,Seat growth same effect.,Medium,Blocked,2025-07-21
T00703,E00111,P0186,Image science case color mention.,Medium,Blocked,2025-08-27
T00704,E00321,P0169,Fast by kitchen represent deep across field artist.,High,Completed,2025-09-25
T00705,E00278,P0112,Dark sometimes six writer meet student whatever.,Low,Completed,2025-05-13
T00706,E00390,P0198,Model test nothing series side.,High,Open,2024-12-27
T00707,E00163,P0124,People many Mr PM.,Low,Open,2025-04-15
T00708,E00003,P0138,Author similar fire identify kitchen lose.,Medium,Open,2025-07-03
T00709,E00349,P0192,Candidate stand look often short statement.,Medium,In Progress,2025-07-20
T00710,E00297,P0088,Practice might early bank truth receive his arrive.,Low,Open,2024-10-18
T00711,E00071,P0043,Rock cold western central.,High,In Progress,2025-08-31
T00712,E00016,P0116,Girl foreign letter huge level.,Medium,Blocked,2025-06-04
T00713,E00318,P0154,South more wonder money again find defense.,High,Blocked,2025-07-10
T00714,E00188,P0057,Shake like less any arrive around ten.,Low,Completed,2025-08-16
T00715,E00264,P0108,Down movie resource wait surface.,High,In Progress,2025-08-04
T00716,E00489,P0139,Public ever above return green cultural test.,Medium,Open,2024-10-06
T00717,E00253,P0162,Hotel offer read hold would.,Medium,Completed,2024-11-21
T00718,E00140,P0009,Successful position successful best house.,Low,Blocked,2025-07-31
T00719,E00429,P0083,For science chance miss hope kitchen.,Medium,In Progress,2025-07-03
T00720,E00452,P0116,Low film bank when minute suggest.,Low,Open,2025-06-17
T00721,E00115,P0040,Old let help bar again with.,Medium,Open,2024-12-28
T00722,E00237,P0091,Bank resource since really.,High,In Progress,2024-12-01
T00723,E00241,P0047,Street operation throw computer.,Low,Open,2025-02-14
T00724,E00394,P0043,But deep character control different page mother.,Medium,In Progress,2025-04-29
T00725,E00033,P0089,Eight success feel involve spend end.,Medium,Open,2024-12-22
T00726,E00416,P0148,Fast provide consumer dinner.,Medium,Open,2025-04-05
T00727,E00039,P0096,Common likely a.,Low,Completed,2025-03-21
T00728,E00087,P0161,Nice leader address picture career generation wrong.,Low,Completed,2024-10-29
T00729,E00405,P0179,Probably skill present citizen watch number behind.,Low,Open,2025-07-03
T00730,E00084,P0155,Continue American opportunity team might.,Low,Blocked,2024-11-30
T00731,E00104,P0151,Plan charge call girl population.,High,Completed,2024-10-21
T00732,E00308,P0121,Recently help hope believe.,Low,Open,2025-02-23
T00733,E00163,P0055,Cell worry suggest add keep.,Medium,In Progress,2025-04-15
T00734,E00137,P0130,Those across about game provide.,High,Open,2025-05-10
T00735,E00161,P0003,Change million tell to usually course.,High,Blocked,2024-12-13
T00736,E00044,P0096,Language piece girl spend people hot.,Low,Open,2024-11-10
T00737,E00171,P0111,Population citizen entire break.,Medium,Completed,2025-04-30
T00738,E00329,P0124,Up reason cause page.,Medium,Blocked,2025-05-12
T00739,E00329,P0111,Report reflect opportunity.,Low,Blocked,2025-05-11
T00740,E00241,P0007,Develop call care none.,Low,Completed,2025-09-22
T00741,E00186,P0121,So language parent.,Medium,In Progress,2025-06-16
T00742,E00402,P0006,Approach onto six good population now determine majority.,Low,Completed,2025-06-01
T00743,E00137,P0191,Type maybe month feeling.,Low,Blocked,2025-01-29
T00744,E00183,P0163,Current sound despite what.,Medium,Blocked,2025-02-05
T00745,E00378,P0015,Office soon human.,Low,In Progress,2025-07-20
T00746,E00408,P0010,Stock big experience cause.,Medium,Completed,2025-09-14
T00747,E00486,P0083,Late mind option direction.,Low,Blocked,2024-10-30
T00748,E00176,P0106,Send animal whose provide TV.,Low,Completed,2025-02-25
T00749,E00294,P0115,Their available some somebody civil.,Low,Open,2025-04-09
T00750,E00483,P0194,Hit even region develop.,Medium,Open,2025-04-25
T00751,E00150,P0079,Stage poor Republican among station role.,Low,Blocked,2025-08-17
T00752,E00197,P0002,Store buy investment themselves life sure worker.,Medium,Blocked,2024-12-31
T00753,E00250,P0056,Hit world seek something.,Low,In Progress,2024-10-10
T00754,E00360,P0083,Prepare mouth couple order involve team population truth.,Low,Completed,2025-07-15
T00755,E00499,P0093,Recent possible analysis possible.,Low,Open,2025-08-17
T00756,E00264,P0110,Rock step tell draw with fill.,Low,In Progress,2025-09-10
T00757,E00465,P0141,Should policy education either.,High,Completed,2024-11-07
T00758,E00335,P0119,Seven and rate stock.,High,In Progress,2025-09-11
T00759,E00251,P0177,Cup tax pressure purpose.,High,Open,2024-10-24
T00760,E00073,P0195,Once industry each office.,Low,Completed,2024-11-11
T00761,E00371,P0105,Cut coach remember drug.,High,Completed,2025-05-13
T00762,E00185,P0106,Ready recently trouble why.,Medium,Completed,2025-01-23
T00763,E00490,P0001,Task certainly job walk agree Mr partner.,High,Completed,2025-08-09
T00764,E00437,P0006,Nearly interview talk continue real usually.,Medium,Open,2025-07-25
T00765,E00455,P0129,Information yes large continue.,Low,Blocked,2025-06-21
T00766,E00278,P0050,How meet artist situation budget whatever.,Low,In Progress,2024-10-31
T00767,E00173,P0077,Research focus animal at interview piece.,Low,Blocked,2025-04-05
T00768,E00482,P0015,Exactly prevent fire.,Medium,In Progress,2025-05-01
T00769,E00474,P0198,Practice continue rock learn herself.,High,Blocked,2025-04-10
T00770,E00202,P0026,Security strong kitchen toward.,Medium,Open,2024-12-27
T00771,E00327,P0149,Specific scene order against across process.,Medium,Completed,2025-09-14
T00772,E00030,P0194,Oil star his call each establish raise.,High,Completed,2024-10-09
T00773,E00078,P0098,Note factor mouth old popular able interview inside.,Low,Open,2025-04-15
T00774,E00318,P0172,Space official wonder rich rate second.,High,Completed,2025-07-07
T00775,E00443,P0017,Reality customer indeed body daughter there.,High,Blocked,2025-06-13
T00776,E00193,P0058,Part event good someone position before senior.,Medium,In Progress,2024-10-08
T00777,E00367,P0196,Energy site arm against similar.,Low,In Progress,2025-07-17
T00778,E00462,P0100,Ok her environment age especially.,Medium,Open,2024-11-07
T00779,E00176,P0034,Evidence whose manager fund alone size hit.,Medium,In Progress,2025-07-13
T00780,E00337,P0095,Born continue shoulder wrong fish poor.,High,In Progress,2025-05-24
T00781,E00353,P0098,Hand security picture which cell exactly note adult.,High,Blocked,2024-11-08
T00782,E00134,P0096,Trip receive specific organization expert interesting teacher.,Medium,In Progress,2025-06-26
T00783,E00362,P0033,Receive his test water feeling cultural.,High,In Progress,2025-03-06
T00784,E00473,P0152,Reason alone glass energy.,High,In Progress,2025-05-15
T00785,E00267,P0084,Future about story behavior game.,Medium,In Progress,2024-12-08
T00786,E00232,P0155,Crime law couple enough tell song.,Low,Completed,2025-01-16
T00787,E00304,P0043,Keep real school agency reveal deal.,High,Open,2025-01-28
T00788,E00346,P0075,Color despite special ever.,High,Completed,2025-03-28
T00789,E00475,P0108,City continue station customer.,Medium,Blocked,2025-06-17
T00790,E00411,P0146,Recent politics rise.,Low,Completed,2024-10-31
T00791,E00271,P0126,Threat range deal protect billion area add.,Low,In Progress,2025-07-29
T00792,E00367,P0005,Page week feeling entire.,Low,In Progress,2025-07-21
T00793,E00326,P0079,Reflect head skill tree without support.,High,Completed,2025-09-16
T00794,E00147,P0159,Story score feel stuff treat large.,Medium,Blocked,2025-01-04
T00795,E00107,P0088,Probably five consider consider letter.,Low,Open,2025-02-13
T00796,E00204,P0193,Hard door include many.,Medium,In Progress,2025-01-18
T00797,E00085,P0149,Management ability each experience.,High,Completed,2025-09-18
T00798,E00071,P0004,Bill certain he about employee happy there.,Low,Blocked,2025-05-26
T00799,E00447,P0004,Arm ten manager last always necessary.,High,Blocked,2025-08-09
T00800,E00408,P0070,Peace their claim begin nice.,Low,In Progress,2025-09-02
T00801,E00186,P0098,Eye remember include do save remain beat.,Medium,Blocked,2025-09-21
T00802,E00321,P0091,Religious worry organization today.,Medium,Completed,2025-05-02
T00803,E00012,P0014,Knowledge thank some outside military hundred wind.,Low,In Progress,2025-08-10
T00804,E00299,P0153,Term trial together value increase hundred easy enter.,Medium,Blocked,2024-11-20
T00805,E00088,P0093,Into form body edge suddenly parent.,High,Open,2025-09-01
T00806,E00091,P0200,Good than interesting.,High,In Progress,2025-05-29
T00807,E00162,P0031,Town discover stand teacher ahead southern theory traditional.,Low,Completed,2025-09-09
T00808,E00482,P0041,View pattern then bill successful.,Medium,In Progress,2025-09-30
T00809,E00109,P0100,Hundred action career often next.,Medium,Open,2024-10-24
T00810,E00130,P0171,Finally arm by side want arm interest.,Medium,In Progress,2025-06-08
T00811,E00175,P0128,Stuff that hope moment.,High,Open,2024-10-15
T00812,E00087,P0109,Happy concern may another base.,Low,Completed,2025-05-11
T00813,E00182,P0045,Fast cover short sign simple any.,High,Open,2025-05-04
T00814,E00436,P0073,Culture note forward government can themselves conference Democrat.,High,Blocked,2024-12-29
T00815,E00209,P0113,Five west father phone drug camera college over.,Low,Blocked,2025-02-19
T00816,E00405,P0152,Entire purpose team smile let special picture view.,Low,Completed,2025-02-21
T00817,E00299,P0059,Try recent capital particular conference measure western.,High,Open,2024-12-03
T00818,E00199,P0094,Leader young near throughout standard anyone.,Low,Blocked,2025-02-12
T00819,E00247,P0051,Voice mother Congress better TV.,High,Open,2025-07-14
T00820,E00378,P0044,Quite four movie big water.,Medium,Open,2025-02-10
T00821,E00304,P0116,Success get agreement threat rather argue news soldier.,High,Open,2025-08-07
T00822,E00458,P0043,Investment imagine evening store understand why talk.,Medium,Blocked,2025-02-03
T00823,E00492,P0069,Billion identify wonder wall.,High,In Progress,2025-02-09
T00824,E00114,P0046,Two rich third fly.,Medium,In Progress,2024-11-11
T00825,E00075,P0019,Sometimes data sell follow.,Low,Blocked,2024-12-18
T00826,E00233,P0167,Health few general meet against seven.,Low,Open,2024-11-22
T00827,E00077,P0178,Maintain benefit north player its.,Low,In Progress,2025-03-29
T00828,E00306,P0074,Wear ground air line despite rise future.,High,Completed,2024-11-28
T00829,E00166,P0038,Feeling instead loss physical.,Low,Open,2025-02-02
T00830,E00023,P0143,Physical argue thought ten and mother.,Medium,In Progress,2025-09-01
T00831,E00326,P0052,Pull according radio force last could.,Medium,In Progress,2025-07-14
T00832,E00371,P0195,Know reduce local happen.,Low,Completed,2025-04-26
T00833,E00006,P0027,Ago response year wind yard music.,Low,Completed,2025-02-06
T00834,E00309,P0187,Official answer degree morning night more why mouth.,High,Open,2025-03-27
T00835,E00298,P0147,Respond personal bar cup dog why draw.,Medium,Blocked,2024-10-18
T00836,E00211,P0169,Relationship range establish determine sell cost around million.,High,Blocked,2025-02-22
T00837,E00460,P0041,Agency address available color somebody.,High,Blocked,2025-08-28
T00838,E00119,P0184,Still cell there get section.,Low,Completed,2025-03-20
T00839,E00073,P0136,Director behavior produce.,Medium,Open,2025-06-29
T00840,E00349,P0054,Coach contain south else difference car.,Low,In Progress,2025-07-22
T00841,E00351,P0011,Indicate knowledge if hit hot note long really.,Low,Completed,2025-06-19
T00842,E00203,P0028,Research here bag really.,Medium,Completed,2024-11-30
T00843,E00434,P0091,Or over significant Republican through.,Medium,Blocked,2025-10-02
T00844,E00418,P0087,Main sound PM sport tree.,High,Completed,2024-10-21
T00845,E00003,P0096,Among face billion sure form.,Low,Completed,2025-03-11
T00846,E00327,P0107,Professional born friend nation perform.,High,Open,2025-01-22
T00847,E00254,P0148,Recognize beat about show trade at thought.,High,In Progress,2025-07-14
T00848,E00384,P0052,Nature movement learn sometimes.,Low,Blocked,2025-02-28
T00849,E00323,P0059,Lose let avoid try modern care before.,Low,Blocked,2025-01-02
T00850,E00295,P0028,Begin outside tree model plant rate central respond.,Low,Open,2024-11-09
T00851,E00148,P0157,Three live allow success adult heart against.,Medium,Open,2025-05-08
T00852,E00129,P0092,Page similar lead themselves.,High,Blocked,2025-03-06
T00853,E00033,P0111,Whom value budget sign consumer ten event.,Medium,Blocked,2025-04-11
T00854,E00090,P0011,There tend note skin writer.,High,Blocked,2025-08-15
T00855,E00163,P0159,Training it measure they thought method body.,Medium,In Progress,2025-03-29
T00856,E00043,P0185,Bar right time go science.,High,Open,2024-11-28
T00857,E00027,P0170,Beat instead draw sister area Mr reveal.,High,In Progress,2025-10-02
T00858,E00449,P0117,Issue study she resource center remain.,Low,Completed,2025-06-08
T00859,E00351,P0178,Alone city never relate forward.,Low,In Progress,2024-12-22
T00860,E00087,P0188,East fact everyone air first student.,High,In Progress,2025-07-19
T00861,E00168,P0020,Guy prevent leave center within partner ball idea.,Medium,In Progress,2025-04-15
T00862,E00446,P0089,Goal school career history eat trial support.,Medium,In Progress,2025-07-18
T00863,E00309,P0017,News decade local find wall.,Low,Open,2025-03-07
T00864,E00052,P0141,Song sing into feeling thank different.,Medium,Blocked,2025-03-04
T00865,E00069,P0107,Carry exactly cup several certainly.,High,In Progress,2025-08-13
T00866,E00201,P0071,Friend rather than much.,Low,Completed,2025-04-30
T00867,E00236,P0001,Drug structure participant attack look.,High,Open,2025-03-27
T00868,E00476,P0112,Realize box affect trip nature treatment.,Low,Completed,2025-03-15
T00869,E00015,P0096,He address analysis material statement reflect.,High,Blocked,2025-06-27
T00870,E00269,P0177,Hot still research state place wonder.,High,Blocked,2024-12-24
T00871,E00083,P0161,Condition future international assume.,High,Completed,2025-03-13
T00872,E00010,P0074,Nation performance cause impact politics.,Low,In Progress,2025-09-25
T00873,E00130,P0032,Best pass north several.,Low,Blocked,2025-01-11
T00874,E00315,P0119,Always father themselves have provide report although rule.,Low,Blocked,2025-05-08
T00875,E00083,P0189,Member body cause modern class.,Medium,Completed,2025-04-23
T00876,E00493,P0023,Different responsibility hair his.,Medium,Blocked,2024-11-07
T00877,E00242,P0086,Build will entire turn tough.,High,Open,2024-12-17
T00878,E00435,P0014,Matter several risk character though hope pass like.,Low,Blocked,2025-02-25
T00879,E00270,P0172,Skin consumer rule serious.,Low,Completed,2025-04-07
T00880,E00475,P0149,Defense clearly those letter likely.,High,Completed,2025-05-22
T00881,E00493,P0092,When wait get friend great message assume.,Medium,Open,2025-03-01
T00882,E00210,P0177,Station at recently speak nearly.,Low,Blocked,2024-12-01
T00883,E00018,P0035,Task moment accept future sign make send.,Medium,Blocked,2025-07-17
T00884,E00426,P0029,Research blue us win on speak.,Low,Open,2025-05-10
T00885,E00194,P0168,Foreign group then expect finally budget experience.,Medium,In Progress,2025-03-19
T00886,E00403,P0109,Finally camera oil summer central.,High,In Progress,2025-07-21
T00887,E00484,P0144,Reflect security decision professional.,High,Blocked,2025-04-01
T00888,E00339,P0017,Drop indeed factor sport.,High,In Progress,2025-04-04
T00889,E00245,P0193,Door arm land.,High,Open,2024-12-12
T00890,E00366,P0097,Center man father network.,High,Open,2025-08-12
T00891,E00424,P0010,Behavior capital member receive himself.,Low,Completed,2025-05-01
T00892,E00258,P0107,Discover scientist again threat something.,Medium,In Progress,2024-10-20
T00893,E00336,P0080,Line both through live public keep.,Low,In Progress,2024-12-28
T00894,E00491,P0189,Anything watch pretty view.,Low,Blocked,2024-10-30
T00895,E00303,P0085,Road Democrat career they tax eye science.,Low,Completed,2025-03-08
T00896,E00262,P0143,Politics anyone fact executive.,High,Completed,2025-01-17
T00897,E00138,P0144,Follow news treatment produce interest then.,Medium,In Progress,2025-03-02
T00898,E00383,P0026,Turn hospital artist morning.,High,Open,2025-02-18
T00899,E00297,P0061,Sort mission fill audience manage prevent third.,Medium,Blocked,2025-07-29
T00900,E00117,P0021,Value identify loss kitchen.,Medium,Completed,2025-09-16
T00901,E00490,P0169,Green toward send soldier remain language however.,Low,Completed,2025-01-13
T00902,E00037,P0166,Always particular sure information establish effect that center.,High,Completed,2025-01-03
T00903,E00466,P0093,Mention would house firm garden great ability.,High,Blocked,2024-12-03
T00904,E00020,P0186,Summer professor effect final skill member condition.,High,Open,2024-10-16
T00905,E00497,P0164,Brother put including of.,Low,Blocked,2025-08-20
T00906,E00012,P0196,Test over science trade shoulder toward audience give.,Low,Open,2025-03-03
T00907,E00460,P0093,Across along receive whom someone imagine manage.,Medium,In Progress,2025-02-24
T00908,E00418,P0155,Risk himself most young.,Medium,Open,2025-04-26
T00909,E00201,P0104,Stuff floor significant contain these computer.,High,In Progress,2025-05-28
T00910,E00105,P0093,Tough management money break experience war.,Low,Completed,2025-01-20
T00911,E00132,P0057,Challenge when produce same.,Medium,In Progress,2025-02-24
T00912,E00024,P0041,Serve team without theory.,High,Open,2024-11-29
T00913,E00447,P0099,Move rule role final and story.,Medium,In Progress,2025-09-29
T00914,E00071,P0173,Crime call attention growth check protect.,Medium,Completed,2024-11-12
T00915,E00322,P0094,End relate west area.,High,Open,2024-10-18
T00916,E00309,P0038,Economic body though many together.,Low,Completed,2024-11-06
T00917,E00447,P0005,Manager check economic detail relationship police all.,Low,Blocked,2024-12-10
T00918,E00402,P0096,First movie sound model paper.,High,Open,2025-05-28
T00919,E00090,P0008,Away around other those.,Medium,Completed,2025-07-07
T00920,E00034,P0050,Blue nearly soldier coach collection.,High,In Progress,2025-01-12
T00921,E00157,P0081,Road might responsibility audience job.,Medium,In Progress,2025-08-31
T00922,E00443,P0037,Science business change professional central walk.,Low,Completed,2025-03-05
T00923,E00222,P0002,Democratic indeed site item summer.,High,Completed,2025-04-25
T00924,E00027,P0147,Should think water often group film.,High,In Progress,2025-07-27
T00925,E00456,P0161,Create sister bed team thousand.,High,Completed,2025-02-10
T00926,E00336,P0109,Tough very remember adult.,Low,In Progress,2025-06-18
T00927,E00453,P0158,Trade method make situation rule stay.,Low,Open,2025-05-15
T00928,E00358,P0141,Maybe letter less when.,Medium,Open,2025-05-20
T00929,E00466,P0165,Grow organization send system case.,High,Open,2024-10-06
T00930,E00003,P0139,Drive cold meeting produce.,High,In Progress,2025-03-19
T00931,E00257,P0140,A different ask significant job century.,Low,In Progress,2025-04-14
T00932,E00261,P0014,Onto perhaps personal.,Low,Completed,2025-09-22
T00933,E00122,P0094,Exist leg either base know yet agent.,Low,Blocked,2025-08-09
T00934,E00187,P0005,Character opportunity physical this but generation.,Low,Completed,2024-12-17
T00935,E00480,P0125,Fast top know actually indicate.,High,In Progress,2024-11-06
T00936,E00486,P0178,Third sell institution peace anyone.,Medium,In Progress,2025-04-05
T00937,E00118,P0199,Ball feel capital a.,Low,Open,2025-07-19
T00938,E00340,P0050,Specific other two.,High,Open,2025-09-29
T00939,E00009,P0078,List them bit up open tree.,Medium,Blocked,2025-01-16
T00940,E00127,P0052,Those writer attack Congress finally different.,Medium,In Progress,2025-05-15
T00941,E00482,P0101,Eight would realize sure black seat.,Medium,Blocked,2025-08-28
T00942,E00281,P0034,Heart sort less serve machine black.,Low,Open,2024-12-06
T00943,E00389,P0014,Morning old early policy certain term trouble.,High,In Progress,2025-06-29
T00944,E00348,P0073,Several suffer year president father final.,Low,Completed,2024-12-29
T00945,E00135,P0099,Coach pull have voice collection dog.,Medium,Blocked,2024-12-25
T00946,E00020,P0023,Type pay manage time call agree call.,High,In Progress,2025-08-21
T00947,E00388,P0043,Notice need boy man there.,Low,Open,2025-02-05
T00948,E00262,P0140,Strategy down book offer exist cell.,Low,Blocked,2024-10-06
T00949,E00321,P0088,Space actually bad your.,Low,Open,2025-07-30
T00950,E00122,P0102,Fish power interest.,Medium,Open,2025-09-21
T00951,E00242,P0019,Head consider color idea win may seat.,Low,Blocked,2025-07-22
T00952,E00115,P0178,Purpose north back near similar.,Medium,In Progress,2025-03-05
T00953,E00204,P0110,Agreement official line something.,High,Completed,2025-02-10
T00954,E00308,P0038,Image hear training there.,High,Blocked,2024-12-20
T00955,E00264,P0142,Special production Congress market picture.,High,Completed,2024-11-09
T00956,E00051,P0063,Campaign nearly plan able along fact commercial plan.,Medium,In Progress,2025-02-07
T00957,E00146,P0147,Money should pretty.,High,In Progress,2025-05-27
T00958,E00282,P0083,Hold protect wind suddenly.,Medium,Completed,2025-09-16
T00959,E00401,P0159,Mind write report to buy several.,Medium,Completed,2025-05-03
T00960,E00436,P0185,Fear picture specific skin.,Low,Blocked,2024-12-13
T00961,E00222,P0157,Relationship chair trip ever quite level east.,Low,Open,2025-01-22
T00962,E00225,P0097,Last notice effort play improve.,Low,Completed,2025-06-12
T00963,E00253,P0096,Affect high remember add.,Medium,In Progress,2024-12-30
T00964,E00215,P0145,Just family model collection on almost.,Medium,In Progress,2024-12-14
T00965,E00086,P0072,Born scientist throughout side learn truth boy.,Low,Completed,2025-08-12
T00966,E00327,P0030,Either prevent despite talk.,High,Completed,2025-02-15
T00967,E00218,P0041,State picture commercial pretty leg.,High,Open,2025-02-04
T00968,E00318,P0157,Have capital color girl never worry read cost.,Medium,Blocked,2025-08-10
T00969,E00237,P0200,Hot city concern.,Low,In Progress,2024-12-12
T00970,E00411,P0165,Age get dog build.,Low,In Progress,2025-02-26
T00971,E00174,P0137,Station leader learn last against.,High,Blocked,2025-06-28
T00972,E00373,P0042,Leave gas so program join example.,Medium,Open,2024-11-19
T00973,E00269,P0176,Tell bit soldier along.,Low,Completed,2025-02-02
T00974,E00297,P0154,Language prove strategy child price close participant.,Medium,In Progress,2025-05-29
T00975,E00207,P0041,Network serious word apply executive break.,Medium,Completed,2025-04-03
T00976,E00289,P0055,Series decade in thing enter miss.,Low,In Progress,2024-11-03
T00977,E00372,P0145,Behavior head check wait structure sometimes quite.,High,Completed,2025-06-23
T00978,E00471,P0158,Act leave avoid media up summer factor.,Low,In Progress,2024-10-04
T00979,E00320,P0006,Identify special another down executive east would.,Low,Blocked,2025-05-10
T00980,E00271,P0014,Who star arrive.,Medium,In Progress,2025-09-18
T00981,E00166,P0005,Risk security man wrong.,Medium,Open,2024-12-13
T00982,E00260,P0195,Statement traditional film five pressure art.,Medium,Completed,2025-08-04
T00983,E00046,P0142,Several stuff color debate wish ready set.,Low,In Progress,2025-07-23
T00984,E00021,P0111,Owner anyone soldier responsibility from draw the.,Medium,In Progress,2024-11-18
T00985,E00101,P0161,Anyone base forward appear spend entire participant.,Medium,Blocked,2025-08-29
T00986,E00476,P0006,Owner seem probably beat myself.,Medium,In Progress,2024-10-28
T00987,E00034,P0086,Letter trade scene economic.,Low,Completed,2025-04-28
T00988,E00343,P0076,Mission yeah ability like.,Low,Completed,2024-11-12
T00989,E00218,P0002,Everything maintain act provide.,Medium,Blocked,2025-10-01
T00990,E00123,P0033,Time stay end ball outside community world.,Medium,Completed,2024-10-30
T00991,E00205,P0039,Many among enough individual.,Medium,In Progress,2025-08-16
T00992,E00337,P0018,Serve tough serious season.,High,Open,2024-10-10
T00993,E00419,P0193,Event American ball bed record through.,Low,Blocked,2025-03-06
T00994,E00252,P0029,Day religious four space message.,Low,In Progress,2024-11-19
T00995,E00119,P0035,Perhaps pass human kind remember likely others.,High,Blocked,2024-10-10
T00996,E00170,P0065,Price whatever whose service early up phone.,High,In Progress,2025-02-28
T00997,E00210,P0001,Team us bring senior business lead.,Low,Open,2024-10-07
T00998,E00292,P0078,Modern get war discussion.,High,Open,2024-11-19
T00999,E00223,P0082,Produce hundred officer sign expect avoid case.,High,Blocked,2025-04-25
T01000,E00337,P0190,Other memory important brother voice like remember.,High,In Progress,2025-04-28
