task_id,project_id,assignee_id,description,priority,status,due_date
T00001,P0164,E00476,More stand goal morning want.,Medium,Open,2025-05-09
T00002,P0161,E00090,Public bank trade different maybe.,Medium,Open,2025-04-05
T00003,P0048,E00041,Safe upon recently agency quite special sit.,High,Open,2025-02-28
T00004,P0138,E00492,Generation all quite.,Medium,Completed,2025-01-16
T00005,P0011,E00340,Total state look few.,High,In Progress,2025-05-29
T00006,P0073,E00424,Where until even line ever.,Medium,Open,2025-04-03
T00007,P0153,E00431,Describe who voice ago consumer rest.,High,Open,2024-11-15
T00008,P0067,E00417,Court join reach third life water.,Low,Blocked,2024-10-20
T00009,P0004,E00352,Opportunity everything remain happen form.,Low,In Progress,2024-11-01
T00010,P0132,E00035,Near deep environment cause.,Medium,Open,2025-07-05
T00011,P0039,E00142,Environmental seek response affect send.,High,Blocked,2024-11-12
T00012,P0171,E00036,Air push someone still exist.,Low,Open,2025-01-23
T00013,P0091,E00200,Mission family film near.,Medium,In Progress,2025-07-23
T00014,P0051,E00005,Arrive address force or.,High,Completed,2025-07-19
T00015,P0185,E00201,Whole involve fund unit.,Medium,Open,2024-11-28
T00016,P0061,E00037,Low above around usually break.,Medium,In Progress,2025-02-16
T00017,P0101,E00099,Talk pay main popular care.,Low,In Progress,2024-10-11
T00018,P0078,E00284,Thank sense education take Mr.,Low,Completed,2024-11-22
T00019,P0060,E00137,Rich source door where summer expert.,Low,Completed,2025-03-31
T00020,P0153,E00321,Face hot action movement including.,Medium,Open,2025-02-25
T00021,P0153,E00123,Address should under company.,Medium,Blocked,2025-01-16
T00022,P0074,E00190,Plan ahead friend fall model third.,Medium,In Progress,2025-06-12
T00023,P0113,E00164,Least maintain record.,Low,Blocked,2024-11-28
T00024,P0187,E00103,Those run enter catch financial.,High,Blocked,2024-11-04
T00025,P0007,E00391,Base get policy.,Medium,Completed,2025-08-14
T00026,P0146,E00255,Only campaign recent campaign member.,High,In Progress,2024-10-10
T00027,P0098,E00213,Other open over process kid.,Low,Open,2025-04-12
T00028,P0039,E00281,Manager know do hand.,Low,Completed,2025-09-03
T00029,P0188,E00133,Process major lawyer occur suddenly.,Medium,Completed,2025-06-01
T00030,P0169,E00164,Three theory share.,High,In Progress,2025-01-17
T00031,P0119,E00143,Candidate seek free happen everybody must.,High,Open,2025-06-25
T00032,P0119,E00415,There beyond dinner arm accept actually care.,Medium,In Progress,2025-06-10
T00033,P0016,E00214,Right especially hot and large.,Low,Open,2025-04-03
T00034,P0129,E00368,Wear side seat learn around full memory send.,Medium,Open,2025-05-13
T00035,P0128,E00036,Understand tree book mouth unit air.,Medium,Open,2025-08-14
T00036,P0173,E00296,Surface feel somebody behind parent apply executive.,Low,In Progress,2025-01-27
T00037,P0147,E00424,Imagine action soon should.,Low,Blocked,2025-05-22
T00038,P0186,E00059,Will energy community good itself agency both writer.,Medium,Completed,2025-04-24
T00039,P0154,E00344,They serious worry piece foreign finish business.,Low,In Progress,2025-04-15
T00040,P0006,E00153,Member off interview feeling.,Low,Blocked,2024-10-05
T00041,P0027,E00431,Talk war film national development.,High,Blocked,2024-12-31
T00042,P0141,E00117,Consumer language human door control.,Low,In Progress,2025-03-10
T00043,P0011,E00399,Base well box understand front stock beyond.,High,In Progress,2024-11-26
T00044,P0032,E00011,Country decade high.,Medium,Completed,2025-09-13
T00045,P0107,E00344,Share seat discuss check its ago rather.,Low,Completed,2025-02-23
T00046,P0005,E00186,Change instead modern law true power.,High,Blocked,2025-01-25
T00047,P0088,E00381,Thought follow threat operation live some on any.,Low,In Progress,2025-08-31
T00048,P0164,E00326,Floor air seven.,Low,Open,2024-11-05
T00049,P0119,E00035,Series want well treat research.,Low,Open,2025-04-01
T00050,P0110,E00100,Remain general trade into begin consider.,Low,Blocked,2025-05-08
T00051,P0097,E00101,Receive fact where cell fear affect.,Medium,Blocked,2025-01-26
T00052,P0187,E00200,Bad science responsibility and marriage.,Medium,In Progress,2025-04-15
T00053,P0170,E00005,Her go relationship apply peace see.,High,Open,2025-01-07
T00054,P0034,E00134,With home might buy game hundred concern.,Medium,Completed,2025-05-17
T00055,P0150,E00495,System blue face collection.,Medium,In Progress,2025-01-14
T00056,P0163,E00176,Message reflect next soldier heavy career section.,High,Blocked,2024-12-12
T00057,P0038,E00497,Stage someone body now worker.,Medium,In Progress,2025-09-09
T00058,P0014,E00451,Believe now husband traditional station.,High,Blocked,2024-10-14
T00059,P0084,E00291,Pay wrong service choose simple me black friend.,Low,Open,2025-08-19
T00060,P0021,E00257,Cost teacher suddenly century crime special.,Medium,Open,2025-09-13
T00061,P0178,E00312,Pass itself billion size.,Medium,In Progress,2025-02-19
T00062,P0149,E00194,Build you sell international.,High,Open,2025-01-12
T00063,P0116,E00367,Family his step watch month imagine apply.,Low,Blocked,2025-09-30
T00064,P0194,E00150,Glass keep smile institution.,High,Blocked,2024-12-04
T00065,P0035,E00098,Traditional until few entire.,High,Completed,2025-01-22
T00066,P0108,E00488,Exactly suddenly debate door hundred.,Medium,Completed,2025-01-29
T00067,P0115,E00465,Hair second game factor.,Medium,Blocked,2024-11-03
T00068,P0182,E00020,Around tell push city health.,Low,Completed,2025-08-03
T00069,P0193,E00355,Everybody would boy dark push.,Medium,Open,2025-06-06
T00070,P0185,E00272,Also record financial sign begin professor.,High,Completed,2025-02-20
T00071,P0156,E00151,Process north school increase.,High,Open,2025-09-13
T00072,P0012,E00062,His set us magazine others less.,High,Blocked,2024-11-21
T00073,P0110,E00246,Organization growth talk seven weight perhaps result letter.,High,Blocked,2025-09-11
T00074,P0152,E00194,Notice policy start traditional.,Low,Completed,2025-02-28
T00075,P0170,E00173,Day per one.,High,In Progress,2025-08-12
T00076,P0164,E00208,Clearly only education particularly call book live.,Medium,In Progress,2025-03-12
T00077,P0182,E00249,None cell thank interesting traditional law.,High,Completed,2024-11-26
T00078,P0131,E00024,Growth quite soon chair.,High,Open,2025-06-07
T00079,P0184,E00022,Professional including view how own street scene.,High,Blocked,2025-08-09
T00080,P0037,E00223,Church international truth huge physical raise think opportunity.,High,Blocked,2025-03-29
T00081,P0174,E00200,Career suffer above wish.,Low,Blocked,2025-05-24
T00082,P0022,E00330,Statement source list rather go rise happen TV.,High,In Progress,2024-10-26
T00083,P0146,E00376,Pay return rest central real energy itself.,High,Completed,2025-05-07
T00084,P0035,E00336,Course itself people almost mention.,High,Blocked,2025-01-06
T00085,P0156,E00494,News very serve easy natural.,Medium,In Progress,2025-07-15
T00086,P0059,E00080,Brother agreement senior when.,High,Open,2025-04-04
T00087,P0019,E00168,Point fund meeting last discuss hand.,High,Completed,2025-05-17
T00088,P0110,E00175,Science risk actually watch.,High,Blocked,2024-12-17
T00089,P0121,E00253,Event box draw until likely participant positive job.,Low,Completed,2024-10-24
T00090,P0085,E00090,Interesting science whatever effect enough.,Medium,Completed,2024-11-22
T00091,P0031,E00372,Tree size remember agree information.,Medium,Open,2025-07-12
T00092,P0149,E00070,Either impact hard many affect could all billion.,Medium,Completed,2025-04-26
T00093,P0115,E00069,Tax although message require star political Congress choose.,Medium,In Progress,2025-04-21
T00094,P0147,E00449,Management degree fly time city tonight.,High,Blocked,2024-10-27
T00095,P0020,E00456,Dream out never defense customer within house.,High,Open,2025-03-13
T00096,P0146,E00008,Nature dog anyone cold television organization choose bed.,Low,Open,2025-03-05
T00097,P0070,E00476,So national street suggest.,Medium,Open,2025-09-29
T00098,P0131,E00198,Real or campaign quite article listen see player.,Low,In Progress,2025-07-03
T00099,P0147,E00221,Sure too box knowledge fight task Republican.,Medium,In Progress,2025-04-13
T00100,P0184,E00036,Ready likely perform address turn perform.,Medium,Open,2025-08-05
T00101,P0041,E00321,Opportunity beyond finish boy both.,Medium,Open,2025-01-04
T00102,P0106,E00466,Democrat worker without last.,Low,Completed,2025-08-13
T00103,P0105,E00378,Threat law want field culture.,Low,Completed,2025-06-14
T00104,P0032,E00228,Responsibility edge six time beat at offer do.,High,In Progress,2025-03-30
T00105,P0014,E00098,Respond certainly individual sport of.,High,Completed,2024-12-09
T00106,P0145,E00133,Another only season particular glass I.,Low,Blocked,2024-11-03
T00107,P0076,E00352,Suggest good throw within add without.,Low,Blocked,2024-11-25
T00108,P0080,E00136,Every black hotel the language.,High,Completed,2024-10-30
T00109,P0168,E00483,Sound dark morning during decade science.,High,Blocked,2025-01-03
T00110,P0083,E00258,Movie just determine go.,Medium,Open,2024-12-26
T00111,P0157,E00050,American drug area present.,High,Blocked,2025-02-10
T00112,P0060,E00493,Couple accept place young stage.,High,Open,2025-03-03
T00113,P0129,E00254,Wonder house behavior follow event real.,Medium,Completed,2025-09-23
T00114,P0043,E00163,Though her body chance look adult instead.,High,In Progress,2025-08-30
T00115,P0111,E00199,Organization may election.,High,In Progress,2024-12-21
T00116,P0064,E00473,Church young past door according anything everything.,Medium,Open,2024-12-14
T00117,P0061,E00055,Measure including full politics class quickly particularly.,Low,Open,2025-07-03
T00118,P0015,E00033,Trouble rich food member.,Medium,Blocked,2025-07-28
T00119,P0059,E00361,Happy determine price local need.,Medium,Blocked,2025-07-31
T00120,P0139,E00392,Its total small nor skill across.,High,In Progress,2025-04-30
T00121,P0175,E00240,Discover moment country dinner six.,Medium,Completed,2025-07-29
T00122,P0030,E00406,Much oil such student information laugh.,Medium,Completed,2025-08-05
T00123,P0197,E00312,Little great shoulder strategy through.,Medium,Blocked,2025-08-05
T00124,P0110,E00225,Wish travel myself while visit third.,Medium,In Progress,2025-03-27
T00125,P0149,E00391,Film that feel thing accept.,Medium,Completed,2025-02-14
T00126,P0001,E00296,Far let cover both process large question.,Medium,In Progress,2025-09-21
T00127,P0052,E00420,Into including beat meet.,Low,In Progress,2025-09-19
T00128,P0039,E00056,Least agent blood skin.,High,Completed,2025-09-15
T00129,P0107,E00370,Product summer project yeah.,High,In Progress,2025-02-17
T00130,P0002,E00239,Water can prove staff laugh couple.,Low,Completed,2024-11-02
T00131,P0168,E00103,Concern policy down.,Medium,Blocked,2025-09-07
T00132,P0043,E00319,Until owner everyone crime great interest.,Low,In Progress,2025-07-12
T00133,P0131,E00085,Me month point future herself.,Low,Open,2025-03-12
T00134,P0017,E00146,Fire daughter who tell too open large.,High,Open,2025-08-07
T00135,P0019,E00424,Avoid business gun campaign truth.,Low,Blocked,2025-10-04
T00136,P0142,E00440,Determine why rock bill.,Low,In Progress,2025-09-08
T00137,P0127,E00382,Yet home herself at.,Medium,Completed,2025-07-27
T00138,P0198,E00279,Yeah company above push.,Medium,In Progress,2025-03-24
T00139,P0121,E00090,Look people statement ok call card.,Medium,Completed,2024-12-29
T00140,P0020,E00296,With community marriage task shoulder.,Medium,Blocked,2025-05-15
T00141,P0089,E00266,Quality need once allow place light ok.,High,In Progress,2025-05-13
T00142,P0125,E00383,Take believe no employee little order.,Medium,Blocked,2025-08-22
T00143,P0070,E00234,Win finally by.,High,Open,2024-11-04
T00144,P0007,E00458,Must again yet join partner a read leader.,Low,Completed,2025-03-25
T00145,P0160,E00060,Western manager choose never board low tax herself.,High,In Progress,2024-11-22
T00146,P0149,E00472,Behind thus perhaps memory the appear government.,Medium,Open,2025-06-17
T00147,P0146,E00479,Affect available too control shake.,Medium,Completed,2025-04-22
T00148,P0013,E00425,Per everyone floor speech.,Medium,Open,2025-08-18
T00149,P0090,E00087,Alone charge a into worry.,High,Blocked,2025-04-26
T00150,P0064,E00462,Remain happen wife loss whether agree the like.,High,In Progress,2024-11-19
T00151,P0160,E00183,Term performance official yard red later.,Low,Blocked,2025-03-17
T00152,P0005,E00204,Seat human either future light national.,Medium,Blocked,2024-10-18
T00153,P0024,E00148,Station lawyer break control ok arm conference.,High,Open,2025-01-20
T00154,P0196,E00423,Air alone simple war be dream maybe.,High,Completed,2025-10-02
T00155,P0027,E00103,Key so decade.,High,Completed,2025-04-26
T00156,P0009,E00449,Scientist choice with opportunity.,Low,Open,2025-06-13
T00157,P0095,E00421,Church song chair throw foreign service catch.,High,Completed,2025-02-05
T00158,P0152,E00496,Capital perhaps point trouble light specific.,Medium,Blocked,2024-11-08
T00159,P0066,E00434,Worry society quality lose despite respond.,Low,Open,2025-01-11
T00160,P0040,E00357,Opportunity capital artist improve avoid agreement office.,Low,Completed,2025-08-26
T00161,P0080,E00092,Ever action my score different.,Low,In Progress,2025-09-27
T00162,P0009,E00474,Blue near base remain identify national give business.,Low,Blocked,2025-07-01
T00163,P0169,E00419,Unit soldier action trade.,Low,Open,2025-01-24
T00164,P0143,E00202,Guess television relationship treat lawyer open.,Medium,Completed,2025-03-30
T00165,P0097,E00090,On young fill.,Medium,Open,2024-11-25
T00166,P0066,E00481,Successful section house bank.,Low,Blocked,2025-02-10
T00167,P0001,E00088,Since politics factor over.,Low,Blocked,2025-01-14
T00168,P0019,E00480,Plant group sound.,Medium,Blocked,2024-11-15
T00169,P0125,E00243,Even religious should generation rather value drug.,High,Completed,2024-11-29
T00170,P0018,E00338,Technology see can impact central.,High,Blocked,2024-11-22
T00171,P0069,E00145,Institution particular thank fact second cost bed.,High,Completed,2024-12-30
T00172,P0113,E00185,Minute face score leader.,Medium,Completed,2024-12-23
T00173,P0155,E00205,Quickly only in even professor center memory ask.,High,Completed,2024-10-12
T00174,P0088,E00337,Stage buy Mr perhaps building prepare provide father.,High,Blocked,2025-08-19
T00175,P0028,E00397,Change Republican usually blood paper always different.,High,Blocked,2024-10-26
T00176,P0158,E00422,Second hard line.,Medium,Blocked,2025-09-29
T00177,P0150,E00314,Who trouble middle white.,Medium,In Progress,2025-05-18
T00178,P0055,E00295,Animal government either move magazine bag activity.,Medium,Open,2025-07-20
T00179,P0031,E00314,Detail care hit heavy speech cup.,Medium,Completed,2025-06-12
T00180,P0192,E00395,Professor trip officer at.,Low,Blocked,2025-02-19
T00181,P0193,E00097,Rock rock interview market news black.,High,Completed,2025-05-19
T00182,P0034,E00256,Movie sea attack ball occur place.,Low,Open,2025-04-24
T00183,P0059,E00031,Able alone example never.,Low,Open,2024-11-26
T00184,P0060,E00381,Big off of avoid worry role.,High,Blocked,2025-05-09
T00185,P0114,E00230,Sense start six major agreement usually owner.,Medium,Open,2025-06-25
T00186,P0006,E00330,May property bed travel blue.,Medium,Open,2025-07-22
T00187,P0010,E00394,Gun source learn I issue research wear.,Low,In Progress,2025-02-23
T00188,P0072,E00172,Peace quickly message though.,Medium,Blocked,2025-06-28
T00189,P0053,E00447,Different current compare plant task.,Low,Open,2025-01-04
T00190,P0096,E00216,Participant street who already.,Low,In Progress,2025-03-21
T00191,P0187,E00447,Happy chance never stand exist space.,Medium,Completed,2025-09-25
T00192,P0105,E00091,Task black hold understand term foreign figure.,Low,Open,2025-01-26
T00193,P0039,E00223,Recent never picture sell minute.,Medium,Blocked,2025-06-28
T00194,P0127,E00171,Pick protect history size.,Medium,Blocked,2025-09-03
T00195,P0097,E00440,Possible region foot project.,Low,In Progress,2025-06-18
T00196,P0095,E00349,Outside authority eight instead.,Medium,Open,2024-12-29
T00197,P0045,E00220,Daughter late second improve knowledge size.,Medium,Blocked,2024-10-12
T00198,P0105,E00471,Decide couple who meeting whose owner game.,Medium,In Progress,2024-11-11
T00199,P0075,E00316,Simply decision table easy add nothing past field.,Low,In Progress,2025-03-09
T00200,P0130,E00135,Reach concern technology candidate.,High,Blocked,2025-07-16
T00201,P0189,E00478,Officer wait store cup admit sometimes.,High,In Progress,2025-03-28
T00202,P0097,E00069,College movie trouble statement we range.,High,Completed,2025-04-12
T00203,P0107,E00236,Especially sure drop power church baby option.,Medium,Completed,2025-04-19
T00204,P0112,E00069,Director everyone education enough.,Medium,Completed,2025-01-23
T00205,P0082,E00313,Claim share throughout debate seem land sort.,High,In Progress,2025-03-18
T00206,P0012,E00045,Consumer party television this pass couple.,High,In Progress,2025-05-23
T00207,P0005,E00012,Process wait thus them sea.,Low,In Progress,2025-09-20
T00208,P0154,E00313,South pattern simple head or before rise.,High,Completed,2025-09-19
T00209,P0149,E00321,Must should free heavy others front.,Low,Blocked,2025-04-08
T00210,P0083,E00018,Present join daughter.,Medium,In Progress,2024-12-25
T00211,P0154,E00189,Control none look industry well.,Low,Blocked,2025-01-12
T00212,P0036,E00028,Quickly leg report allow collection also enjoy.,Medium,Blocked,2025-08-11
T00213,P0152,E00335,Ten deep everyone middle daughter officer around.,Medium,In Progress,2025-01-13
T00214,P0191,E00020,Fill reason so goal south kind.,Medium,Completed,2025-08-28
T00215,P0038,E00399,Fear artist image more fund.,High,Completed,2025-02-07
T00216,P0045,E00391,Begin tough road recent.,Medium,Blocked,2025-04-06
T00217,P0053,E00079,Project improve attack say start center.,Low,Blocked,2025-07-05
T00218,P0045,E00490,East sort water money maybe serve.,Medium,Completed,2025-02-08
T00219,P0061,E00359,Technology everyone local yard public.,High,In Progress,2025-07-20
T00220,P0074,E00032,Perhaps him later risk college develop.,Low,Blocked,2025-06-01
T00221,P0067,E00001,Partner across teach.,High,In Progress,2024-12-03
T00222,P0061,E00058,Country moment once try health example voice.,High,Completed,2025-06-20
T00223,P0164,E00103,Grow outside color full never tree.,Medium,In Progress,2025-01-28
T00224,P0145,E00111,Them close resource car.,Medium,Blocked,2025-09-08
T00225,P0012,E00379,Money science sell big name bad behind really.,Medium,In Progress,2024-10-12
T00226,P0048,E00086,Sea military increase.,High,In Progress,2025-09-08
T00227,P0043,E00037,More forget describe star.,High,Completed,2025-07-31
T00228,P0103,E00228,Lay consumer do lot affect.,Low,Open,2025-06-01
T00229,P0045,E00327,Skin local become oil.,Low,In Progress,2025-07-31
T00230,P0195,E00292,Benefit challenge claim miss.,High,Completed,2024-12-11
T00231,P0095,E00342,Oil sense glass society.,Low,Blocked,2025-04-05
T00232,P0088,E00203,Deal she economy event card PM street position.,Low,Blocked,2025-06-25
T00233,P0063,E00215,Benefit family together boy power care board.,Low,Completed,2025-09-21
T00234,P0084,E00156,Investment program similar put contain.,Medium,Open,2025-03-31
T00235,P0070,E00448,Ahead design hotel raise a himself between.,High,Completed,2025-08-13
T00236,P0087,E00397,Talk benefit meet character.,Medium,Completed,2025-03-02
T00237,P0064,E00120,Think less practice teacher mean say.,Medium,Open,2025-06-26
T00238,P0056,E00421,Character character painting answer.,High,Open,2025-02-06
T00239,P0057,E00064,Church within chair cost today.,High,Completed,2025-06-26
T00240,P0030,E00111,Popular entire air area this trial partner.,Low,In Progress,2025-09-21
T00241,P0110,E00351,Court skill result rule ask capital baby.,Medium,Blocked,2025-09-26
T00242,P0030,E00342,Part including eye news toward avoid.,Medium,In Progress,2025-02-04
T00243,P0058,E00176,Nation make away room want factor.,High,Blocked,2025-05-12
T00244,P0161,E00024,Season new push these thank identify describe eye.,Medium,Blocked,2025-01-23
T00245,P0131,E00326,Seem although with little knowledge tell age.,High,Open,2024-12-05
T00246,P0037,E00190,Join pick century foreign late keep movement stuff.,High,In Progress,2025-06-03
T00247,P0035,E00114,Worker late report report mean.,Low,In Progress,2025-08-11
T00248,P0189,E00064,Much its thus person really against stay.,Medium,In Progress,2025-06-04
T00249,P0166,E00493,Window any and talk food.,Medium,Completed,2025-01-25
T00250,P0157,E00003,Body personal although strategy off.,Low,In Progress,2024-12-23
T00251,P0031,E00412,Represent provide glass manage.,Low,Blocked,2025-05-22
T00252,P0025,E00479,Student force majority reflect.,Medium,Blocked,2024-12-08
T00253,P0122,E00412,Threat government still cup.,High,Open,2025-05-29
T00254,P0197,E00191,Successful get act could music provide same someone.,Medium,Blocked,2025-03-27
T00255,P0080,E00206,Baby drop possible space fine.,High,Open,2025-07-02
T00256,P0008,E00075,Close couple doctor anything article senior major.,Low,Completed,2025-08-14
T00257,P0165,E00209,Fly necessary involve decision us cut conference.,High,Open,2025-06-08
T00258,P0049,E00461,Appear bank rich let social everyone ok.,Medium,In Progress,2025-04-24
T00259,P0166,E00462,Maintain her adult reality.,Medium,Open,2025-04-23
T00260,P0015,E00175,Oil head what why.,Medium,Completed,2025-05-21
T00261,P0200,E00120,Off cover activity animal.,Medium,Completed,2024-12-25
T00262,P0123,E00020,Trip old billion into Republican reflect direction.,Low,Blocked,2025-03-30
T00263,P0095,E00230,House even PM wife late participant deal value.,High,In Progress,2024-12-08
T00264,P0087,E00047,Institution support section who west.,High,Completed,2024-10-25
T00265,P0185,E00328,Require he decide apply.,Medium,Blocked,2025-06-10
T00266,P0041,E00040,Write nice enough seem.,Low,Open,2025-02-14
T00267,P0199,E00486,Fire person role against occur gas amount.,High,In Progress,2025-06-20
T00268,P0117,E00146,Thus food themselves grow until education growth.,Medium,Open,2025-04-20
T00269,P0143,E00170,Office show positive office.,Low,Open,2024-11-23
T00270,P0170,E00332,Reality stand he seat some.,Medium,Completed,2025-06-29
T00271,P0074,E00266,Congress once sister land condition.,Low,In Progress,2025-02-10
T00272,P0004,E00130,Life truth service season.,Medium,Completed,2024-10-23
T00273,P0135,E00246,Democratic very bad ball begin.,Medium,In Progress,2024-10-10
T00274,P0112,E00314,Impact middle into win professor citizen.,Low,Completed,2024-10-11
T00275,P0143,E00026,Chance truth follow glass clearly.,Low,Blocked,2025-06-23
T00276,P0031,E00459,Art forget wear want must Republican.,Medium,Blocked,2025-05-22
T00277,P0131,E00368,Represent wait number chance ok draw seven particular.,High,Completed,2024-11-19
T00278,P0026,E00335,Fast item through its matter power.,High,In Progress,2025-07-04
T00279,P0139,E00139,Least current let agent floor lay decide meeting.,Low,Completed,2025-06-03
T00280,P0138,E00238,You professor use lawyer.,Low,Blocked,2025-10-01
T00281,P0116,E00119,Rock key off.,Low,Blocked,2025-07-01
T00282,P0104,E00366,Level now data forward.,High,In Progress,2025-09-01
T00283,P0021,E00425,Score politics watch fly.,Low,Open,2025-03-11
T00284,P0168,E00480,Soldier moment boy.,Low,Blocked,2025-01-18
T00285,P0090,E00327,Ago hear necessary these forget.,Low,Completed,2025-01-05
T00286,P0005,E00492,Religious like show thousand a west scientist effect.,Medium,Open,2025-01-29
T00287,P0011,E00173,Really common cover pick single hope listen catch.,High,Open,2025-02-08
T00288,P0179,E00374,Unit put play project foot who.,High,Blocked,2025-06-22
T00289,P0176,E00483,Decision law first back.,Medium,In Progress,2024-11-22
T00290,P0127,E00294,Listen ready member author.,High,Open,2025-04-02
T00291,P0056,E00479,Dinner spring single role once.,Medium,In Progress,2025-05-09
T00292,P0154,E00310,Remember suddenly believe play entire.,Medium,Open,2025-03-06
T00293,P0090,E00360,Through here recognize and media baby.,High,Blocked,2025-07-27
T00294,P0033,E00212,Argue of admit available young.,Low,In Progress,2025-03-31
T00295,P0063,E00358,Community hit set always fight land pick.,Medium,Completed,2024-12-13
T00296,P0101,E00438,Identify perform senior good evening even best.,Medium,In Progress,2025-09-23
T00297,P0133,E00366,Sure can various rich follow join material.,High,Completed,2025-06-01
T00298,P0039,E00267,Way once them answer.,High,Completed,2024-10-13
T00299,P0080,E00102,Thus not send girl reason.,Low,Blocked,2025-06-19
T00300,P0195,E00315,Once chance save rather scientist.,Medium,In Progress,2025-06-13
T00301,P0104,E00034,Skin article cell trial question main.,Medium,In Progress,2024-11-11
T00302,P0109,E00365,Near as including customer need.,Low,Blocked,2025-07-11
T00303,P0156,E00010,Individual perhaps final professional condition.,Low,In Progress,2024-11-04
T00304,P0060,E00389,Deep window consumer environmental explain stay class coach.,High,Blocked,2025-01-05
T00305,P0144,E00431,Similar many conference remain yourself wrong management.,Medium,In Progress,2025-02-01
T00306,P0013,E00040,Station town stop seven cost Republican.,High,In Progress,2025-02-20
T00307,P0174,E00418,Involve since per class may.,Low,In Progress,2025-02-08
T00308,P0198,E00440,Day something citizen national.,Low,In Progress,2025-05-30
T00309,P0163,E00492,Still really as home.,Low,In Progress,2025-07-30
T00310,P0037,E00465,Particular east now.,Low,Blocked,2025-01-28
T00311,P0108,E00386,Low board common benefit senior.,Low,Completed,2024-10-13
T00312,P0149,E00130,Attention deal majority like night story.,Low,Blocked,2025-01-07
T00313,P0123,E00072,Rock but morning.,High,In Progress,2024-10-23
T00314,P0132,E00205,Store hot church Mr.,Medium,In Progress,2025-07-10
T00315,P0079,E00393,Public south reflect chair assume.,Medium,Blocked,2025-02-20
T00316,P0013,E00255,Yes join series friend.,Medium,Completed,2024-12-08
T00317,P0168,E00382,Guess item scene push upon benefit.,High,In Progress,2025-09-03
T00318,P0123,E00487,Again child charge scientist color.,Low,Completed,2024-12-13
T00319,P0148,E00460,I knowledge condition how.,Medium,Open,2025-04-14
T00320,P0084,E00043,Son evidence sign cell development project either.,Medium,In Progress,2025-03-05
T00321,P0118,E00228,Base sign act find six.,Medium,Blocked,2025-08-01
T00322,P0080,E00099,Director life ask.,Low,In Progress,2025-06-24
T00323,P0044,E00309,Investment their name country.,High,In Progress,2024-12-25
T00324,P0066,E00241,Worry teacher if culture phone.,Medium,Blocked,2025-03-06
T00325,P0035,E00292,Public back commercial.,Medium,Open,2025-05-10
T00326,P0143,E00463,Among sister bring investment collection quite sea.,High,In Progress,2025-09-27
T00327,P0146,E00024,Claim store trip key everything body perhaps.,Medium,Completed,2025-01-15
T00328,P0034,E00450,Significant would community.,Low,In Progress,2025-05-21
T00329,P0110,E00139,Possible forward wall home hot bed.,Low,In Progress,2025-01-05
T00330,P0075,E00454,General message environment serious.,Low,Completed,2025-01-27
T00331,P0089,E00276,Sell high actually leader.,Low,In Progress,2025-04-13
T00332,P0116,E00103,Fly free loss message plant yet.,High,Open,2025-01-01
T00333,P0074,E00160,Sit any north too sometimes major interesting instead.,Low,Open,2025-02-24
T00334,P0107,E00281,Artist thus case young magazine piece.,Medium,In Progress,2025-04-19
T00335,P0108,E00297,Matter fly small his.,High,Completed,2025-03-22
T00336,P0147,E00217,Risk attorney politics maybe say appear cultural.,Medium,Open,2025-04-04
T00337,P0144,E00432,Check east chance trial color respond middle.,Medium,Blocked,2025-05-08
T00338,P0034,E00078,Pm impact model name.,Low,In Progress,2025-07-26
T00339,P0155,E00024,Move when size take professional and agent.,Low,Open,2024-10-19
T00340,P0194,E00116,Game style hold just.,Medium,Open,2024-11-18
T00341,P0198,E00448,Recognize approach may.,High,In Progress,2025-05-06
T00342,P0118,E00281,Onto southern event.,High,Open,2025-06-26
T00343,P0036,E00246,Capital quickly spend run.,High,Blocked,2025-07-26
T00344,P0003,E00210,Ahead capital actually same represent.,Low,Blocked,2025-01-20
T00345,P0190,E00418,Anyone whose campaign Republican.,Low,Completed,2025-06-26
T00346,P0107,E00128,Street movement in Democrat live wind.,High,Completed,2025-01-20
T00347,P0082,E00408,Report article tend result sit field.,Low,Completed,2025-10-01
T00348,P0013,E00197,Whole happy during hold before again.,Low,Blocked,2024-12-15
T00349,P0084,E00174,Agreement rate back dinner because will.,High,Completed,2025-04-17
T00350,P0039,E00181,Total nothing police claim explain.,Medium,Open,2024-11-12
T00351,P0115,E00308,Mean figure computer keep economy lay.,Low,Blocked,2024-10-25
T00352,P0099,E00022,Number summer environment level.,Medium,In Progress,2025-04-14
T00353,P0114,E00444,Person soldier billion art region consider.,Low,Open,2025-07-31
T00354,P0117,E00382,Front born move politics trouble.,Low,In Progress,2024-11-15
T00355,P0128,E00100,Agency series sometimes safe his forget.,High,In Progress,2025-03-29
T00356,P0131,E00313,Radio source chance whether field effect.,Medium,Blocked,2025-08-07
T00357,P0115,E00208,Game church power.,Medium,Blocked,2024-11-19
T00358,P0114,E00332,Guy agree also happen.,Low,Completed,2025-07-08
T00359,P0045,E00448,Commercial baby west speak manager according another.,Low,Open,2025-05-03
T00360,P0143,E00475,Other wish beat trip hundred.,Medium,In Progress,2024-10-25
T00361,P0120,E00479,Allow establish past mission evening style ask.,High,Open,2025-04-17
T00362,P0078,E00397,Development hair able measure environment tough.,Medium,Open,2024-11-10
T00363,P0139,E00078,Cut early me parent.,High,Blocked,2024-12-25
T00364,P0146,E00267,Family focus tax concern color blood know.,High,In Progress,2025-08-04
T00365,P0013,E00047,Majority job nice cup southern majority ok.,High,Open,2025-05-12
T00366,P0023,E00169,Bed explain crime herself.,Low,Blocked,2025-06-29
T00367,P0147,E00217,Its pretty party end wind range food.,Medium,Blocked,2025-09-22
T00368,P0024,E00095,Hold where rich cost start new body.,Medium,In Progress,2024-12-13
T00369,P0068,E00192,Traditional event traditional source.,High,In Progress,2025-07-31
T00370,P0003,E00060,Involve marriage Mrs eight help become.,Medium,In Progress,2025-02-28
T00371,P0140,E00249,Certainly individual stop PM economic.,Medium,Blocked,2025-07-14
T00372,P0154,E00236,War notice officer place thank account.,High,Completed,2025-07-19
T00373,P0049,E00295,See right question able author worker.,Medium,Open,2024-10-19
T00374,P0162,E00320,Eight smile capital owner every.,High,Blocked,2024-12-17
T00375,P0026,E00276,Information investment Mr control various tell seven.,Low,Completed,2025-02-18
T00376,P0197,E00278,Inside idea know class position task traditional.,Low,Blocked,2025-05-09
T00377,P0185,E00440,Charge happy current ten along understand week.,High,In Progress,2025-01-17
T00378,P0053,E00213,Drug drop amount spend room hope.,High,Open,2025-05-29
T00379,P0174,E00033,Stage president rate.,High,In Progress,2025-01-05
T00380,P0107,E00362,Adult sport recognize then audience mention job.,Medium,In Progress,2025-06-19
T00381,P0181,E00023,Describe than record city determine push increase.,Medium,Open,2025-06-05
T00382,P0087,E00087,Ok situation management clearly my.,High,Blocked,2025-05-06
T00383,P0018,E00246,Yourself two work not hard safe.,Medium,Completed,2025-08-07
T00384,P0091,E00135,Property represent special particularly book move pick.,Medium,Open,2025-09-01
T00385,P0061,E00139,Industry care recently those.,High,Blocked,2024-10-30
T00386,P0006,E00327,Rate image nothing structure ago involve.,Medium,Blocked,2025-08-14
T00387,P0169,E00362,Recently free join attorney by western but.,Medium,Open,2024-10-11
T00388,P0042,E00430,Election type development night within.,Medium,Completed,2024-10-15
T00389,P0179,E00274,Bank cause election better human.,Medium,Completed,2025-06-27
T00390,P0003,E00337,Table marriage history pretty health.,Medium,Completed,2025-01-16
T00391,P0034,E00023,Fast perform court democratic effort.,Medium,Blocked,2024-10-17
T00392,P0009,E00440,Politics road social discussion.,Low,Completed,2025-05-19
T00393,P0005,E00368,On final painting.,Low,In Progress,2025-08-04
T00394,P0084,E00175,Grow evening blood information skin.,Low,Completed,2025-05-23
T00395,P0073,E00240,Know including collection standard security.,Medium,Blocked,2025-01-12
T00396,P0108,E00369,Third rather can first catch contain.,Low,In Progress,2024-10-18
T00397,P0079,E00470,Try live wish two.,High,Open,2025-01-21
T00398,P0059,E00068,Each down least themselves.,Low,Blocked,2025-05-27
T00399,P0106,E00148,There could fine risk knowledge policy make.,High,Blocked,2024-11-12
T00400,P0077,E00174,Wide method reason teach.,High,Open,2025-06-26
T00401,P0078,E00283,Investment both leave alone student trouble.,High,Blocked,2025-06-05
T00402,P0001,E00020,Eight anyone at son resource.,High,Completed,2025-08-23
T00403,P0149,E00488,Seat kid full could.,Low,In Progress,2024-11-01
T00404,P0160,E00276,Great kind behavior occur few carry simply.,High,Open,2025-07-24
T00405,P0011,E00392,Education court ground late in.,High,Completed,2025-04-22
T00406,P0118,E00183,Usually data alone hope she moment travel.,High,Open,2025-04-08
T00407,P0158,E00030,Actually everything night wait support difficult.,Low,Blocked,2024-12-14
T00408,P0121,E00317,Certainly follow democratic ability tell bank represent.,Low,In Progress,2025-09-06
T00409,P0143,E00338,Garden food policy size.,Medium,Open,2024-12-02
T00410,P0066,E00006,Work and yourself central meeting.,Low,Completed,2025-09-23
T00411,P0199,E00057,Total live measure he book simply.,Medium,In Progress,2025-09-16
T00412,P0115,E00054,Kitchen particular around protect.,High,Blocked,2025-08-09
T00413,P0076,E00444,Strategy work economy.,Low,Blocked,2025-09-26
T00414,P0136,E00208,Street possible ball administration seek care sit.,Low,Blocked,2025-02-24
T00415,P0168,E00037,Leader production spring group impact usually.,Medium,Blocked,2025-01-23
T00416,P0109,E00254,Hope scientist Democrat good continue.,High,Open,2025-02-06
T00417,P0017,E00390,Guess perform building ready grow instead then.,Medium,Open,2025-04-21
T00418,P0101,E00279,Painting address consumer.,High,In Progress,2025-09-01
T00419,P0166,E00498,Leg truth water increase plant state.,Medium,In Progress,2025-03-26
T00420,P0014,E00324,Summer hope such watch step population surface.,Low,Blocked,2025-05-29
T00421,P0151,E00199,Dream film need bring try eye PM.,Medium,Open,2025-01-20
T00422,P0200,E00354,Whose option not little go.,Low,Blocked,2025-07-01
T00423,P0013,E00441,What create table language.,Low,Open,2025-08-28
T00424,P0062,E00482,Upon hospital development explain word design someone.,Medium,Open,2025-01-10
T00425,P0152,E00045,Level decade Democrat agreement by win offer large.,Low,In Progress,2024-11-24
T00426,P0180,E00371,Recognize manager decision involve tough he theory plant.,High,Completed,2024-12-29
T00427,P0063,E00165,Where determine enter color.,High,Blocked,2025-03-15
T00428,P0194,E00105,Lay break year financial.,High,Completed,2025-05-30
T00429,P0182,E00272,Claim middle claim difference case miss series.,Medium,Blocked,2025-07-23
T00430,P0075,E00178,Reveal simple low clear lose any.,Medium,Open,2025-01-28
T00431,P0120,E00353,Part last generation adult art ok few.,High,Blocked,2025-05-15
T00432,P0056,E00109,Low deal base network.,Medium,Open,2024-12-19
T00433,P0079,E00015,Near local town success the.,High,Blocked,2024-12-01
T00434,P0030,E00406,Statement character artist walk.,Low,Blocked,2025-09-08
T00435,P0111,E00454,Start nature catch PM trial fund have.,Low,In Progress,2025-03-11
T00436,P0004,E00485,Mr close large finally impact suffer maintain.,Medium,Open,2025-06-10
T00437,P0107,E00359,Accept economic upon quality per camera theory camera.,High,Blocked,2024-10-08
T00438,P0019,E00383,Serious make part admit.,High,Open,2024-12-30
T00439,P0109,E00345,Ahead responsibility of film again.,High,Blocked,2025-03-18
T00440,P0192,E00141,Bad again red matter attention.,Medium,In Progress,2024-12-11
T00441,P0007,E00056,They role author Mrs home so.,Medium,In Progress,2025-01-17
T00442,P0167,E00083,Mother edge candidate reveal visit mission knowledge.,Low,In Progress,2024-10-08
T00443,P0194,E00275,Drop feeling ball quite.,Medium,Blocked,2025-03-11
T00444,P0101,E00454,Financial piece money speech.,High,Open,2025-01-12
T00445,P0172,E00464,Card level far eye business.,Low,Blocked,2025-06-28
T00446,P0102,E00396,Do reveal operation blue with stuff mind politics.,High,Open,2025-01-06
T00447,P0038,E00218,South born resource during question animal interview.,High,In Progress,2025-10-02
T00448,P0005,E00437,Many foreign American political television.,Low,Completed,2024-11-18
T00449,P0023,E00359,Cause American effect list.,High,Open,2025-07-26
T00450,P0158,E00412,Fight summer car operation standard send check woman.,Low,Open,2025-08-31
T00451,P0149,E00023,Professional hit ground daughter contain.,High,Blocked,2024-10-26
T00452,P0067,E00486,Election on statement black oil foreign.,High,In Progress,2025-03-15
T00453,P0078,E00199,It even help pattern second scientist me.,Low,Completed,2025-06-28
T00454,P0050,E00244,Difference project occur claim his six.,Low,Open,2025-05-05
T00455,P0171,E00139,Present stand thought as identify.,High,In Progress,2025-01-03
T00456,P0022,E00021,Case after matter cold will.,High,Open,2024-11-21
T00457,P0013,E00372,Bag news whole place machine.,Low,Completed,2025-03-18
T00458,P0065,E00452,Perhaps team or when.,High,Completed,2024-12-03
T00459,P0018,E00200,Around country drive never other car.,High,Blocked,2024-12-13
T00460,P0194,E00113,Among speech religious.,High,Blocked,2025-01-11
T00461,P0171,E00346,Talk letter somebody same form.,High,Completed,2025-05-14
T00462,P0192,E00151,Enter strategy account.,High,Completed,2025-04-11
T00463,P0018,E00027,Trouble soldier director.,High,Completed,2024-12-29
T00464,P0092,E00206,Business six anyone difference conference minute of.,Low,Open,2025-06-23
T00465,P0136,E00423,Kitchen high pressure especially apply.,High,Completed,2024-10-19
T00466,P0012,E00191,Hot modern dinner.,Medium,In Progress,2024-12-24
T00467,P0102,E00194,Someone trouble notice fast painting.,High,Blocked,2025-01-22
T00468,P0070,E00137,North theory tough they project.,Low,Completed,2025-06-05
T00469,P0111,E00239,International war billion story.,High,Blocked,2025-05-21
T00470,P0133,E00075,Young six happen east.,Low,Open,2025-09-08
T00471,P0043,E00391,Develop culture finally court.,High,Open,2025-09-01
T00472,P0138,E00362,Poor add response tree.,Low,Blocked,2025-08-12
T00473,P0098,E00336,Season training million high democratic.,Low,Completed,2025-07-19
T00474,P0032,E00299,Stay space street her computer.,Low,Blocked,2024-10-22
T00475,P0147,E00354,Mention nothing decide hit their million new.,High,Open,2025-01-04
T00476,P0094,E00032,Film light spring performance nation on situation.,Medium,Completed,2025-07-07
T00477,P0175,E00088,Program Mr job budget question car statement others.,High,Blocked,2025-03-23
T00478,P0088,E00158,Population maintain be about Republican whatever state.,High,Blocked,2025-03-24
T00479,P0014,E00359,Establish least space.,Low,In Progress,2025-10-04
T00480,P0115,E00380,Congress practice grow bag wonder mind.,Medium,In Progress,2024-10-18
T00481,P0167,E00382,Early suffer maybe tree.,Medium,Open,2024-11-22
T00482,P0046,E00050,Even store big leg.,Low,Blocked,2024-11-06
T00483,P0171,E00241,Source attention try will federal.,High,Completed,2025-01-21
T00484,P0158,E00443,Part describe happen sit participant find.,High,Open,2025-05-04
T00485,P0118,E00154,Easy focus consumer painting your.,Low,In Progress,2025-01-16
T00486,P0083,E00452,Involve owner throughout bag.,Low,In Progress,2025-02-11
T00487,P0034,E00178,Drive identify TV some peace investment.,Medium,Blocked,2024-12-07
T00488,P0056,E00215,Job property general degree pressure level.,Low,In Progress,2025-06-12
T00489,P0093,E00325,Recent order factor.,High,Completed,2025-04-09
T00490,P0118,E00409,Miss quite true born development pay note.,Medium,Completed,2025-07-31
T00491,P0026,E00023,Figure crime lawyer city.,Medium,Open,2025-04-30
T00492,P0096,E00036,Order exist together hotel notice know impact.,Medium,Blocked,2025-06-30
T00493,P0070,E00331,Professional price party street yard billion.,High,In Progress,2025-05-14
T00494,P0049,E00431,Discussion activity official admit suggest attention pressure day.,Low,Completed,2025-08-23
T00495,P0028,E00157,Not lose plant fire color.,Low,Completed,2025-08-12
T00496,P0199,E00336,Scene point buy whole wonder opportunity western.,Low,In Progress,2024-10-14
T00497,P0029,E00170,Same the figure around describe time.,High,Open,2025-09-23
T00498,P0147,E00109,Cause report travel bill again dark.,Medium,In Progress,2024-12-13
T00499,P0099,E00467,Few economic staff opportunity suddenly.,Low,Open,2024-10-11
T00500,P0029,E00183,Until artist happy tough your example kitchen.,Low,Blocked,2025-06-28
T00501,P0126,E00297,Well agency need north.,Low,Completed,2024-12-25
T00502,P0084,E00128,Foot television left difficult see prevent.,Low,Open,2024-10-12
T00503,P0048,E00310,For fight poor number.,Low,Completed,2025-08-26
T00504,P0130,E00010,Long prepare occur store throughout so station.,High,Open,2025-03-17
T00505,P0071,E00068,Course I couple coach him keep.,Low,Completed,2024-10-24
T00506,P0128,E00168,Mouth ten pretty man involve must item.,Low,Open,2025-01-19
T00507,P0147,E00327,Social charge sea available food wish.,Low,In Progress,2024-12-16
T00508,P0144,E00162,Consider activity leave relate whole.,Medium,Completed,2024-10-25
T00509,P0021,E00081,Such officer happen image chance ever blue.,Medium,In Progress,2025-08-24
T00510,P0145,E00098,Trip hundred same treatment.,High,Completed,2024-11-10
T00511,P0136,E00109,Goal onto significant statement.,High,Open,2024-12-29
T00512,P0120,E00071,People another law piece expect deep.,Low,Blocked,2024-12-20
T00513,P0162,E00492,Partner economic huge grow face him hour.,High,In Progress,2025-04-17
T00514,P0064,E00158,Safe food dream rise.,High,Blocked,2025-07-19
T00515,P0053,E00077,Employee value rich begin arm behind story.,Medium,Open,2024-12-21
T00516,P0006,E00254,Skin less statement worker major.,Low,In Progress,2025-02-16
T00517,P0024,E00418,Provide show item activity two.,Medium,Blocked,2025-03-11
T00518,P0085,E00082,Game subject manager third outside blood.,Low,Open,2025-07-26
T00519,P0107,E00392,Do question spring.,Low,Blocked,2025-02-03
T00520,P0059,E00039,Lot cup mission home relationship available maybe.,Low,Open,2025-08-11
T00521,P0153,E00412,Throughout third if ability ever camera history.,Medium,Open,2025-09-16
T00522,P0073,E00146,Old no who quality power respond huge good.,Low,In Progress,2024-10-20
T00523,P0089,E00237,System half girl animal fish half policy consumer.,Medium,Completed,2025-06-03
T00524,P0037,E00498,Worry role or I might person wife.,High,Open,2025-07-18
T00525,P0196,E00273,How mean politics pick board.,Low,In Progress,2025-06-10
T00526,P0064,E00413,Itself military computer husband method name.,Medium,In Progress,2025-05-02
T00527,P0187,E00387,Apply though firm game just.,Low,Blocked,2024-12-27
T00528,P0089,E00443,Almost discover energy language collection it.,Low,In Progress,2024-12-02
T00529,P0132,E00254,Store central your seem letter.,Low,Completed,2025-01-09
T00530,P0046,E00190,Big visit near without law first.,Medium,Completed,2024-12-14
T00531,P0184,E00450,Her pay receive brother culture just second every.,Low,Completed,2025-03-15
T00532,P0067,E00197,Top partner tonight professor affect.,Low,In Progress,2025-06-02
T00533,P0016,E00469,Should give large usually view.,Low,Completed,2025-05-07
T00534,P0062,E00343,Memory system perhaps hear.,High,Blocked,2025-03-22
T00535,P0005,E00022,Certainly great recently cup create.,High,Completed,2025-03-05
T00536,P0136,E00042,Wonder front once really thank response benefit.,Low,In Progress,2025-01-24
T00537,P0190,E00303,Republican dream do weight method north together inside.,Medium,Open,2024-11-12
T00538,P0066,E00273,Sit class raise article such.,Medium,Blocked,2025-02-19
T00539,P0100,E00465,Happy election difficult line standard of hope place.,High,Completed,2025-05-21
T00540,P0121,E00434,Image design night Republican.,High,Completed,2025-09-07
T00541,P0118,E00220,Century base break discussion be interest cold.,Low,Open,2025-08-03
T00542,P0059,E00495,Center nice toward owner fact.,Low,Open,2024-11-22
T00543,P0047,E00329,Particularly order may by specific head matter detail.,Low,In Progress,2024-12-02
T00544,P0134,E00306,Story key so see themselves.,High,Blocked,2025-06-11
T00545,P0137,E00269,Street certain gas throughout or impact.,Medium,In Progress,2025-03-12
T00546,P0017,E00142,Age in add else here.,High,Open,2025-04-25
T00547,P0035,E00066,Land rest much every brother something something old.,High,In Progress,2025-01-12
T00548,P0020,E00232,Trouble try if learn.,Medium,Open,2025-05-22
T00549,P0065,E00045,Almost nature make shake set any approach agreement.,High,Completed,2025-05-14
T00550,P0142,E00270,Drug full goal fall grow.,Low,Blocked,2025-03-02
T00551,P0187,E00153,Mouth require how decade some.,Medium,Blocked,2025-09-16
T00552,P0102,E00488,Short build west others collection speech.,High,Open,2025-02-12
T00553,P0081,E00181,Around paper chance oil opportunity.,Low,Blocked,2025-08-10
T00554,P0165,E00305,Benefit exactly hit situation point.,Low,Open,2025-02-21
T00555,P0200,E00431,Window risk very movement.,High,Completed,2025-09-14
T00556,P0020,E00051,Peace fall card guy yourself.,High,Open,2024-11-23
T00557,P0196,E00352,Message west professional however good learn consider.,Medium,Blocked,2025-07-14
T00558,P0092,E00212,Information end policy just hear.,High,Completed,2025-02-01
T00559,P0009,E00216,Home store movie of study peace.,Medium,Blocked,2025-07-20
T00560,P0170,E00160,Surface myself argue remember.,Medium,Completed,2024-11-20
T00561,P0089,E00318,Measure contain bad.,Low,Completed,2025-06-01
T00562,P0159,E00069,Business herself happen station through base player.,Low,Open,2024-11-30
T00563,P0191,E00138,Able kind end play go blood real.,Medium,In Progress,2024-11-19
T00564,P0175,E00476,Visit daughter drug.,Medium,In Progress,2024-11-27
T00565,P0094,E00097,Or prevent several almost say responsibility.,High,Blocked,2025-02-20
T00566,P0019,E00069,Statement view adult sort away.,Low,In Progress,2025-04-15
T00567,P0193,E00474,Level nearly PM instead wish tell.,Medium,Open,2025-09-25
T00568,P0029,E00347,Candidate option community party best.,Low,In Progress,2025-01-03
T00569,P0109,E00269,Identify street offer perform central red.,High,Open,2025-07-17
T00570,P0027,E00490,Side wind air least.,High,Open,2025-09-23
T00571,P0064,E00266,Control describe anything middle.,Medium,In Progress,2024-10-09
T00572,P0148,E00400,Window produce same window animal.,Medium,Blocked,2025-09-06
T00573,P0004,E00333,These lay although movie key power brother model.,Medium,Completed,2024-10-14
T00574,P0086,E00011,Coach best miss until.,High,Blocked,2025-06-17
T00575,P0027,E00386,Discover likely be culture ball.,Low,Blocked,2025-02-16
T00576,P0042,E00321,Various machine appear our.,High,Open,2024-12-16
T00577,P0089,E00374,War season business need item.,Medium,Open,2025-02-26
T00578,P0021,E00231,Matter seem individual.,Low,Blocked,2025-01-09
T00579,P0043,E00495,Artist design throw future particularly big.,High,Completed,2025-01-09
T00580,P0021,E00265,Inside billion across example eight law.,Medium,In Progress,2024-11-14
T00581,P0031,E00198,Dinner just step low.,Low,Completed,2025-03-25
T00582,P0007,E00183,Analysis peace if year option east cause.,Low,Completed,2024-10-07
T00583,P0021,E00094,Indicate smile computer street project.,Low,Open,2025-01-13
T00584,P0188,E00052,Finally rise strategy lead forget deep smile.,High,Open,2025-03-13
T00585,P0053,E00239,System language win she for worry movie remain.,Low,In Progress,2025-02-13
T00586,P0029,E00392,Plan each range fast interview.,Medium,In Progress,2025-02-02
T00587,P0065,E00094,Expert add space author scientist discover later human.,Low,Completed,2025-07-12
T00588,P0004,E00355,Size administration draw green box sometimes world.,Low,In Progress,2025-05-08
T00589,P0117,E00200,Attention moment like into show talk Mr fall.,Low,Blocked,2024-10-08
T00590,P0079,E00008,Speech middle practice begin.,Medium,Blocked,2025-02-07
T00591,P0173,E00159,Action and American can economy.,Medium,Blocked,2024-11-06
T00592,P0183,E00213,After knowledge space election budget.,High,In Progress,2024-10-31
T00593,P0141,E00051,Decade prepare or meet.,Medium,In Progress,2025-04-24
T00594,P0012,E00228,Door people center argue.,Medium,In Progress,2024-10-27
T00595,P0078,E00280,Must hotel should sit animal.,Low,Open,2024-11-22
T00596,P0049,E00104,Catch like age son season card amount.,Low,Open,2025-01-24
T00597,P0059,E00365,Anything study just letter while line.,Medium,In Progress,2025-04-11
T00598,P0154,E00098,Yard get pick instead machine once win.,Medium,Open,2025-09-04
T00599,P0077,E00178,Material people go hard defense interview.,High,Blocked,2025-01-05
T00600,P0026,E00158,Quite time she begin experience.,Medium,Open,2025-08-28
T00601,P0188,E00347,Successful me about size magazine decision.,Medium,Open,2025-02-17
T00602,P0003,E00332,Certainly opportunity PM.,Medium,Blocked,2024-10-05
T00603,P0190,E00346,Media work deal dark step.,High,Completed,2024-10-18
T00604,P0069,E00315,Officer prepare surface herself ability.,High,Blocked,2025-07-31
T00605,P0096,E00120,Pressure person accept agency.,High,In Progress,2025-05-17
T00606,P0191,E00247,Expert risk experience you suddenly face another.,Low,Completed,2025-08-25
T00607,P0068,E00307,Play effort today professional night.,High,Blocked,2025-03-19
T00608,P0003,E00338,Yourself should necessary pass hour people.,High,Blocked,2025-01-08
T00609,P0013,E00074,Have wrong avoid war together number teacher.,Medium,Open,2025-04-08
T00610,P0155,E00264,Rock class decade detail require amount leg.,Medium,In Progress,2025-08-02
T00611,P0144,E00291,Leave hear she size market move.,Medium,Completed,2024-12-05
T00612,P0057,E00342,Season case see.,High,Completed,2025-04-14
T00613,P0005,E00034,Security theory course low.,Medium,In Progress,2025-06-08
T00614,P0173,E00054,Medical evening standard fact person.,Low,Open,2025-07-11
T00615,P0166,E00386,Clearly first light animal color.,Medium,Open,2025-08-11
T00616,P0008,E00091,Record project think our.,Low,Open,2025-07-13
T00617,P0088,E00004,Economic great girl.,Medium,Blocked,2025-01-15
T00618,P0118,E00010,Left drive born rise.,Low,Blocked,2025-08-21
T00619,P0039,E00366,Score least professor decade without.,High,In Progress,2025-08-24
T00620,P0168,E00070,Window as director visit social catch community.,Low,Completed,2025-01-17
T00621,P0145,E00369,Place task still many southern question member.,Low,In Progress,2025-10-02
T00622,P0130,E00287,Task that the whose and.,Low,Open,2025-09-05
T00623,P0061,E00158,Marriage ask allow read range president important.,Medium,Completed,2024-10-09
T00624,P0175,E00129,Miss reach half away eight leader.,Low,Open,2025-08-18
T00625,P0020,E00122,Economy environment ball let western anything.,High,Open,2025-05-04
T00626,P0062,E00251,Soon situation worker.,Medium,Blocked,2024-10-15
T00627,P0075,E00177,Forget believe we pattern.,High,Completed,2024-11-13
T00628,P0009,E00479,Edge start share.,Low,Blocked,2025-06-02
T00629,P0016,E00368,Leg act debate price without meeting.,Low,Blocked,2025-08-16
T00630,P0174,E00093,Item part magazine my pull.,Low,In Progress,2025-01-20
T00631,P0064,E00309,Whom wear education tax talk.,High,Completed,2025-04-27
T00632,P0123,E00220,Answer indeed share wife all when.,Low,Open,2025-07-31
T00633,P0198,E00460,Anyone make international TV mouth model artist these.,Medium,Blocked,2025-06-19
T00634,P0091,E00145,Culture lot lot great event discover.,Low,In Progress,2024-11-06
T00635,P0111,E00243,Record price to sister above staff three.,Medium,In Progress,2024-12-30
T00636,P0045,E00326,Medical six people rich show stage.,High,Open,2025-02-23
T00637,P0146,E00037,Whatever cold audience detail might.,Medium,Open,2025-06-28
T00638,P0107,E00401,Energy debate senior course simple.,Low,Completed,2025-09-17
T00639,P0081,E00447,Happy away design front else leader any.,High,In Progress,2025-05-27
T00640,P0135,E00036,Body beat tell organization chance world.,High,Completed,2025-06-05
T00641,P0042,E00084,Over impact color media represent mind.,Medium,Blocked,2025-03-07
T00642,P0038,E00329,Pm meet seem north trip.,Medium,Open,2025-01-03
T00643,P0060,E00335,Site understand important there pattern.,Medium,Open,2024-11-25
T00644,P0186,E00470,Herself light then small control quite.,High,In Progress,2025-04-29
T00645,P0033,E00315,Pressure Democrat in theory per fly fly.,Low,Completed,2025-08-17
T00646,P0167,E00233,Response chair north yeah gun hour common.,Low,Blocked,2025-01-04
T00647,P0095,E00354,Protect goal may center her idea present.,High,In Progress,2025-08-22
T00648,P0104,E00260,School news church because industry author.,Low,In Progress,2025-07-27
T00649,P0113,E00378,Of let minute.,Low,Blocked,2025-03-30
T00650,P0028,E00042,Now accept live.,Medium,Blocked,2025-08-21
T00651,P0108,E00132,Will anything year around.,High,Blocked,2025-07-05
T00652,P0048,E00448,Sound then effort me.,Medium,Blocked,2024-12-11
T00653,P0035,E00066,Final leader budget yeah kitchen indeed not.,Low,Blocked,2025-03-12
T00654,P0076,E00418,Find goal sound.,Low,In Progress,2024-12-16
T00655,P0134,E00438,Change ago know risk leave.,High,In Progress,2025-07-09
T00656,P0055,E00496,Others laugh soldier fish.,High,Blocked,2025-02-28
T00657,P0133,E00203,Record alone focus key.,High,Open,2025-08-30
T00658,P0192,E00286,Out relate owner three not thousand tough.,Low,Completed,2024-11-08
T00659,P0139,E00184,Year catch worry push.,Medium,In Progress,2024-11-01
T00660,P0099,E00041,Dinner hospital this.,Medium,In Progress,2024-12-08
T00661,P0024,E00496,Reflect class western again almost wall.,Low,Blocked,2025-04-13
T00662,P0169,E00309,While building the ten meet Mrs.,Low,Open,2025-03-21
T00663,P0081,E00309,Success fight beat forward human authority hair.,Low,Blocked,2025-06-16
T00664,P0140,E00062,General spend customer without marriage turn.,Medium,Completed,2025-04-10
T00665,P0044,E00161,Parent year wait usually go reach.,High,Blocked,2024-10-04
T00666,P0016,E00083,Successful them range or.,Low,In Progress,2024-10-25
T00667,P0139,E00211,Account cause experience question yourself week paper.,High,Completed,2025-09-14
T00668,P0190,E00114,View since their painting.,Low,Blocked,2024-10-05
T00669,P0157,E00091,Job hand manager really physical better live.,High,Completed,2025-08-28
T00670,P0089,E00031,Staff free fear answer.,Medium,Open,2025-08-30
T00671,P0067,E00451,Market late professional plan name increase visit occur.,Low,Blocked,2024-12-15
T00672,P0134,E00442,Community less reality prevent possible.,Low,In Progress,2025-04-20
T00673,P0146,E00133,Part teach paper test.,Low,Open,2024-12-09
T00674,P0112,E00154,Country to plan hotel place right property everything.,High,In Progress,2025-08-16
T00675,P0004,E00003,Himself pass page lawyer behind table certain.,Medium,In Progress,2025-03-26
T00676,P0166,E00140,Door push everyone.,High,In Progress,2025-06-01
T00677,P0193,E00305,Mind hundred claim watch concern.,Medium,Blocked,2025-08-25
T00678,P0077,E00394,Must lot big give almost.,Low,Open,2025-02-08
T00679,P0037,E00188,Politics nation than drive lead Mrs.,High,Completed,2025-02-21
T00680,P0133,E00326,Summer worker test language order minute billion vote.,Low,Open,2025-02-27
T00681,P0018,E00240,Environment reality forget board mean same party.,Low,Open,2024-11-18
T00682,P0073,E00224,Remember hotel really authority organization high big tree.,High,Blocked,2025-04-10
T00683,P0109,E00286,Reflect white hard moment artist number leg.,High,Open,2024-11-11
T00684,P0151,E00193,Would century oil.,Medium,Completed,2025-03-03
T00685,P0074,E00389,Argue key feel kind.,Medium,Open,2025-02-02
T00686,P0005,E00020,Number stop receive.,Low,Blocked,2025-02-19
T00687,P0065,E00352,Bit first hospital sit agency.,High,In Progress,2025-05-23
T00688,P0009,E00491,Employee since prepare region mind seven technology.,Low,Blocked,2025-05-21
T00689,P0051,E00050,Color somebody admit have now American event able.,Medium,Open,2025-05-01
T00690,P0183,E00495,City quickly election claim involve world performance.,Medium,In Progress,2025-05-27
T00691,P0114,E00283,Left young instead none.,Low,Blocked,2025-07-08
T00692,P0014,E00374,Ago suddenly detail answer stand.,Medium,In Progress,2025-09-18
T00693,P0069,E00143,Painting food thus agree friend mother suddenly.,High,In Progress,2024-10-21
T00694,P0168,E00335,Answer century start decade cup remain.,High,Open,2025-08-11
T00695,P0124,E00368,Relate support word production country skill.,Low,In Progress,2025-07-28
T00696,P0016,E00339,Guy degree natural ago everyone.,Low,Completed,2024-12-23
T00697,P0096,E00075,Out control performance project mother point pressure.,Medium,Completed,2025-02-15
T00698,P0021,E00068,Republican expert analysis writer list write someone.,Medium,Completed,2025-05-06
T00699,P0012,E00025,Night better evening capital cut door age parent.,Medium,Open,2025-09-12
T00700,P0189,E00263,Cold south start television while scene.,Medium,In Progress,2025-08-18
T00701,P0008,E00126,Movement bag cause themselves computer performance.,Medium,Completed,2025-08-03
T00702,P0052,E00494,Design identify degree drop here treatment.,High,Open,2025-03-10
T00703,P0092,E00206,None turn wife.,High,In Progress,2025-06-28
T00704,P0177,E00465,Hand somebody more as although.,Low,In Progress,2025-08-31
T00705,P0137,E00385,Image what culture agree stage.,Low,Completed,2024-12-11
T00706,P0197,E00018,How leg risk blue later several.,Medium,Blocked,2024-12-01
T00707,P0149,E00346,You magazine edge us old.,High,Blocked,2024-12-12
T00708,P0113,E00447,Enjoy other fall dog position choice.,Medium,Open,2025-05-07
T00709,P0090,E00354,Stock challenge customer sign citizen outside.,Medium,Completed,2025-04-15
T00710,P0189,E00290,Whole use drug fly customer give house cause.,High,Blocked,2024-10-31
T00711,P0023,E00464,Week use trade shoulder song.,High,Open,2025-05-06
T00712,P0113,E00472,Expect play between computer eye help brother.,High,Completed,2024-11-13
T00713,P0006,E00199,Individual blue artist way property nothing.,Medium,In Progress,2025-03-02
T00714,P0040,E00399,Act likely sister success president good any probably.,Medium,Open,2025-01-04
T00715,P0005,E00424,Lose become Congress tax himself.,Medium,In Progress,2025-01-28
T00716,P0074,E00096,Technology entire let dog general important.,Medium,Open,2025-08-27
T00717,P0090,E00286,Word determine listen view suffer red discussion.,High,Completed,2024-10-28
T00718,P0088,E00402,Forward face better writer everybody.,High,Open,2025-01-12
T00719,P0013,E00440,Image especially operation able.,Low,Open,2025-04-14
T00720,P0108,E00382,Anyone edge analysis message else seven.,Medium,Blocked,2024-12-27
T00721,P0025,E00324,Game development conference yourself certain true involve.,Medium,Open,2025-05-20
T00722,P0122,E00293,Well college film situation central general program.,Medium,Open,2025-01-17
T00723,P0062,E00488,Cold agency hotel nor different similar.,High,In Progress,2025-02-03
T00724,P0121,E00033,Fine life girl team area final Mr.,Low,Completed,2025-01-02
T00725,P0112,E00239,We small whom everybody growth get particular.,Medium,Blocked,2025-04-18
T00726,P0055,E00027,Husband later each foot own region officer.,Low,Blocked,2024-12-06
T00727,P0135,E00113,Assume economic eat own soon beyond.,Medium,Blocked,2024-12-10
T00728,P0178,E00421,Teach main senior raise.,High,Completed,2024-11-01
T00729,P0095,E00072,Season know eye recent.,Medium,In Progress,2024-12-07
T00730,P0039,E00222,Simply early summer point particular movie institution.,Low,Blocked,2025-04-11
T00731,P0058,E00127,Board particular bill.,Medium,Blocked,2025-03-05
T00732,P0101,E00223,Beat partner relationship down project grow.,Medium,Completed,2025-07-26
T00733,P0088,E00380,Firm power garden send while sell.,High,Completed,2024-11-09
T00734,P0117,E00475,And message star fly follow father another describe.,Low,Blocked,2024-11-27
T00735,P0176,E00093,Spring finally inside partner sure life.,Medium,Blocked,2025-04-14
T00736,P0142,E00062,Technology improve news paper inside out.,Low,Blocked,2024-10-10
T00737,P0034,E00089,Candidate become anyone little can field themselves.,Low,Open,2025-09-24
T00738,P0091,E00402,Yard sound raise.,Medium,In Progress,2025-09-23
T00739,P0186,E00046,Go try maybe program step pick middle.,Low,Completed,2024-10-22
T00740,P0170,E00199,Big nearly situation school.,Low,In Progress,2024-10-16
T00741,P0139,E00050,Card price indeed game information point performance.,High,Open,2025-07-17
T00742,P0089,E00494,Ahead stock loss always discussion control.,Medium,Completed,2025-01-08
T00743,P0190,E00414,Computer eye girl American if.,Low,Completed,2025-04-15
T00744,P0010,E00100,Rate guy campaign near speech surface high.,High,In Progress,2025-08-03
T00745,P0050,E00059,Direction represent course put.,High,Blocked,2025-06-25
T00746,P0073,E00418,Whose since draw gas hundred heavy.,High,Blocked,2024-10-30
T00747,P0094,E00321,Describe nothing tree.,Low,Blocked,2025-09-25
T00748,P0107,E00292,Artist themselves half forward.,Medium,In Progress,2025-01-22
T00749,P0195,E00449,Live month husband cold city study.,Medium,Open,2024-12-22
T00750,P0031,E00073,Political spring dinner and agent.,Low,In Progress,2025-05-11
T00751,P0088,E00178,Instead debate example country themselves.,Low,In Progress,2024-10-15
T00752,P0060,E00140,Far exactly west.,Low,Open,2025-01-16
T00753,P0198,E00043,Teacher bit color seek.,Low,Open,2025-09-30
T00754,P0141,E00295,Resource ground each notice.,Low,Blocked,2025-01-12
T00755,P0073,E00140,Remember simple police class just.,High,Completed,2024-12-10
T00756,P0150,E00175,List current race let chance off modern.,Medium,Completed,2025-07-22
T00757,P0194,E00500,Customer become blue foreign western practice five ten.,Medium,Completed,2025-09-13
T00758,P0169,E00074,Husband he this.,Medium,Completed,2025-06-11
T00759,P0007,E00297,Son newspaper above loss.,High,Open,2025-07-04
T00760,P0023,E00467,Government too else air.,Medium,Open,2025-03-19
T00761,P0033,E00282,Today able I camera mention support.,High,Completed,2025-01-12
T00762,P0105,E00036,Pattern bed evidence protect Republican.,High,Open,2025-10-01
T00763,P0141,E00293,Candidate energy resource could policy hundred baby.,Low,Open,2024-11-20
T00764,P0035,E00151,Improve eat cause democratic approach.,High,Blocked,2025-03-20
T00765,P0122,E00403,Base study build plan.,Medium,Blocked,2025-03-18
T00766,P0171,E00292,Appear according eye early nation.,High,In Progress,2025-01-21
T00767,P0065,E00156,How drive yeah wind.,High,Completed,2025-07-21
T00768,P0167,E00190,Yeah long group car ground coach produce available.,High,Blocked,2025-02-25
T00769,P0061,E00067,Kitchen report notice our network individual.,Low,Completed,2025-02-25
T00770,P0144,E00077,Owner mean out article.,Low,Open,2025-04-14
T00771,P0080,E00289,Worry collection focus decide important.,High,In Progress,2025-03-12
T00772,P0028,E00497,Government wind economy speak force seven.,Medium,Completed,2024-10-24
T00773,P0157,E00034,Pay nearly crime cause.,High,Blocked,2024-11-14
T00774,P0091,E00465,Page everyone six eat window line structure.,Low,Completed,2025-07-24
T00775,P0134,E00047,One onto lawyer sure professional perhaps son.,Medium,In Progress,2025-02-21
T00776,P0040,E00025,Man analysis world structure sign economy allow clear.,Medium,Blocked,2025-03-29
T00777,P0036,E00223,Too expect play Mr particularly.,Low,Open,2024-12-20
T00778,P0157,E00466,Sure condition simple myself short.,Low,Open,2024-12-21
T00779,P0093,E00054,Office much assume training model network.,Low,In Progress,2025-02-13
T00780,P0177,E00106,Technology example age major throughout.,Medium,Blocked,2025-02-18
T00781,P0150,E00406,Instead choice raise first.,Low,Open,2025-06-26
T00782,P0162,E00457,Beyond put that while similar trip major between.,Medium,Blocked,2025-05-06
T00783,P0107,E00301,Manager simple four attention cold relationship.,Medium,Blocked,2025-06-03
T00784,P0114,E00232,Note budget while write purpose risk.,Low,Open,2025-05-06
T00785,P0192,E00354,Evening share information only hotel federal administration population.,Low,In Progress,2025-04-24
T00786,P0180,E00127,Remember short behavior behind nearly.,Low,Open,2024-10-13
T00787,P0192,E00274,Spend market operation few civil morning.,Low,Open,2025-03-07
T00788,P0146,E00375,Eight message myself long but when per.,High,Open,2025-04-19
T00789,P0146,E00021,Success boy environmental likely stage son such.,Medium,Blocked,2025-09-15
T00790,P0158,E00456,Respond available toward though.,Low,Open,2024-10-17
T00791,P0020,E00337,Think near her.,High,Open,2025-01-07
T00792,P0026,E00269,Edge account may pass space than citizen analysis.,Low,In Progress,2024-12-10
T00793,P0112,E00239,Nearly begin choice especially.,Low,Blocked,2025-03-06
T00794,P0155,E00197,Factor under reason government agent.,High,Completed,2025-04-13
T00795,P0195,E00124,New but age administration.,Low,Blocked,2025-03-03
T00796,P0106,E00166,History art ask form two agreement special.,Medium,Completed,2024-10-29
T00797,P0169,E00416,Return apply drop market quite according so.,Medium,Open,2024-11-21
T00798,P0168,E00383,Play somebody employee several.,High,Blocked,2025-10-03
T00799,P0028,E00068,Allow down strategy inside hour exactly.,Medium,Completed,2025-10-03
T00800,P0051,E00230,Herself old dog clearly race line.,High,Blocked,2025-03-24
T00801,P0083,E00083,Part number choose work.,High,In Progress,2025-02-14
T00802,P0057,E00346,Career quickly wonder race phone during oil me.,High,In Progress,2025-08-26
T00803,P0084,E00085,Middle claim beyond mind.,Medium,In Progress,2025-01-04
T00804,P0081,E00183,Agent ready among industry cold.,Low,Completed,2024-12-15
T00805,P0077,E00447,Theory story town cost upon role everybody training.,Low,Completed,2025-07-11
T00806,P0018,E00234,Standard near west job during.,Medium,Open,2025-08-26
T00807,P0170,E00268,Life order another inside mention base Republican.,High,Open,2025-03-01
T00808,P0055,E00149,Other what song feeling.,High,Open,2025-02-02
T00809,P0141,E00463,Thus process seven check.,Medium,In Progress,2024-12-03
T00810,P0129,E00161,Seek box score level national concern.,Medium,Completed,2025-06-29
T00811,P0196,E00102,General question early while.,Low,In Progress,2025-04-25
T00812,P0160,E00192,Trip director try budget recognize theory way really.,Low,Blocked,2025-02-10
T00813,P0043,E00420,Write choice top out appear arrive court.,Low,Completed,2025-08-27
T00814,P0141,E00117,Sport fall every response represent likely.,High,Blocked,2025-08-12
T00815,P0178,E00329,Option song by agreement provide.,Medium,In Progress,2025-05-30
T00816,P0170,E00344,Down top listen learn yeah two.,Medium,Blocked,2024-11-02
T00817,P0004,E00031,Mission information from add.,Low,In Progress,2025-09-03
T00818,P0007,E00478,Rate speech that policy teach listen.,Low,Blocked,2025-07-01
T00819,P0163,E00413,View decide two note put.,Low,Blocked,2025-07-17
T00820,P0147,E00004,Bag Mrs task open career show why.,High,Blocked,2024-10-26
T00821,P0152,E00105,Arm he get their ready else wife.,Medium,Open,2025-05-02
T00822,P0153,E00044,Wide help century should glass far course.,Low,Open,2025-03-14
T00823,P0042,E00168,Impact apply focus court rest kind often.,Low,In Progress,2025-09-29
T00824,P0028,E00258,Reality catch store let so.,Low,Completed,2024-11-01
T00825,P0089,E00276,Near stuff leader option assume official director.,Medium,In Progress,2024-11-23
T00826,P0136,E00369,Trip painting protect dream simple.,Medium,Blocked,2025-08-14
T00827,P0037,E00003,Ground concern middle relate.,High,Blocked,2025-09-09
T00828,P0174,E00112,City us political government.,Low,Blocked,2025-04-23
T00829,P0026,E00008,East answer market discuss.,High,Blocked,2025-08-21
T00830,P0045,E00123,Black outside whose fish.,Medium,Completed,2025-01-31
T00831,P0075,E00286,Room conference suggest lawyer future lay road.,Medium,Open,2025-02-16
T00832,P0031,E00256,Surface actually mind pressure.,Medium,In Progress,2025-04-23
T00833,P0187,E00052,Board later remain appear individual blue.,High,Completed,2025-03-23
T00834,P0192,E00021,Let article first.,Medium,Open,2025-04-30
T00835,P0111,E00013,Financial down ago force course day.,Medium,Blocked,2025-03-31
T00836,P0092,E00153,With court store.,Medium,Open,2024-11-26
T00837,P0076,E00274,Pretty material use unit cost recent.,Medium,Blocked,2025-02-25
T00838,P0014,E00386,Nearly per chair effect.,Low,Completed,2025-05-13
T00839,P0135,E00036,Visit health campaign purpose design factor.,Medium,In Progress,2025-02-22
T00840,P0051,E00149,Wait leg skin color.,High,In Progress,2025-09-02
T00841,P0169,E00272,Rich improve everything black.,Low,In Progress,2025-07-17
T00842,P0077,E00094,Through see same answer without side question.,High,Blocked,2025-09-29
T00843,P0094,E00151,Arm choose produce amount may.,Medium,Open,2024-12-29
T00844,P0092,E00007,Meeting exactly decision behind.,High,In Progress,2025-05-17
T00845,P0198,E00247,Lawyer shoulder practice.,Medium,Open,2025-02-25
T00846,P0190,E00473,Trouble peace news western above indeed action.,Medium,In Progress,2025-05-26
T00847,P0102,E00097,Student ever either office.,High,Blocked,2025-04-23
T00848,P0127,E00296,Pay various part occur former throw.,Medium,Blocked,2025-02-18
T00849,P0114,E00205,Father forward forget serious describe.,Low,In Progress,2025-01-12
T00850,P0127,E00094,End issue magazine move street catch.,High,Completed,2025-10-04
T00851,P0047,E00117,Eye large debate state list.,Medium,In Progress,2025-04-10
T00852,P0106,E00247,Many because ready people today we.,High,Open,2025-04-02
T00853,P0006,E00076,Peace learn through seven alone actually safe.,Low,In Progress,2025-06-18
T00854,P0192,E00110,Reveal line investment.,Low,Open,2025-01-06
T00855,P0051,E00104,Eye take our popular travel democratic employee.,Low,Blocked,2025-04-30
T00856,P0077,E00231,Agent worker series position tax apply.,High,Completed,2025-09-03
T00857,P0104,E00132,Year many democratic career especially mother.,Medium,Blocked,2024-11-01
T00858,P0107,E00058,Middle late common cultural chair necessary avoid.,High,Blocked,2025-10-01
T00859,P0165,E00323,The quite much hospital.,Medium,Blocked,2024-10-24
T00860,P0012,E00095,Suggest citizen choice clearly Mrs center world.,Low,Open,2025-03-20
T00861,P0042,E00397,Show environment reduce.,High,Open,2025-04-24
T00862,P0186,E00236,Key city go old entire.,Low,Completed,2025-03-28
T00863,P0133,E00290,Them night remain the particularly outside.,Medium,Blocked,2025-07-21
T00864,P0155,E00196,Toward experience sign measure stock who.,High,Blocked,2024-12-06
T00865,P0058,E00110,Role smile again movement phone join rather.,High,Open,2025-07-31
T00866,P0110,E00326,Grow gas behind fish bed responsibility sometimes report.,Medium,Completed,2025-08-24
T00867,P0153,E00106,Financial place this window machine.,High,In Progress,2024-11-23
T00868,P0124,E00041,Suddenly field traditional success not coach data.,Low,Open,2025-03-31
T00869,P0132,E00248,Name describe travel art.,Medium,Open,2025-06-22
T00870,P0078,E00061,American course change claim myself bit.,Low,Open,2024-10-26
T00871,P0066,E00016,Discuss military involve term.,High,Blocked,2025-03-29
T00872,P0187,E00005,News side water front issue.,Low,In Progress,2025-01-24
T00873,P0037,E00477,Against grow those need upon bank parent stage.,Low,Completed,2025-04-18
T00874,P0083,E00496,Sea note mouth hear wish along plant edge.,Medium,In Progress,2025-07-28
T00875,P0090,E00439,Mission expert produce just already decide.,High,Open,2025-08-14
T00876,P0049,E00067,Education able hundred kitchen send young region.,Medium,Completed,2024-10-20
T00877,P0138,E00128,Religious car teacher each.,Medium,Open,2025-05-16
T00878,P0147,E00100,Network either wall attorney collection pattern.,High,Open,2025-07-23
T00879,P0052,E00363,Including chair author great so computer.,Low,Blocked,2025-02-24
T00880,P0112,E00327,Attorney agreement staff find six tough public.,High,Completed,2025-06-03
T00881,P0128,E00148,Church college gas truth Democrat.,High,In Progress,2025-09-11
T00882,P0068,E00122,Ability Mrs thus agent mission feel enter wish.,High,Completed,2025-05-22
T00883,P0014,E00455,Stand sit hot soon long door room.,High,Open,2024-11-17
T00884,P0098,E00162,Exactly per ground avoid heavy bill.,Medium,In Progress,2025-06-08
T00885,P0153,E00289,Call heart however life.,Medium,In Progress,2024-12-24
T00886,P0187,E00324,Admit fund save program fact cell.,Medium,In Progress,2025-04-05
T00887,P0047,E00303,Parent technology increase head life.,High,Blocked,2025-07-09
T00888,P0179,E00176,Color talk say speech.,High,In Progress,2025-03-09
T00889,P0017,E00487,Make drive fight book often final.,Low,Completed,2025-03-27
T00890,P0102,E00373,Claim other position truth modern spring yet.,Low,In Progress,2024-10-07
T00891,P0017,E00467,There dream class gas.,Low,Completed,2025-05-10
T00892,P0094,E00269,Future detail opportunity room skill pass sometimes.,High,In Progress,2025-06-06
T00893,P0109,E00072,We themselves process dinner.,Low,Blocked,2025-07-24
T00894,P0181,E00325,Baby nor beyond important.,Medium,Blocked,2025-03-06
T00895,P0145,E00240,Really table money policy.,Medium,Open,2025-08-21
T00896,P0082,E00483,Report forget build sing.,Low,Open,2025-07-10
T00897,P0045,E00354,Your ago beyond country mouth.,High,In Progress,2025-04-23
T00898,P0019,E00155,Reflect land south side.,Medium,Open,2024-10-18
T00899,P0119,E00030,Whether young decade follow reduce who determine.,Low,Completed,2024-10-06
T00900,P0139,E00369,Whether window particularly its present successful question.,Medium,Completed,2025-08-14
T00901,P0179,E00332,Church fill woman name herself describe.,Medium,Open,2025-04-12
T00902,P0051,E00095,Claim his agree air.,Medium,Completed,2025-03-21
T00903,P0166,E00256,Fire from big base practice.,High,Completed,2024-10-12
T00904,P0183,E00480,Finally talk indeed thought early tough bag.,Medium,Open,2024-12-03
T00905,P0123,E00158,Town work large simple since plant east.,Low,Blocked,2025-05-13
T00906,P0005,E00142,Sport also world less.,Low,In Progress,2024-12-31
T00907,P0164,E00153,Mrs civil art dog size pay series.,High,In Progress,2025-05-22
T00908,P0076,E00218,Science forget mean view.,High,Blocked,2025-05-02
T00909,P0066,E00192,What beautiful mind speech beat then manager wide.,Medium,Open,2024-10-23
T00910,P0151,E00056,Newspaper resource among when your as top foot.,High,Completed,2025-05-03
T00911,P0026,E00198,Model oil career.,High,Completed,2025-08-07
T00912,P0127,E00377,Organization rate quickly if.,Low,Open,2025-06-29
T00913,P0065,E00165,Attack him attention garden wind why quality.,Medium,In Progress,2025-04-15
T00914,P0150,E00274,Sort its if stuff recognize garden political.,High,Blocked,2024-12-13
T00915,P0170,E00120,Agree speech everybody.,Medium,Open,2025-06-23
T00916,P0124,E00297,The risk stand since force wall bank loss.,High,Open,2024-11-15
T00917,P0187,E00331,Listen door establish west hard itself.,Low,Open,2024-10-05
T00918,P0045,E00069,Tv stay mission wrong nor west attention.,Low,Completed,2025-03-21
T00919,P0022,E00101,End sense all seek ok especially same nice.,High,Completed,2025-09-14
T00920,P0119,E00408,Voice occur open look effect degree should.,High,Blocked,2025-09-09
T00921,P0151,E00162,Necessary loss open keep quality glass.,High,Completed,2025-04-04
T00922,P0143,E00033,Note until top produce.,Medium,Open,2025-01-18
T00923,P0084,E00261,Through soon idea security.,Low,Blocked,2025-03-02
T00924,P0156,E00420,Usually upon range blue.,High,In Progress,2025-01-02
T00925,P0072,E00399,Building despite eye believe.,Medium,Open,2025-01-23
T00926,P0174,E00374,Man drop beautiful before.,Medium,Open,2025-04-06
T00927,P0141,E00411,Lot year able dream suffer.,Low,In Progress,2024-12-21
T00928,P0159,E00025,News young concern store player top food wall.,Low,Open,2025-08-18
T00929,P0111,E00185,Amount model unit fear thousand while.,Medium,Open,2025-08-21
T00930,P0164,E00468,From same matter mouth try.,Medium,Completed,2025-08-30
T00931,P0011,E00395,Answer allow share sister night street career.,Medium,Completed,2025-05-18
T00932,P0172,E00008,Serious particularly few all.,Medium,Completed,2024-10-22
T00933,P0154,E00126,My after body catch future feeling.,Low,Open,2024-12-12
T00934,P0151,E00393,How staff ball return charge.,Medium,Blocked,2025-09-19
T00935,P0199,E00300,Tough crime involve no.,High,Open,2024-12-19
T00936,P0150,E00057,Shoulder door police two conference.,Medium,In Progress,2025-03-29
T00937,P0053,E00261,Hair light degree we.,Medium,Completed,2025-05-24
T00938,P0189,E00342,Keep simple among walk dark base somebody.,Medium,Blocked,2025-09-12
T00939,P0193,E00440,Quite standard dog tell under move.,High,In Progress,2025-05-11
T00940,P0065,E00172,Pretty nature cultural look seven reveal home in.,Low,Open,2025-07-27
T00941,P0012,E00071,Political interest eight order color test successful order.,Medium,Completed,2025-09-21
T00942,P0009,E00374,Expect only around late newspaper itself.,Medium,Blocked,2025-05-02
T00943,P0090,E00479,Interview century meet research.,Low,In Progress,2025-09-30
T00944,P0081,E00402,Off religious huge bag glass.,High,Blocked,2025-05-01
T00945,P0141,E00276,Agree maintain realize can thought most note.,Medium,Open,2025-06-23
T00946,P0058,E00306,Adult finish low human bit sister.,Low,Blocked,2025-07-01
T00947,P0088,E00474,General place gas pick.,Low,In Progress,2025-02-02
T00948,P0073,E00091,Meet grow night practice present size.,Medium,Completed,2025-05-06
T00949,P0123,E00336,Gas rock sing watch appear worker around most.,Medium,Completed,2025-01-07
T00950,P0148,E00163,Hard next fear authority throughout trouble.,Medium,Completed,2025-07-01
T00951,P0072,E00203,Particularly brother market green.,High,Open,2025-04-26
T00952,P0120,E00270,Simply space throw sing nice year yard.,Medium,In Progress,2025-03-31
T00953,P0184,E00358,Whether dream after speech message tax church.,High,Open,2025-01-23
T00954,P0167,E00169,Speak hard task activity beyond sit.,Medium,Blocked,2025-07-31
T00955,P0128,E00466,Serious early spend without off guy.,Low,In Progress,2025-01-10
T00956,P0001,E00244,Raise public big some reduce image.,Low,Completed,2025-03-14
T00957,P0040,E00070,Economy realize meet kind natural determine include.,Medium,Completed,2025-05-15
T00958,P0137,E00128,Trade get executive away in memory beat house.,Low,In Progress,2025-09-20
T00959,P0079,E00132,Soldier teach third career decade.,High,Open,2025-01-09
T00960,P0143,E00187,Interest detail different race PM.,Medium,Completed,2025-03-31
T00961,P0179,E00051,Lose live choice.,Medium,Open,2025-10-04
T00962,P0065,E00065,Analysis too view southern organization clear almost outside.,Medium,Open,2025-03-16
T00963,P0118,E00308,Make bar model west especially threat.,Low,In Progress,2024-11-19
T00964,P0013,E00218,Already actually reality scientist price hundred.,Low,Completed,2024-11-27
T00965,P0008,E00029,Alone compare likely artist.,Low,Open,2024-11-21
T00966,P0080,E00465,Operation television none federal.,Low,Blocked,2025-09-03
T00967,P0176,E00380,Final natural science skill.,High,In Progress,2025-06-15
T00968,P0069,E00196,Crime second force property career leave measure.,Medium,Open,2025-07-25
T00969,P0059,E00284,Else economy pressure wonder near manage nearly surface.,Medium,Open,2024-12-23
T00970,P0090,E00470,Option our require teacher reach.,Medium,In Progress,2024-12-26
T00971,P0123,E00182,Question Mr speech forget.,Low,Blocked,2024-10-20
T00972,P0149,E00128,Door environmental central report though edge.,Low,In Progress,2025-08-07
T00973,P0084,E00417,Nearly including popular between understand participant.,Low,In Progress,2025-09-19
T00974,P0069,E00309,Situation require pattern value idea.,Medium,Blocked,2024-12-01
T00975,P0022,E00403,Position modern price color everybody since cause buy.,Low,Blocked,2025-09-23
T00976,P0177,E00233,Door reveal month buy leave service.,Low,In Progress,2025-09-09
T00977,P0101,E00049,Read arrive computer build box media dark do.,Low,Open,2025-04-08
T00978,P0119,E00287,Western voice special break fact.,High,Open,2025-08-14
T00979,P0003,E00093,Several move focus.,Medium,In Progress,2025-04-06
T00980,P0079,E00379,Tonight whom site letter human ground only.,Low,In Progress,2025-07-27
T00981,P0007,E00201,Finally economy fish nearly.,Medium,Open,2024-10-06
T00982,P0073,E00384,City father let agreement official technology sort old.,Medium,In Progress,2024-12-23
T00983,P0060,E00226,Writer trade would their process stay skill.,Medium,Blocked,2025-06-28
T00984,P0093,E00467,Local century again check one ready floor marriage.,Low,Completed,2024-10-29
T00985,P0158,E00458,Affect factor over phone part.,Low,Open,2024-11-07
T00986,P0167,E00072,Issue become woman.,High,Open,2025-04-25
T00987,P0153,E00382,Shake power local idea.,Low,Completed,2025-06-10
T00988,P0049,E00174,Action home available interest consumer recently.,Medium,Completed,2025-04-06
T00989,P0046,E00048,Effort few record lot company.,High,Open,2025-04-06
T00990,P0021,E00442,Watch around take serious single.,High,In Progress,2025-06-25
T00991,P0116,E00232,Service ask if less coach use.,High,In Progress,2025-05-09
T00992,P0006,E00041,Take none also.,Low,Open,2025-09-04
T00993,P0033,E00439,Account husband now identify.,Low,Completed,2025-02-21
T00994,P0113,E00177,White management some notice meet small.,High,In Progress,2025-06-23
T00995,P0054,E00189,Else police political who.,Medium,In Progress,2024-12-15
T00996,P0195,E00460,By red trouble provide itself right.,Medium,Blocked,2024-12-19
T00997,P0118,E00480,Generation later tough must.,High,In Progress,2024-11-14
T00998,P0126,E00009,Service why rise wonder.,High,In Progress,2025-05-07
T00999,P0022,E00046,Against image financial.,High,Completed,2025-03-04
T01000,P0118,E00227,Bank Mrs and hold avoid cut.,Medium,In Progress,2025-08-04
